999,0.0,0,82.77444458007812,5235.99,1,6,147.78975,0.7880222,0.06691517,0.0027337857,0.294575,0.0112497,STRAIGHT,0.03697960325080267,39.465057,0.0,0.0
2026-08-04T12:40:23+0200,0,0,-0.982,3598.45,0.0,-0.009130449965596199,-0.003029880113899708,0.003182089887559414,5235.99,0,100.0,0.0,0.333439,0.00822276,0.0,MEDIUM_LEFT,62.02669906616211,0.15411238786404682,86.31558,4,7.0,0.55,18.0,0.034634642,0.47408658,0.0,1,False,0.03463464230298996,0.47408658266067505,0.0,1,0,5.70304,12.6267,22.455,140.486,90.9268,77.357,71.6721,67.3518,64.5773,62.0267,59.6744,57.4982,54.7119,51.8501,47.2417,40.0655,31.0431,22.7658,11.2227
2026-08-04T12:40:23+0200,1,0,-0.962,3598.45,0.0,-0.009130449965596199,-0.003029880113899708,0.003182089887559414,5306.84,0,99.9998,0.0,0.333439,0.00822276,0.0,MEDIUM_LEFT,62.02669906616211,0.15411238786404682,86.31558,4,7.0,0.55,18.0,0.057147164,0.4634134,0.0,1,False,0.05714716389775276,0.46341338753700256,0.0,1,0,5.70304,12.6267,22.455,140.486,90.9268,77.357,71.6721,67.3518,64.5773,62.0267,59.6744,57.4982,54.7119,51.8501,47.2417,40.0655,31.0431,22.7658,11.2227
2026-08-04T12:40:23+0200,2,0,-0.942,3598.45,0.0,-0.009130449965596199,-0.003029880113899708,0.003182089887559414,5376.95,0,99.9997,0.0,0.333439,0.00822276,0.0,MEDIUM_LEFT,62.02669906616211,0.15411238786404682,86.31558,4,7.0,0.55,18.0,0.0717803,0.4564758,0.0,1,False,0.07178030163049698,0.45647579431533813,0.0,1,0,5.70304,12.6267,22.455,140.486,90.9268,77.357,71.6721,67.3518,64.5773,62.0267,59.6744,57.4982,54.7119,51.8501,47.2417,40.0655,31.0431,22.7658,11.2227
2026-08-04T12:40:23+0200,3,0,-0.922,3598.45,0.0,-0.009130449965596199,-0.003029880113899708,0.003182089887559414,5446.87,0,99.9995,0.0,0.333439,0.00822276,0.0,MEDIUM_LEFT,62.02669906616211,0.15411238786404682,86.31558,4,7.0,0.55,18.0,0.08129184,0.45196638,0.0,1,False,0.08129183948040009,0.45196637511253357,0.0,1,0,5.70304,12.6267,22.455,140.486,90.9268,77.357,71.6721,67.3518,64.5773,62.0267,59.6744,57.4982,54.7119,51.8501,47.2417,40.0655,31.0431,22.7658,11.2227
2026-08-04T12:40:23+0200,4,0,-0.902,3598.45,0.0,-0.009130449965596199,-0.003029880113899708,0.003182089887559414,5517.04,0,99.9994,0.0,0.333439,0.00822276,0.0,MEDIUM_LEFT,62.02669906616211,0.15411238786404682,86.31558,4,7.0,0.55,18.0,0.08747434,0.44903523,0.0,1,False,0.08747433871030807,0.4490352272987366,0.0,1,0,5.70304,12.6267,22.455,140.486,90.9268,77.357,71.6721,67.3518,64.5773,62.0267,59.6744,57.4982,54.7119,51.8501,47.2417,40.0655,31.0431,22.7658,11.2227
2026-08-04T12:40:23+0200,5,0,-0.882,3598.45,0.0,-0.009130449965596199,-0.003029880113899708,0.003182089887559414,5587.61,0,99.9992,0.0,0.333439,0.00822276,0.0,MEDIUM_LEFT,62.02669906616211,0.15411238786404682,86.31558,4,7.0,0.55,18.0,0.091492966,0.44713002,0.0,1,False,0.09149296581745148,0.447130024433136,0.0,1,0,5.70304,12.6267,22.455,140.486,90.9268,77.357,71.6721,67.3518,64.5773,62.0267,59.6744,57.4982,54.7119,51.8501,47.2417,40.0655,31.0431,22.7658,11.2227
2026-08-04T12:40:23+0200,6,0,-0.862,3598.45,0.0,-0.009130449965596199,-0.003029880113899708,0.003182089887559414,5658.71,0,99.9991,0.0,0.333439,0.00822276,0.0,MEDIUM_LEFT,62.02669906616211,0.15411238786404682,86.31558,4,7.0,0.55,18.0,0.09410507,0.44589162,0.0,1,False,0.0941050723195076,0.4458916187286377,0.0,1,0,5.70304,12.6267,22.455,140.486,90.9268,77.357,71.6721,67.3518,64.5773,62.0267,59.6744,57.4982,54.7119,51.8501,47.2417,40.0655,31.0431,22.7658,11.2227
2026-08-04T12:40:23+0200,7,0,-0.842,3598.45,0.0,-0.009130449965596199,-0.003029880113899708,0.003182089887559414,5730.51,0,99.9989,0.0,0.333439,0.00822276,0.0,MEDIUM_LEFT,62.02669906616211,0.15411238786404682,86.31558,4,7.0,0.55,18.0,0.09580294,0.44508663,0.0,1,False,0.09580294042825699,0.44508662819862366,0.0,1,0,5.70304,12.6267,22.455,140.486,90.9268,77.357,71.6721,67.3518,64.5773,62.0267,59.6744,57.4982,54.7119,51.8501,47.2417,40.0655,31.0431,22.7658,11.2227
2026-08-04T12:40:23+0200,8,0,-0.822,3598.45,0.0,-0.009130449965596199,-0.003029880113899708,0.003182089887559414,5803.01,0,99.9988,0.0,0.333439,0.00822276,0.0,MEDIUM_LEFT,62.02669906616211,0.15411238786404682,86.31558,4,7.0,0.55,18.0,0.09690656,0.44456342,0.0,1,False,0.09690655767917633,0.4445634186267853,0.0,1,0,5.70304,12.6267,22.455,140.486,90.9268,77.357,71.6721,67.3518,64.5773,62.0267,59.6744,57.4982,54.7119,51.8501,47.2417,40.0655,31.0431,22.7658,11.2227
2026-08-04T12:40:23+0200,9,0,-0.802,3598.45,0.0,-0.009130449965596199,-0.003029880113899708,0.003182089887559414,5876.37,0,99.9986,0.0,0.333439,0.00822276,0.0,MEDIUM_LEFT,62.02669906616211,0.15411238786404682,86.31558,4,7.0,0.55,18.0,0.09762391,0.44422334,0.0,1,False,0.09762390702962875,0.4442233443260193,0.0,1,0,5.70304,12.6267,22.455,140.486,90.9268,77.357,71.6721,67.3518,64.5773,62.0267,59.6744,57.4982,54.7119,51.8501,47.2417,40.0655,31.0431,22.7658,11.2227
2026-08-04T12:40:23+0200,10,0,-0.782,3598.45,0.0,-0.009130449965596199,-0.003029880113899708,0.003182089887559414,5950.43,0,99.9985,0.0,0.333439,0.00822276,0.0,MEDIUM_LEFT,62.02669906616211,0.15411238786404682,86.31558,4,7.0,0.55,18.0,0.09809018,0.44400227,0.0,1,False,0.09809017926454544,0.44400227069854736,0.0,1,0,5.70304,12.6267,22.455,140.486,90.9268,77.357,71.6721,67.3518,64.5773,62.0267,59.6744,57.4982,54.7119,51.8501,47.2417,40.0655,31.0431,22.7658,11.2227
2026-08-04T12:40:23+0200,11,0,-0.762,3598.45,0.0,-0.009130449965596199,-0.003029880113899708,0.003182089887559414,6025.37,0,99.9983,0.0,0.333439,0.00822276,0.0,MEDIUM_LEFT,62.02669906616211,0.15411238786404682,86.31558,4,7.0,0.55,18.0,0.09839326,0.44385856,0.0,1,False,0.0983932614326477,0.4438585638999939,0.0,1,0,5.70304,12.6267,22.455,140.486,90.9268,77.357,71.6721,67.3518,64.5773,62.0267,59.6744,57.4982,54.7119,51.8501,47.2417,40.0655,31.0431,22.7658,11.2227
2026-08-04T12:40:23+0200,12,0,-0.742,3598.45,0.0,-0.009130449965596199,-0.003029880113899708,0.003182089887559414,6101.18,0,99.9982,0.0,0.333439,0.00822276,0.0,MEDIUM_LEFT,62.02669906616211,0.15411238786404682,86.31558,4,7.0,0.55,18.0,0.09859026,0.4437652,0.0,1,False,0.09859026223421097,0.44376519322395325,0.0,1,0,5.70304,12.6267,22.455,140.486,90.9268,77.357,71.6721,67.3518,64.5773,62.0267,59.6744,57.4982,54.7119,51.8501,47.2417,40.0655,31.0431,22.7658,11.2227
2026-08-04T12:40:23+0200,13,0,-0.722,3598.45,0.0,-0.009130449965596199,-0.003029880113899708,0.003182089887559414,6177.88,0,99.998,0.0,0.333439,0.00822276,0.0,MEDIUM_LEFT,62.02669906616211,0.15411238786404682,86.31558,4,7.0,0.55,18.0,0.098718315,0.44370446,0.0,1,False,0.0987183153629303,0.4437044560909271,0.0,1,0,5.70304,12.6267,22.455,140.486,90.9268,77.357,71.6721,67.3518,64.5773,62.0267,59.6744,57.4982,54.7119,51.8501,47.2417,40.0655,31.0431,22.7658,11.2227
2026-08-04T12:40:23+0200,14,0,-0.702,3598.45,0.0,-0.009130449965596199,-0.003029880113899708,0.003182089887559414,6255.48,0,99.9979,0.0,0.333439,0.00822276,0.0,MEDIUM_LEFT,62.02669906616211,0.15411238786404682,86.31558,4,7.0,0.55,18.0,0.098801546,0.443665,0.0,1,False,0.09880154579877853,0.4436649978160858,0.0,1,0,5.70304,12.6267,22.455,140.486,90.9268,77.357,71.6721,67.3518,64.5773,62.0267,59.6744,57.4982,54.7119,51.8501,47.2417,40.0655,31.0431,22.7658,11.2227
2026-08-04T12:40:23+0200,15,0,-0.682,3598.45,0.0,-0.009130449965596199,-0.003029880113899708,0.003182089887559414,6333.97,0,99.9977,0.0,0.333439,0.00822276,0.0,MEDIUM_LEFT,62.02669906616211,0.15411238786404682,86.31558,4,7.0,0.55,18.0,0.098855644,0.44363934,0.0,1,False,0.0988556444644928,0.44363933801651,0.0,1,0,5.70304,12.6267,22.455,140.486,90.9268,77.357,71.6721,67.3518,64.5773,62.0267,59.6744,57.4982,54.7119,51.8501,47.2417,40.0655,31.0431,22.7658,11.2227
2026-08-04T12:40:23+0200,16,0,-0.662,3598.45,0.0,-0.009130449965596199,-0.003029880113899708,0.003182089887559414,6413.37,0,99.9976,0.0,0.333439,0.00822276,0.0,MEDIUM_LEFT,62.02669906616211,0.15411238786404682,86.31558,4,7.0,0.55,18.0,0.09889081,0.44362268,0.0,1,False,0.09889081120491028,0.4436226785182953,0.0,1,0,5.70304,12.6267,22.455,140.486,90.9268,77.357,71.6721,67.3518,64.5773,62.0267,59.6744,57.4982,54.7119,51.8501,47.2417,40.0655,31.0431,22.7658,11.2227
2026-08-04T12:40:23+0200,17,0,-0.642,3598.45,0.0,-0.009130449965596199,-0.003029880113899708,0.003182089887559414,6493.67,0,99.9974,0.0,0.333439,0.00822276,0.0,MEDIUM_LEFT,62.02669906616211,0.15411238786404682,86.31558,4,7.0,0.55,18.0,0.09891367,0.44361186,0.0,1,False,0.09891366958618164,0.44361186027526855,0.0,1,0,5.70304,12.6267,22.455,140.486,90.9268,77.357,71.6721,67.3518,64.5773,62.0267,59.6744,57.4982,54.7119,51.8501,47.2417,40.0655,31.0431,22.7658,11.2227
2026-08-04T12:40:23+0200,18,0,-0.622,3598.45,0.0,-0.009130449965596199,-0.003029880113899708,0.003182089887559414,6574.9,0,99.9973,0.0,0.333439,0.00822276,0.0,MEDIUM_LEFT,62.02669906616211,0.15411238786404682,86.31558,4,7.0,0.55,18.0,0.098928526,0.4436048,0.0,1,False,0.0989285260438919,0.44360479712486267,0.0,1,0,5.70304,12.6267,22.455,140.486,90.9268,77.357,71.6721,67.3518,64.5773,62.0267,59.6744,57.4982,54.7119,51.8501,47.2417,40.0655,31.0431,22.7658,11.2227
2026-08-04T12:40:23+0200,19,0,-0.602,3598.45,0.0,-0.009130449965596199,-0.003029880113899708,0.003182089887559414,6657.04,0,99.9971,0.0,0.333439,0.00822276,0.0,MEDIUM_LEFT,62.02669906616211,0.15411238786404682,86.31558,4,7.0,0.55,18.0,0.09893818,0.44360024,0.0,1,False,0.09893818199634552,0.44360023736953735,0.0,1,0,5.70304,12.6267,22.455,140.486,90.9268,77.357,71.6721,67.3518,64.5773,62.0267,59.6744,57.4982,54.7119,51.8501,47.2417,40.0655,31.0431,22.7658,11.2227
2026-08-04T12:40:23+0200,20,0,-0.582,3598.45,0.0,-0.009130449965596199,-0.003029880113899708,0.003182089887559414,6740.11,0,99.9969,0.0,0.333439,0.00822276,0.0,MEDIUM_LEFT,62.02669906616211,0.15411238786404682,86.31558,4,7.0,0.55,18.0,0.09894446,0.44359723,0.0,1,False,0.09894446283578873,0.4435972273349762,0.0,1,0,5.70304,12.6267,22.455,140.486,90.9268,77.357,71.6721,67.3518,64.5773,62.0267,59.6744,57.4982,54.7119,51.8501,47.2417,40.0655,31.0431,22.7658,11.2227
2026-08-04T12:40:23+0200,21,0,-0.562,3598.45,0.0,-0.009130449965596199,-0.003029880113899708,0.003182089887559414,6824.11,0,99.9968,0.0,0.333439,0.00822276,0.0,MEDIUM_LEFT,62.02669906616211,0.15411238786404682,86.31558,4,7.0,0.55,18.0,0.098948546,0.44359532,0.0,1,False,0.09894854575395584,0.4435953199863434,0.0,1,0,5.70304,12.6267,22.455,140.486,90.9268,77.357,71.6721,67.3518,64.5773,62.0267,59.6744,57.4982,54.7119,51.8501,47.2417,40.0655,31.0431,22.7658,11.2227
2026-08-04T12:40:23+0200,22,0,-0.542,3598.45,0.0,-0.009130449965596199,-0.003029880113899708,0.003182089887559414,6909.05,0,99.9966,0.0,0.333439,0.00822276,0.0,MEDIUM_LEFT,62.02669906616211,0.15411238786404682,86.31558,4,7.0,0.55,18.0,0.0989512,0.44359404,0.0,1,False,0.09895119816064835,0.4435940384864807,0.0,1,0,5.70304,12.6267,22.455,140.486,90.9268,77.357,71.6721,67.3518,64.5773,62.0267,59.6744,57.4982,54.7119,51.8501,47.2417,40.0655,31.0431,22.7658,11.2227
2026-08-04T12:40:23+0200,23,0,-0.522,3598.45,0.0,-0.009130449965596199,-0.003029880113899708,0.003182089887559414,6994.92,0,99.9965,0.0,0.333439,0.00822276,0.0,MEDIUM_LEFT,62.02669906616211,0.15411238786404682,86.31558,4,7.0,0.55,18.0,0.09895292,0.44359323,0.0,1,False,0.09895291924476624,0.44359323382377625,0.0,1,0,5.70304,12.6267,22.455,140.486,90.9268,77.357,71.6721,67.3518,64.5773,62.0267,59.6744,57.4982,54.7119,51.8501,47.2417,40.0655,31.0431,22.7658,11.2227
2026-08-04T12:40:23+0200,24,0,-0.502,3598.45,0.0,-0.009130449965596199,-0.003029880113899708,0.003182089887559414,7081.75,0,99.9963,0.0,0.333439,0.00822276,0.0,MEDIUM_LEFT,62.02669906616211,0.15411238786404682,86.31558,4,7.0,0.55,18.0,0.09895404,0.44359273,0.0,1,False,0.09895403683185577,0.44359272718429565,0.0,1,0,5.70304,12.6267,22.455,140.486,90.9268,77.357,71.6721,67.3518,64.5773,62.0267,59.6744,57.4982,54.7119,51.8501,47.2417,40.0655,31.0431,22.7658,11.2227
2026-08-04T12:40:23+0200,25,0,-0.482,3598.45,0.0,-0.009130449965596199,-0.003029880113899708,0.003182089887559414,7169.53,0,99.996,0.0,0.333439,0.00822276,0.0,MEDIUM_LEFT,62.02669906616211,0.15411238786404682,86.31558,4,7.0,0.55,18.0,0.09895477,0.44359234,0.0,1,False,0.09895476698875427,0.4435923397541046,0.0,1,0,5.70304,12.6267,22.455,140.486,90.9268,77.357,71.6721,67.3518,64.5773,62.0267,59.6744,57.4982,54.7119,51.8501,47.2417,40.0655,31.0431,22.7658,11.2227
2026-08-04T12:40:23+0200,26,0,-0.462,3598.45,0.0,-0.009130449965596199,-0.003029880113899708,0.003182089887559414,7258.26,0,99.9958,0.0,0.333439,0.00822276,0.0,MEDIUM_LEFT,62.02669906616211,0.15411238786404682,86.31558,4,7.0,0.55,18.0,0.098955244,0.44359216,0.0,1,False,0.09895524382591248,0.4435921609401703,0.0,1,0,5.70304,12.6267,22.455,140.486,90.9268,77.357,71.6721,67.3518,64.5773,62.0267,59.6744,57.4982,54.7119,51.8501,47.2417,40.0655,31.0431,22.7658,11.2227
2026-08-04T12:40:23+0200,27,0,-0.442,3598.45,0.0,-0.009130449965596199,-0.003029880113899708,0.003182089887559414,7347.96,0,99.9956,0.0,0.333439,0.00822276,0.0,MEDIUM_LEFT,62.02669906616211,0.15411238786404682,86.31558,4,7.0,0.55,18.0,0.09895555,0.44359198,0.0,1,False,0.09895554929971695,0.44359198212623596,0.0,1,0,5.70304,12.6267,22.455,140.486,90.9268,77.357,71.6721,67.3518,64.5773,62.0267,59.6744,57.4982,54.7119,51.8501,47.2417,40.0655,31.0431,22.7658,11.2227
2026-08-04T12:40:23+0200,28,0,-0.422,3598.45,0.0,-0.009130449965596199,-0.003029880113899708,0.003182089887559414,7438.62,0,99.9954,0.0,0.333439,0.00822276,0.0,MEDIUM_LEFT,62.02669906616211,0.15411238786404682,86.31558,4,7.0,0.55,18.0,0.09895575,0.4435919,0.0,1,False,0.09895575046539307,0.4435918927192688,0.0,1,0,5.70304,12.6267,22.455,140.486,90.9268,77.357,71.6721,67.3518,64.5773,62.0267,59.6744,57.4982,54.7119,51.8501,47.2417,40.0655,31.0431,22.7658,11.2227
2026-08-04T12:40:23+0200,29,0,-0.402,3598.45,0.0,-0.009130449965596199,-0.003029880113899708,0.003182089887559414,7530.25,0,99.9951,0.0,0.333439,0.00822276,0.0,MEDIUM_LEFT,62.02669906616211,0.15411238786404682,86.31558,4,7.0,0.55,18.0,0.098955885,0.44359183,0.0,1,False,0.09895588457584381,0.443591833114624,0.0,1,0,5.70304,12.6267,22.455,140.486,90.9268,77.357,71.6721,67.3518,64.5773,62.0267,59.6744,57.4982,54.7119,51.8501,47.2417,40.0655,31.0431,22.7658,11.2227
2026-08-04T12:40:23+0200,30,0,-0.382,3598.45,0.0,-0.009130449965596199,-0.003029880113899708,0.003182089887559414,7622.85,0,99.9949,0.0,0.333439,0.00822276,0.0,MEDIUM_LEFT,62.02669906616211,0.15411238786404682,86.31558,4,7.0,0.55,18.0,0.09895597,0.44359177,0.0,1,False,0.09895596653223038,0.44359177350997925,0.0,1,0,5.70304,12.6267,22.455,140.486,90.9268,77.357,71.6721,67.3518,64.5773,62.0267,59.6744,57.4982,54.7119,51.8501,47.2417,40.0655,31.0431,22.7658,11.2227
2026-08-04T12:40:23+0200,31,0,-0.362,3598.45,0.0,-0.009130449965596199,-0.003029880113899708,0.003182089887559414,7716.43,0,99.9947,0.0,0.333439,0.00822276,0.0,MEDIUM_LEFT,62.02669906616211,0.15411238786404682,86.31558,4,7.0,0.55,18.0,0.09895602,0.44359174,0.0,1,False,0.09895601868629456,0.44359174370765686,0.0,1,0,5.70304,12.6267,22.455,140.486,90.9268,77.357,71.6721,67.3518,64.5773,62.0267,59.6744,57.4982,54.7119,51.8501,47.2417,40.0655,31.0431,22.7658,11.2227
2026-08-04T12:40:23+0200,32,0,-0.342,3598.45,0.0,-0.009130449965596199,-0.003029880113899708,0.003182089887559414,7810.99,0,99.9944,0.0,0.333439,0.00822276,0.0,MEDIUM_LEFT,62.02669906616211,0.15411238786404682,86.31558,4,7.0,0.55,18.0,0.098956056,0.44359174,0.0,1,False,0.09895605593919754,0.44359174370765686,0.0,1,0,5.70304,12.6267,22.455,140.486,90.9268,77.357,71.6721,67.3518,64.5773,62.0267,59.6744,57.4982,54.7119,51.8501,47.2417,40.0655,31.0431,22.7658,11.2227
2026-08-04T12:40:24+0200,33,0,-0.322,3598.45,0.0,-0.009130449965596199,-0.003029880113899708,0.003182089887559414,7906.54,0,99.9942,0.0,0.333439,0.00822276,0.0,MEDIUM_LEFT,62.02669906616211,0.15411238786404682,86.31558,4,7.0,0.55,18.0,0.09895608,0.4435917,0.0,1,False,0.09895607829093933,0.4435917139053345,0.0,1,0,5.70304,12.6267,22.455,140.486,90.9268,77.357,71.6721,67.3518,64.5773,62.0267,59.6744,57.4982,54.7119,51.8501,47.2417,40.0655,31.0431,22.7658,11.2227
2026-08-04T12:40:24+0200,34,0,-0.302,3598.45,0.0,-0.009130449965596199,-0.003029880113899708,0.003182089887559414,8003.08,0,99.994,0.0,0.333439,0.00822276,0.0,MEDIUM_LEFT,62.02669906616211,0.15411238786404682,86.31558,4,7.0,0.55,18.0,0.09895609,0.4435917,0.0,1,False,0.09895609319210052,0.4435917139053345,0.0,1,0,5.70304,12.6267,22.455,140.486,90.9268,77.357,71.6721,67.3518,64.5773,62.0267,59.6744,57.4982,54.7119,51.8501,47.2417,40.0655,31.0431,22.7658,11.2227
2026-08-04T12:40:24+0200,35,0,-0.282,3598.45,0.0,-0.009130449965596199,-0.003029880113899708,0.003182089887559414,8100.6,0,99.9938,0.0,0.333439,0.00822276,0.0,MEDIUM_LEFT,62.02669906616211,0.15411238786404682,86.31558,4,7.0,0.55,18.0,0.0989561,0.4435917,0.0,1,False,0.09895610064268112,0.4435917139053345,0.0,1,0,5.70304,12.6267,22.455,140.486,90.9268,77.357,71.6721,67.3518,64.5773,62.0267,59.6744,57.4982,54.7119,51.8501,47.2417,40.0655,31.0431,22.7658,11.2227
2026-08-04T12:40:24+0200,36,0,-0.262,3598.45,0.0,-0.009130449965596199,-0.003029880113899708,0.003182089887559414,8199.13,0,99.9935,0.0,0.333439,0.00822276,0.0,MEDIUM_LEFT,62.02669906616211,0.15411238786404682,86.31558,4,7.0,0.55,18.0,0.09895611,0.4435917,0.0,1,False,0.09895610809326172,0.4435917139053345,0.0,1,0,5.70304,12.6267,22.455,140.486,90.9268,77.357,71.6721,67.3518,64.5773,62.0267,59.6744,57.4982,54.7119,51.8501,47.2417,40.0655,31.0431,22.7658,11.2227
2026-08-04T12:40:24+0200,37,0,-0.242,3598.45,0.0,-0.009130449965596199,-0.003029880113899708,0.003182089887559414,8298.65,0,99.9933,0.0,0.333439,0.00822276,0.0,MEDIUM_LEFT,62.02669906616211,0.15411238786404682,86.31558,4,7.0,0.55,18.0,0.098956116,0.4435917,0.0,1,False,0.09895611554384232,0.4435917139053345,0.0,1,0,5.70304,12.6267,22.455,140.486,90.9268,77.357,71.6721,67.3518,64.5773,62.0267,59.6744,57.4982,54.7119,51.8501,47.2417,40.0655,31.0431,22.7658,11.2227
2026-08-04T12:40:24+0200,38,0,-0.222,3598.45,0.0,-0.009130449965596199,-0.003029880113899708,0.003182089887559414,8399.17,0,99.9931,0.0,0.333439,0.00822276,0.0,MEDIUM_LEFT,62.02669906616211,0.15411238786404682,86.31558,4,7.0,0.55,18.0,0.098956116,0.4435917,0.0,1,False,0.09895611554384232,0.4435917139053345,0.0,1,0,5.70304,12.6267,22.455,140.486,90.9268,77.357,71.6721,67.3518,64.5773,62.0267,59.6744,57.4982,54.7119,51.8501,47.2417,40.0655,31.0431,22.7658,11.2227
2026-08-04T12:40:24+0200,39,0,-0.202,3598.45,0.0,-0.009130449965596199,-0.003029880113899708,0.003182089887559414,8500.7,0,99.9928,0.0,0.333439,0.00822276,0.0,MEDIUM_LEFT,62.02669906616211,0.15411238786404682,86.31558,4,7.0,0.55,18.0,0.098956116,0.4435917,0.0,1,False,0.09895611554384232,0.4435917139053345,0.0,1,0,5.70304,12.6267,22.455,140.486,90.9268,77.357,71.6721,67.3518,64.5773,62.0267,59.6744,57.4982,54.7119,51.8501,47.2417,40.0655,31.0431,22.7658,11.2227
2026-08-04T12:40:24+0200,40,0,-0.182,3598.45,0.0,-0.009130449965596199,-0.003029880113899708,0.003182089887559414,8603.23,0,99.9925,0.0,0.333439,0.00822276,0.0,MEDIUM_LEFT,62.02669906616211,0.15411238786404682,86.31558,4,7.0,0.55,18.0,0.098956116,0.4435917,0.0,1,False,0.09895611554384232,0.4435917139053345,0.0,1,0,5.70304,12.6267,22.455,140.486,90.9268,77.357,71.6721,67.3518,64.5773,62.0267,59.6744,57.4982,54.7119,51.8501,47.2417,40.0655,31.0431,22.7658,11.2227
2026-08-04T12:40:24+0200,41,0,-0.162,3598.45,0.0,-0.009130449965596199,-0.003029880113899708,0.003182089887559414,8706.77,0,99.9921,0.0,0.333439,0.00822276,0.0,MEDIUM_LEFT,62.02669906616211,0.15411238786404682,86.31558,4,7.0,0.55,18.0,0.098956116,0.4435917,0.0,1,False,0.09895611554384232,0.4435917139053345,0.0,1,0,5.70304,12.6267,22.455,140.486,90.9268,77.357,71.6721,67.3518,64.5773,62.0267,59.6744,57.4982,54.7119,51.8501,47.2417,40.0655,31.0431,22.7658,11.2227
2026-08-04T12:40:24+0200,42,0,-0.142,3598.45,0.0,-0.009130449965596199,-0.003029880113899708,0.003182089887559414,8811.32,0,99.9918,0.0,0.333439,0.00822276,0.0,MEDIUM_LEFT,62.02669906616211,0.15411238786404682,86.31558,4,7.0,0.55,18.0,0.098956116,0.4435917,0.0,1,False,0.09895611554384232,0.4435917139053345,0.0,1,0,5.70304,12.6267,22.455,140.486,90.9268,77.357,71.6721,67.3518,64.5773,62.0267,59.6744,57.4982,54.7119,51.8501,47.2417,40.0655,31.0431,22.7658,11.2227
2026-08-04T12:40:24+0200,43,0,-0.122,3598.45,0.0,-0.009130449965596199,-0.003029880113899708,0.003182089887559414,8916.88,0,99.9915,0.0,0.333439,0.00822276,0.0,MEDIUM_LEFT,62.02669906616211,0.15411238786404682,86.31558,4,7.0,0.55,18.0,0.098956116,0.4435917,0.0,1,False,0.09895611554384232,0.4435917139053345,0.0,1,0,5.70304,12.6267,22.455,140.486,90.9268,77.357,71.6721,67.3518,64.5773,62.0267,59.6744,57.4982,54.7119,51.8501,47.2417,40.0655,31.0431,22.7658,11.2227
2026-08-04T12:40:24+0200,44,0,-0.102,3598.45,0.0,-0.009130449965596199,-0.003029880113899708,0.003182089887559414,9023.46,0,99.9912,0.0,0.333439,0.00822276,0.0,MEDIUM_LEFT,62.02669906616211,0.15411238786404682,86.31558,4,7.0,0.55,18.0,0.098956116,0.4435917,0.0,1,False,0.09895611554384232,0.4435917139053345,0.0,1,0,5.70304,12.6267,22.455,140.486,90.9268,77.357,71.6721,67.3518,64.5773,62.0267,59.6744,57.4982,54.7119,51.8501,47.2417,40.0655,31.0431,22.7658,11.2227
2026-08-04T12:40:24+0200,45,0,-0.082,3598.45,0.0,-0.009130449965596199,-0.003029880113899708,0.003182089887559414,9131.05,0,99.9909,0.0,0.333439,0.00822276,0.0,MEDIUM_LEFT,62.02669906616211,0.15411238786404682,86.31558,4,7.0,0.55,18.0,0.098956116,0.4435917,0.0,1,False,0.09895611554384232,0.4435917139053345,0.0,1,0,5.70304,12.6267,22.455,140.486,90.9268,77.357,71.6721,67.3518,64.5773,62.0267,59.6744,57.4982,54.7119,51.8501,47.2417,40.0655,31.0431,22.7658,11.2227
2026-08-04T12:40:24+0200,46,0,-0.062,3598.45,0.0,-0.009130449965596199,-0.003029880113899708,0.003182089887559414,9239.65,0,99.9906,0.0,0.333439,0.00822276,0.0,MEDIUM_LEFT,62.02669906616211,0.15411238786404682,86.31558,4,7.0,0.55,18.0,0.098956116,0.4435917,0.0,1,False,0.09895611554384232,0.4435917139053345,0.0,1,0,5.70304,12.6267,22.455,140.486,90.9268,77.357,71.6721,67.3518,64.5773,62.0267,59.6744,57.4982,54.7119,51.8501,47.2417,40.0655,31.0431,22.7658,11.2227
2026-08-04T12:40:24+0200,47,0,-0.042,3598.45,0.0,-0.009130449965596199,-0.003029880113899708,0.003182089887559414,9349.27,0,99.9903,0.0,0.333439,0.00822276,0.0,MEDIUM_LEFT,62.02669906616211,0.15411238786404682,86.31558,4,7.0,0.55,18.0,0.098956116,0.4435917,0.0,1,False,0.09895611554384232,0.4435917139053345,0.0,1,0,5.70304,12.6267,22.455,140.486,90.9268,77.357,71.6721,67.3518,64.5773,62.0267,59.6744,57.4982,54.7119,51.8501,47.2417,40.0655,31.0431,22.7658,11.2227
2026-08-04T12:40:24+0200,48,0,-0.022,3598.45,0.0,-0.009130449965596199,-0.003029880113899708,0.003182089887559414,9459.86,0,99.99,0.0,0.333439,0.00822276,0.0,MEDIUM_LEFT,62.02669906616211,0.15411238786404682,86.31558,4,7.0,0.55,18.0,0.098956116,0.4435917,0.0,1,False,0.09895611554384232,0.4435917139053345,0.0,1,0,5.70304,12.6267,22.455,140.486,90.9268,77.357,71.6721,67.3518,64.5773,62.0267,59.6744,57.4982,54.7119,51.8501,47.2417,40.0655,31.0431,22.7658,11.2227
2026-08-04T12:40:24+0200,49,0,0.018,3598.45,0.0,-0.01585729978978634,0.01352940034121275,0.002556989900767803,9680.69,0,99.9894,0.0,0.33345,0.00871771,0.0,MEDIUM_LEFT,61.88859939575195,0.15375347371547368,86.31249,4,7.0,0.55,18.0,0.09934068,0.4435186,0.0,1,False,0.09934067726135254,0.44351860880851746,0.0,1,0,5.70583,12.6461,22.5475,139.765,90.6261,77.1402,71.4864,67.1883,64.4271,61.8886,59.5468,57.38,54.6051,51.7543,47.1628,40.0055,31.0006,22.7402,11.2173
2026-08-04T12:40:24+0200,50,0,0.038,3598.45,0.000488281,0.05022669956088066,7.193579949671403e-05,0.0030293199233710766,5249.36,1,99.9894,0.0,0.333454,0.00860327,0.0,MEDIUM_LEFT,61.920101165771484,0.15383568627679436,86.31112,4,7.0,0.55,18.0,0.099500865,0.44345352,0.0,1,False,0.0995008647441864,0.44345352053642273,0.0,1,0,5.70513,12.6415,22.5261,139.93,90.6951,77.1898,71.5288,67.2255,64.4614,61.9201,59.5759,57.407,54.6294,51.7762,47.1807,40.0192,31.0103,22.7461,11.2186
2026-08-04T12:40:24+0200,51,0,0.058,3598.45,0.000976563,0.11674900352954865,0.0011312100104987621,0.0030305900145322084,5264.23,1,99.9894,0.0,0.333454,0.00857085,0.0,MEDIUM_LEFT,61.9286003112793,0.1538594389032591,86.30747,4,7.0,0.55,18.0,0.09957971,0.4433716,0.0,1,False,0.09957970678806305,0.44337159395217896,0.0,1,0,5.70494,12.6402,22.5202,139.976,90.714,77.2037,71.5406,67.2359,64.4708,61.9286,59.5838,57.4143,54.6362,51.7821,47.1856,40.0229,31.013,22.7478,11.219
2026-08-04T12:40:24+0200,52,0,0.078,3598.45,0.00170898,0.2184869945049286,-0.010208100080490112,0.002305649919435382,5235.99,1,99.9894,0.0,0.333452,0.00845879,0.0,MEDIUM_LEFT,61.95940017700195,0.15394026927232105,86.302284,4,7.0,0.55,18.0,0.09954383,0.44326505,0.0,1,False,0.09954383224248886,0.44326505064964294,0.0,1,0,5.7043,12.6358,22.4996,140.139,90.7812,77.2519,71.5819,67.2721,64.5041,61.9594,59.6121,57.4406,54.6598,51.8034,47.2031,40.0363,31.0224,22.7535,11.2202
2026-08-04T12:40:24+0200,53,0,0.098,3598.45,0.00341797,0.527953028678894,-0.016039900481700897,0.004808099940419197,5235.99,1,99.9893,0.0,0.333436,0.0084545,0.0,MEDIUM_LEFT,61.95840072631836,0.1539441388207442,86.28464,4,7.0,0.55,18.0,0.099519245,0.44311526,0.0,1,False,0.09951924532651901,0.4431152641773224,0.0,1,0,5.70441,12.6361,22.5009,140.139,90.7803,77.2508,71.5807,67.2711,64.5033,61.9584,59.6112,57.4394,54.6588,51.8022,47.202,40.0352,31.0217,22.7531,11.2201
2026-08-04T12:40:24+0200,54,0,0.118,3598.45,0.00756836,0.9123139977455139,-0.012693599797785282,0.0114826001226902,5235.99,1,99.9892,0.0,0.333419,0.00829857,0.0,MEDIUM_LEFT,61.99769973754883,0.1540598522416824,86.26339,4,7.0,0.55,18.0,0.099383876,0.44297823,0.0,1,False,0.0993838757276535,0.44297823309898376,0.0,1,0,5.70365,12.6304,22.4752,140.358,90.8694,77.3142,71.6346,67.3182,64.5462,61.9977,59.6473,57.4728,54.6888,51.8289,47.2237,40.0516,31.0334,22.7602,11.2217
2026-08-04T12:40:24+0200,55,0,0.138,3598.46,0.013916,1.3000199794769287,-0.0020618299022316933,0.02030869945883751,5235.99,1,99.9891,0.0,0.333403,0.00823134,0.0,MEDIUM_LEFT,62.010101318359375,0.15411020716996274,86.24135,4,7.0,0.55,18.0,0.09924555,0.44290382,0.0,1,False,0.09924554824829102,0.4429038166999817,0.0,1,0,5.7034,12.6284,22.4679,140.441,90.9008,77.3355,71.6525,67.3334,64.5598,62.0101,59.6585,57.483,54.6975,51.8365,47.2295,40.0556,31.0365,22.7624,11.2223
2026-08-04T12:40:24+0200,56,0,0.158,3598.47,0.0222168,1.6826000213623047,0.0003900660085491836,0.02869429998099804,5235.99,1,99.9891,0.0,0.333392,0.00803774,0.0,MEDIUM_LEFT,62.05609893798828,0.1542537128023986,86.22012,4,7.0,0.55,18.0,0.09900609,0.44279397,0.0,1,False,0.09900608658790588,0.44279396533966064,0.0,1,0,5.70238,12.6213,22.4377,140.707,91.0067,77.4107,71.7159,67.3887,64.6101,62.0561,59.7008,57.5218,54.7321,51.8671,47.254,40.0742,31.05,22.7708,11.2244
2026-08-04T12:40:24+0200,57,0,0.178,3598.48,0.0327148,2.0738298892974854,0.01378950010985136,0.035176198929548264,5235.99,1,99.989,0.0,0.333384,0.00791329,0.0,MEDIUM_LEFT,62.080501556396484,0.15434626170103852,86.197876,4,7.0,0.55,18.0,0.09875442,0.44263616,0.0,1,False,0.09875442087650299,0.4426361620426178,0.0,1,0,5.70172,12.617,22.4222,140.866,91.0676,77.4523,71.7505,67.4187,64.6373,62.0805,59.7231,57.542,54.7501,51.8824,47.266,40.0828,31.0566,22.7753,11.2257
2026-08-04T12:40:24+0200,58,0,0.198,3598.49,0.0454102,2.445780038833618,0.01334459986537695,0.03882690146565437,5235.99,1,99.9889,0.0,0.333381,0.00766342,0.0,MEDIUM_LEFT,62.13850021362305,0.15453307263626306,86.17722,4,7.0,0.55,18.0,0.09839637,0.44255963,0.0,1,False,0.09839636832475662,0.4425596296787262,0.0,1,0,5.7003,12.6078,22.3847,141.208,91.203,77.5473,71.831,67.4886,64.7008,62.1385,59.7761,57.5908,54.7935,51.9207,47.2968,40.1056,31.0733,22.786,11.2284
2026-08-04T12:40:24+0200,59,0,0.218,3598.51,0.0600586,2.8229498863220215,0.05458639934659004,0.03905310109257698,5235.99,1,99.9888,0.0,0.333386,0.00753516,0.0,MEDIUM_LEFT,62.16080093383789,0.154630743723777,86.15549,4,7.0,0.55,18.0,0.098062955,0.44231042,0.0,1,False,0.09806295484304428,0.4423104226589203,0.0,1,0,5.69952,12.6033,22.3708,141.366,91.261,77.5863,71.8632,67.5162,64.7254,62.1608,59.7957,57.6086,54.8089,51.9339,47.3065,40.1125,31.0789,22.7901,11.2299
2026-08-04T12:40:24+0200,60,0,0.238,3598.52,0.0771484,3.2490999698638916,0.05096070095896721,0.039293501526117325,5235.99,1,99.9888,0.0,0.333417,0.00739163,0.0,MEDIUM_LEFT,62.18560028076172,0.15473922406354995,86.130806,4,7.0,0.55,18.0,0.097730264,0.4422436,0.0,1,False,0.09773026406764984,0.4422436058521271,0.0,1,0,5.69842,12.5979,22.3543,141.544,91.3268,77.6307,71.8998,67.5473,64.7533,62.1856,59.8183,57.6289,54.8265,51.9488,47.3177,40.1205,31.0854,22.795,11.2317
2026-08-04T12:40:24+0200,61,0,0.26,3598.55,0.0983887,3.6639699935913086,0.05473930016160011,0.041523199528455734,5235.99,1,99.9887,0.0,0.333448,0.00719326,0.0,MEDIUM_LEFT,62.22200012207031,0.15488955761122472,86.10679,4,7.0,0.55,18.0,0.09735528,0.44214642,0.0,1,False,0.09735527634620667,0.4421464204788208,0.0,1,0,5.69701,12.5904,22.3305,141.797,91.4205,77.6947,71.9524,67.5922,64.7937,62.222,59.8511,57.6587,54.8524,51.9714,47.3347,40.1327,31.0951,22.8019,11.2342
2026-08-04T12:40:24+0200,62,0,0.28,3598.57,0.119629,4.07165002822876,0.06427949666976929,0.04542350023984909,5235.99,1,99.9886,0.0,0.333481,0.00701111,0.0,MEDIUM_LEFT,62.25379943847656,0.15502798061051457,86.08308,4,7.0,0.55,18.0,0.09696518,0.44203728,0.0,1,False,0.09696517884731293,0.44203728437423706,0.0,1,0,5.69567,12.5836,22.3099,142.025,91.5042,77.7509,71.9989,67.6317,64.8289,62.2538,59.8796,57.6845,54.8748,51.9903,47.3488,40.1426,31.1034,22.808,11.2365
2026-08-04T12:40:24+0200,63,0,0.3,3598.59,0.143311,4.410940170288086,0.0692937970161438,0.05112680047750473,5235.99,1,99.9885,0.0,0.333518,0.0067994,0.0,MEDIUM_LEFT,62.291900634765625,0.15518922625339263,86.06324,4,7.0,0.55,18.0,0.096541695,0.44198334,0.0,1,False,0.09654169529676437,0.44198334217071533,0.0,1,0,5.69413,12.5756,22.285,142.294,91.6034,77.8181,72.0544,67.679,64.8714,62.2919,59.9142,57.7155,54.9018,52.0135,47.3663,40.155,31.1134,22.8154,11.2391
2026-08-04T12:40:24+0200,64,0,0.32,3598.62,0.168945,4.744770050048828,0.06663980334997177,0.057384900748729706,5235.99,1,99.9884,0.0,0.333554,0.00654047,0.0,MEDIUM_LEFT,62.34149932861328,0.15538782072391538,86.04381,4,7.0,0.55,18.0,0.09605981,0.44197887,0.0,1,False,0.09605980664491653,0.4419788718223572,0.0,1,0,5.69233,12.566,22.2534,142.631,91.7294,77.9038,72.1259,67.7404,64.9263,62.3415,59.959,57.7561,54.9375,52.0443,47.39,40.1719,31.1266,22.8247,11.2423
2026-08-04T12:40:24+0200,65,0,0.34,3598.64,0.196777,5.113269805908203,0.07660820335149765,0.06410519778728485,5235.99,1,99.9884,0.0,0.333592,0.00622338,0.0,MEDIUM_LEFT,62.40599822998047,0.15563110053650064,86.022575,4,7.0,0.55,18.0,0.095494345,0.44191903,0.0,1,False,0.095494344830513,0.4419190287590027,0.0,1,0,5.69018,12.5542,22.2123,143.054,91.889,78.0133,72.2172,67.8192,64.9975,62.406,60.0174,57.8091,54.9841,52.0848,47.4214,40.1947,31.1443,22.8368,11.2461
2026-08-04T12:40:24+0200,66,0,0.36,3598.67,0.226563,5.543610095977783,0.08372709900140762,0.07070609927177429,5235.99,1,99.9883,0.0,0.333636,0.00590866,0.0,MEDIUM_LEFT,62.46760177612305,0.15587431030935728,85.997604,4,7.0,0.55,18.0,0.094875626,0.44186994,0.0,1,False,0.09487562626600266,0.44186994433403015,0.0,1,0,5.688,12.5424,22.1733,143.471,92.0452,78.1201,72.306,67.8951,65.0659,62.4676,60.0734,57.8601,55.0286,52.1232,47.4511,40.2159,31.1608,22.8485,11.25
2026-08-04T12:40:24+0200,67,0,0.38,3598.71,0.258789,5.983389854431152,0.08836729824542999,0.07716330140829086,5235.99,1,99.9882,0.0,0.333685,0.00557202,0.0,MEDIUM_LEFT,62.534000396728516,0.1561358865908193,85.97207,4,7.0,0.55,18.0,0.09420453,0.44184434,0.0,1,False,0.09420453011989594,0.4418443441390991,0.0,1,0,5.68563,12.5298,22.1317,143.921,92.2131,78.2347,72.4009,67.9768,65.1394,62.534,60.1335,57.9146,55.0767,52.1645,47.4828,40.2385,31.1785,22.8608,11.2542
2026-08-04T12:40:24+0200,68,0,0.4,3598.74,0.293213,6.396210193634033,0.09532900154590607,0.08316670358181,5235.99,1,99.9881,0.0,0.333739,0.00522059,0.0,MEDIUM_LEFT,62.602699279785156,0.15641109652291932,85.947945,4,7.0,0.55,18.0,0.09348722,0.4418345,0.0,1,False,0.0934872180223465,0.4418345093727112,0.0,1,0,5.68316,12.5168,22.0889,144.392,92.3876,78.3536,72.4998,68.0613,65.2156,62.6027,60.1955,57.971,55.1258,52.2071,47.5156,40.2618,31.1967,22.8737,11.2585
2026-08-04T12:40:24+0200,69,0,0.42,3598.78,0.32959,6.772630214691162,0.09986119717359543,0.08846279978752136,5235.99,1,99.9881,0.0,0.333797,0.00485342,0.0,MEDIUM_LEFT,62.674400329589844,0.1566994189205874,85.925835,4,7.0,0.55,18.0,0.092727065,0.4418653,0.0,1,False,0.09272706508636475,0.44186529517173767,0.0,1,0,5.68056,12.5031,22.0446,144.887,92.5708,78.4778,72.6031,68.1496,65.2951,62.6744,60.2604,58.0298,55.1773,52.2516,47.5496,40.2857,31.2156,22.887,11.2631
2026-08-04T12:40:24+0200,70,0,0.44,3598.82,0.36792,7.097330093383789,0.10336200147867203,0.0931951031088829,5235.99,1,99.988,0.0,0.333861,0.00446957,0.0,MEDIUM_LEFT,62.74909973144531,0.15700334563869053,85.90655,4,7.0,0.55,18.0,0.091925286,0.44193542,0.0,1,False,0.09192528575658798,0.4419354200363159,0.0,1,0,5.67781,12.4888,21.9988,145.408,92.7627,78.6081,72.7109,68.2421,65.3778,62.7491,60.3282,58.0911,55.2309,52.2977,47.5848,40.3106,31.2352,22.901,11.2679
2026-08-04T12:40:24+0200,71,0,0.46,3598.86,0.408691,7.437160015106201,0.1069130003452301,0.09757030010223389,5235.99,1,99.9879,0.0,0.33393,0.00407093,0.0,MEDIUM_LEFT,62.826698303222656,0.1573230313397327,85.8863,4,7.0,0.55,18.0,0.09108425,0.4420104,0.0,1,False,0.09108424931764603,0.44201040267944336,0.0,1,0,5.67494,12.4741,21.9518,145.954,92.9622,78.7434,72.8228,68.3381,65.464,62.8267,60.398,58.1544,55.2864,52.3455,47.6214,40.336,31.2554,22.9153,11.273
2026-08-04T12:40:24+0200,72,0,0.48,3598.9,0.451416,7.819019794464111,0.11129800230264664,0.1016009971499443,5235.99,1,99.9878,0.0,0.334005,0.00364989,0.0,MEDIUM_LEFT,62.90890121459961,0.15766127256921486,85.863594,4,7.0,0.55,18.0,0.09019945,0.4420748,0.0,1,False,0.09019944816827774,0.44207480549812317,0.0,1,0,5.6719,12.4585,21.9025,146.534,93.1742,78.8871,72.9417,68.4396,65.5554,62.9089,60.4725,58.2217,55.3452,52.3961,47.6599,40.363,31.2767,22.9305,11.2783
2026-08-04T12:40:24+0200,73,0,0.502,3598.95,0.500977,8.335570335388184,0.11861299723386765,0.10615400224924088,5235.99,1,99.9878,0.0,0.334094,0.00316161,0.03114736,MEDIUM_LEFT,63.00490188598633,0.15805734289384538,85.833046,4,7.0,0.55,18.0,0.08923194,0.4317519,0.0,1,False,0.089231938123703,0.43175190687179565,0.0,1,0,5.66835,12.4404,21.8453,147.215,93.4216,79.0545,73.0805,68.5583,65.6618,63.0049,60.559,58.3001,55.4137,52.4552,47.7052,40.3943,31.3015,22.9481,11.2845
2026-08-04T12:40:24+0200,74,0,0.522,3599.0,0.548096,8.717220306396484,0.12265799939632416,0.11057300120592117,5235.99,1,99.9877,0.0,0.334181,0.00270718,0.03551734,MEDIUM_LEFT,63.09360122680664,0.15842935224755578,85.81013,4,7.0,0.55,18.0,0.08823733,0.43040276,0.0,1,False,0.08823733031749725,0.4304027557373047,0.0,1,0,5.66502,12.4236,21.7931,147.852,93.6526,79.2101,73.2093,68.6681,65.7606,63.0936,60.6391,58.3728,55.4769,52.5094,47.7465,40.4226,31.324,22.9643,11.2904
2026-08-04T12:40:24+0200,75,0,0.542,3599.04,0.597412,9.069709777832031,0.12630000710487366,0.11508700251579285,5235.99,1,99.9876,0.0,0.334274,0.00224036,0.028851902,MEDIUM_LEFT,63.184600830078125,0.15881571410849302,85.78873,4,7.0,0.55,18.0,0.08721466,0.4327347,0.0,1,False,0.08721466362476349,0.4327346980571747,0.0,1,0,5.66156,12.4065,21.7403,148.514,93.8899,79.3703,73.3413,68.7809,65.8617,63.1846,60.7209,58.4467,55.5415,52.5652,47.7887,40.4515,31.3471,22.9808,11.2964
2026-08-04T12:40:24+0200,76,0,0.562,3599.1,0.648926,9.405699729919434,0.12868699431419373,0.11977499723434448,5235.99,1,99.9875,0.0,0.334375,0.00175923,0.0,MEDIUM_LEFT,63.2781982421875,0.1592150068522591,85.76817,4,7.0,0.55,18.0,0.086161554,0.44245052,0.0,1,False,0.0861615538597107,0.44245052337646484,0.0,1,0,5.65798,12.3888,21.6863,149.201,94.1358,79.5355,73.4776,68.897,65.9656,63.2782,60.8055,58.5231,55.6081,52.6221,47.8321,40.4809,31.3706,22.9977,11.3027
2026-08-04T12:40:24+0200,77,0,0.582,3599.15,0.702393,9.766610145568848,0.13182400166988373,0.12469500303268433,5235.99,1,99.9874,0.0,0.334482,0.00126284,0.0,MEDIUM_LEFT,63.37480163574219,0.15963169218076995,85.74606,4,7.0,0.55,18.0,0.08507597,0.44258896,0.0,1,False,0.08507596701383591,0.4425889551639557,0.0,1,0,5.65426,12.3706,21.6312,149.916,94.3904,79.7066,73.6186,69.0171,66.0732,63.3748,60.8926,58.6019,55.6766,52.6809,47.8764,40.5109,31.3947,23.0151,11.3092
2026-08-04T12:40:24+0200,78,0,0.602,3599.21,0.757813,10.1496000289917,0.1353989988565445,0.129831001162529,5235.99,1,99.9874,0.0,0.334597,0.00075024,0.0,MEDIUM_LEFT,63.47480010986328,0.16006732411825367,85.72254,4,7.0,0.55,18.0,0.0839556,0.4427243,0.0,1,False,0.08395560085773468,0.4427242875099182,0.0,1,0,5.65037,12.3518,21.5747,150.664,94.655,79.8841,73.7649,69.1416,66.1848,63.4748,60.9828,58.6833,55.7474,52.7416,47.9224,40.5417,31.4194,23.033,11.3159
2026-08-04T12:40:24+0200,79,0,0.622,3599.26,0.815674,10.548800468444824,0.1394139975309372,0.13506999611854553,5235.99,1,99.9873,0.0,0.33472,0.000221904,0.0,MEDIUM_LEFT,63.57830047607422,0.16051814280976412,85.69802,4,7.0,0.55,18.0,0.08279931,0.4428603,0.0,1,False,0.08279930800199509,0.44286030530929565,0.0,1,0,5.64634,12.3325,21.5171,151.441,94.929,80.0673,73.9158,69.2702,66.2999,63.5783,61.0757,58.7673,55.8205,52.8042,47.9697,40.5731,31.4448,23.0515,11.323
2026-08-04T12:40:24+0200,80,0,0.642,3599.32,0.875488,10.954899787902832,0.14343400299549103,0.1403450071811676,5235.99,1,99.9872,0.0,0.334851,-0.000319783,0.0,MEDIUM_LEFT,63.68439865112305,0.16098604068464265,85.672935,4,7.0,0.55,18.0,0.081608206,0.44300273,0.0,1,False,0.08160820603370667,0.44300273060798645,0.0,1,0,5.64217,12.3127,21.4587,152.248,95.212,80.2564,74.0712,69.4024,66.4179,63.6844,61.1713,58.8533,55.8955,52.8684,48.0182,40.605,31.4705,23.0702,11.3302
2026-08-04T12:40:24+0200,81,0,0.662,3599.38,0.9375,11.354000091552734,0.14713500440120697,0.14550499618053436,5235.99,1,99.9871,0.0,0.334991,-0.000874821,0.0050408845,MEDIUM_LEFT,63.792999267578125,0.1614695751498193,85.6481,4,7.0,0.55,18.0,0.08038289,0.44148332,0.0,1,False,0.08038289099931717,0.4414833188056946,0.0,1,0,5.63786,12.2925,21.3996,153.083,95.5032,80.4502,74.2309,69.5377,66.539,63.793,61.2692,58.9417,55.9719,52.9337,48.0673,40.6373,31.4966,23.0893,11.3377
2026-08-04T12:40:25+0200,82,0,0.682,3599.45,1.00171,11.739500045776367,0.14867499470710754,0.15055400133132935,5235.99,1,99.9871,0.0,0.33514,-0.0014351,0.013060878,MEDIUM_LEFT,63.90190124511719,0.16196365061384124,85.623825,4,7.0,0.55,18.0,0.079130076,0.43899652,0.0,1,False,0.07913007587194443,0.4389965236186981,0.0,1,0,5.63345,12.2721,21.3409,153.935,95.797,80.6458,74.3909,69.6739,66.6606,63.9019,61.367,59.0296,56.0484,52.999,48.1162,40.669,31.5224,23.1083,11.3453
2026-08-04T12:40:25+0200,83,0,0.702,3599.52,1.06787,12.114100456237793,0.15128999948501587,0.15539400279521942,5235.99,1,99.987,0.0,0.335296,-0.0020054,0.011233692,MEDIUM_LEFT,64.01270294189453,0.16247232474181697,85.6,4,7.0,0.55,18.0,0.07785066,0.4397896,0.0,1,False,0.07785066217184067,0.4397895932197571,0.0,1,0,5.62892,12.2515,21.2821,154.812,96.098,80.8455,74.5546,69.8127,66.7844,64.0127,61.4664,59.1192,56.126,53.0652,48.1659,40.7007,31.5484,23.1276,11.3532
2026-08-04T12:40:25+0200,84,0,0.722,3599.58,1.13623,12.48550033569336,0.15376199781894684,0.16012699902057648,5235.99,1,99.9869,0.0,0.335463,-0.00258762,0.003290257,MEDIUM_LEFT,64.12560272216797,0.16299466616086672,85.576195,4,7.0,0.55,18.0,0.076543234,0.44262722,0.0,1,False,0.07654323428869247,0.4426272213459015,0.0,1,0,5.62425,12.2304,21.223,155.716,96.4068,81.0495,74.7218,69.9541,66.9109,64.1256,61.5681,59.2107,56.2051,53.1324,48.216,40.7326,31.5745,23.147,11.3612
2026-08-04T12:40:25+0200,85,0,0.742,3599.65,1.20679,12.861100196838379,0.15616199374198914,0.16485300660133362,5235.99,1,99.9868,0.0,0.33564,-0.00318081,0.0,MEDIUM_LEFT,64.24109649658203,0.16353525424268117,85.551956,4,7.0,0.55,18.0,0.07520773,0.4439231,0.0,1,False,0.07520773261785507,0.44392308592796326,0.0,1,0,5.61944,12.209,21.1631,156.651,96.7232,81.2586,74.8927,70.0987,67.0396,64.2411,61.6713,59.3035,56.2853,53.2009,48.2669,40.7647,31.6009,23.1667,11.3695
2026-08-04T12:40:25+0200,86,0,0.762,3599.73,1.27954,13.241999626159668,0.156700000166893,0.16962799429893494,5235.99,1,99.9868,0.0,0.335826,-0.00377781,0.0,MEDIUM_LEFT,64.3563003540039,0.16408373603700538,85.527214,4,7.0,0.55,18.0,0.07384984,0.44413707,0.0,1,False,0.07384984195232391,0.4441370666027069,0.0,1,0,5.61453,12.1875,21.1042,157.6,97.0422,81.4686,75.0643,70.2438,67.1687,64.3563,61.7746,59.3962,56.3657,53.2689,48.3175,40.7959,31.6268,23.1863,11.3779
2026-08-04T12:40:25+0200,87,0,0.782,3599.8,1.35425,13.626199722290039,0.15874700248241425,0.17448799312114716,5235.99,1,99.9867,0.0,0.336022,-0.00438434,0.0,MEDIUM_LEFT,64.47339630126953,0.16464634808675144,85.50211,4,7.0,0.55,18.0,0.07246866,0.44434768,0.0,1,False,0.07246866077184677,0.44434767961502075,0.0,1,0,5.6095,12.1658,21.045,158.577,97.3676,81.6821,75.2383,70.3906,67.2997,64.4734,61.8793,59.4902,56.4464,53.3376,48.3683,40.8268,31.6528,23.206,11.3866
2026-08-04T12:40:25+0200,88,0,0.802,3599.88,1.43115,14.01200008392334,0.15895000100135803,0.1793469935655594,5235.99,1,99.9866,0.0,0.336228,-0.00499183,0.0,MEDIUM_LEFT,64.58940124511719,0.16521836370898188,85.47663,4,7.0,0.55,18.0,0.07107029,0.44457078,0.0,1,False,0.07107029110193253,0.44457077980041504,0.0,1,0,5.60438,12.1441,20.9874,159.566,97.6945,81.896,75.4126,70.5373,67.43,64.5894,61.983,59.5834,56.5265,53.4055,48.4181,40.8569,31.678,23.2253,11.3953
2026-08-04T12:40:25+0200,89,0,0.822,3599.96,1.51025,14.398500442504883,0.16062800586223602,0.1842540055513382,5235.99,1,99.9865,0.0,0.336446,-0.00560695,0.0,MEDIUM_LEFT,64.70680236816406,0.16580196113499412,85.45095,4,7.0,0.55,18.0,0.069653235,0.4447902,0.0,1,False,0.0696532353758812,0.44479021430015564,0.0,1,0,5.59914,12.1222,20.9297,160.579,98.0268,82.1128,75.5886,70.6858,67.5614,64.7068,62.0878,59.6772,56.6074,53.4736,48.4683,40.8865,31.7031,23.2446,11.4042
2026-08-04T12:40:25+0200,90,0,0.842,3600.04,1.59131,14.784500122070312,0.16236799955368042,0.18915599584579468,5235.99,1,99.9865,0.0,0.336675,-0.00623018,0.0,MEDIUM_LEFT,64.82530212402344,0.16640085252355724,85.42504,4,7.0,0.55,18.0,0.06821627,0.44501296,0.0,1,False,0.06821627169847488,0.4450129568576813,0.0,1,0,5.59376,12.1,20.8721,161.619,98.3653,82.3327,75.7673,70.8359,67.6951,64.8253,62.1939,59.772,56.6887,53.542,48.5184,40.9157,31.7281,23.264,11.4134
2026-08-04T12:40:25+0200,91,0,0.862,3600.12,1.67456,15.170100212097168,0.16199399530887604,0.19409500062465668,5235.99,1,99.9864,0.0,0.336915,-0.00685245,0.0,MEDIUM_LEFT,64.94280242919922,0.16700509550808662,85.39894,4,7.0,0.55,18.0,0.06676569,0.44524977,0.0,1,False,0.0667656883597374,0.4452497661113739,0.0,1,0,5.5883,12.078,20.8163,162.669,98.7032,82.5517,75.9446,70.9848,67.8269,64.9428,62.2983,59.8654,56.7687,53.6094,48.5673,40.9437,31.7521,23.283,11.4226
2026-08-04T12:40:25+0200,92,0,0.882,3600.21,1.76001,15.555299758911133,0.16310900449752808,0.19905799627304077,5235.99,1,99.9863,0.0,0.337166,-0.00747997,0.0,MEDIUM_LEFT,65.06050109863281,0.16762202838156132,85.372604,4,7.0,0.55,18.0,0.065300725,0.44548154,0.0,1,False,0.06530072540044785,0.445481538772583,0.0,1,0,5.58273,12.0559,20.7606,163.742,99.0456,82.7731,76.1237,71.1347,67.9596,65.0605,62.4033,59.9591,56.8489,53.6766,48.6161,40.9708,31.7759,23.3019,11.4321
2026-08-04T12:40:25+0200,93,0,0.902,3600.29,1.84766,15.940400123596191,0.16231200098991394,0.20403000712394714,5235.99,1,99.9862,0.0,0.33743,-0.00810558,0.0,MEDIUM_LEFT,65.17669677734375,0.1682449414417306,85.346,4,7.0,0.55,18.0,0.0638262,0.4457241,0.0,1,False,0.06382620334625244,0.44572409987449646,0.0,1,0,5.57707,12.034,20.7069,164.822,99.3871,82.9927,76.3008,71.2831,68.0904,65.1767,62.5064,60.0508,56.9272,53.7423,48.6631,40.9965,31.7984,23.3201,11.4416
2026-08-04T12:40:25+0200,94,0,0.922,3600.38,1.9375,16.326099395751953,0.1630609929561615,0.20897099375724792,5235.99,1,99.9862,0.0,0.337705,-0.00873548,0.0,MEDIUM_LEFT,65.29280090332031,0.1688773175103609,85.319145,4,7.0,0.55,18.0,0.062340695,0.44596002,0.0,1,False,0.06234069541096687,0.44596001505851746,0.0,1,0,5.5713,12.012,20.6536,165.924,99.7319,83.2137,76.4788,71.4316,68.2218,65.2928,62.6097,60.1428,57.0055,53.8075,48.71,41.0215,31.8207,23.3383,11.4512
2026-08-04T12:40:25+0200,95,0,0.942,3600.48,2.0293,16.71190071105957,0.1618890017271042,0.21389900147914886,5235.99,1,99.9861,0.0,0.337994,-0.00936205,0.0,MEDIUM_LEFT,65.40709686279297,0.16951473704820752,85.292015,4,7.0,0.55,18.0,0.060848814,0.44620565,0.0,1,False,0.06084881350398064,0.44620564579963684,0.0,1,0,5.56545,11.9902,20.6022,167.031,100.075,83.4323,76.6547,71.5781,68.351,65.4071,62.711,60.2325,57.0817,53.8709,48.755,41.0443,31.8418,23.3558,11.4609
2026-08-04T12:40:25+0200,96,0,0.962,3600.57,2.12329,17.09749984741211,0.1622759997844696,0.21883200109004974,5235.99,1,99.986,0.0,0.338295,-0.00999099,0.0,MEDIUM_LEFT,65.5208969116211,0.17016211924579916,85.26463,4,7.0,0.55,18.0,0.05934938,0.44644356,0.0,1,False,0.05934938043355942,0.4464435577392578,0.0,1,0,5.55949,11.9684,20.5517,168.159,100.42,83.6519,76.8306,71.7243,68.4798,65.5209,62.8116,60.3218,57.1573,53.9338,48.7992,41.0665,31.8623,23.3731,11.4705
2026-08-04T12:40:25+0200,97,0,0.982,3600.67,2.21948,17.483200073242188,0.16073200106620789,0.2237749993801117,5235.99,1,99.9859,0.0,0.338609,-0.0106152,0.0,MEDIUM_LEFT,65.63179779052734,0.17081238950084773,85.23693,4,7.0,0.55,18.0,0.05784703,0.44668993,0.0,1,False,0.0578470304608345,0.4466899335384369,0.0,1,0,5.55345,11.9469,20.5031,169.288,100.762,83.8684,77.0036,71.868,68.6059,65.6318,62.9097,60.4086,57.2306,53.9943,48.8414,41.0866,31.8813,23.3896,11.4802
2026-08-04T12:40:25+0200,98,0,1.004,3600.77,2.32764,17.908100128173828,0.16095300018787384,0.2291869968175888,5235.99,1,99.9858,0.0,0.33897,-0.0113042,0.0,MEDIUM_LEFT,65.75350189208984,0.17153821885185272,85.20616,4,7.0,0.55,18.0,0.056286134,0.4469046,0.0,1,False,0.05628613382577896,0.44690459966659546,0.0,1,0,5.54668,11.9233,20.451,170.551,101.141,84.1067,77.194,72.0256,68.7442,65.7535,63.017,60.5035,57.3105,54.0598,48.8871,41.1073,31.9014,23.4074,11.4908
2026-08-04T12:40:25+0200,99,0,1.024,3600.88,2.42847,18.29450035095215,0.1591390073299408,0.2341260015964508,5235.99,1,99.9858,0.0,0.339312,-0.0119246,0.0,MEDIUM_LEFT,65.86100006103516,0.17219990841389118,85.17787,4,7.0,0.55,18.0,0.054743163,0.44716525,0.0,1,False,0.05474316328763962,0.44716525077819824,0.0,1,0,5.54045,11.9022,20.4055,171.702,101.481,84.3199,77.3634,72.1652,68.8664,65.861,63.1114,60.5866,57.3804,54.1171,48.9261,41.1243,31.9183,23.4228,11.5005
2026-08-04T12:40:25+0200,100,0,1.044,3600.98,2.53125,18.68079948425293,0.15882599353790283,0.23901799321174622,5235.99,1,99.9857,0.0,0.339668,-0.0125454,0.0,MEDIUM_LEFT,65.96739959716797,0.17287020882614257,85.1493,4,7.0,0.55,18.0,0.0532097,0.44741082,0.0,1,False,0.05320969969034195,0.44741082191467285,0.0,1,0,5.53412,11.8812,20.3617,172.868,101.822,84.5326,77.532,72.3043,68.9879,65.9674,63.2048,60.6689,57.4491,54.1731,48.9641,41.1401,31.9344,23.4377,11.5101
2026-08-04T12:40:25+0200,101,0,1.064,3601.08,2.63599,19.066999435424805,0.1565530002117157,0.24399599432945251,5235.99,1,99.9856,0.0,0.340037,-0.0131581,0.0,MEDIUM_LEFT,66.06999969482422,0.17354001186110174,85.12043,4,7.0,0.55,18.0,0.05168704,0.44765994,0.0,1,False,0.05168703943490982,0.4476599395275116,0.0,1,0,5.52772,11.8606,20.3199,174.029,102.157,84.7401,77.6961,72.4389,69.1052,66.07,63.2945,60.7473,57.5142,54.2261,48.9995,41.1537,31.9487,23.4517,11.5197
2026-08-04T12:40:25+0200,102,0,1.084,3601.19,2.74316,19.453899383544922,0.15587300062179565,0.24891799688339233,5235.99,1,99.9855,0.0,0.340422,-0.0137699,0.0,MEDIUM_LEFT,66.1707992553711,0.1742141594471933,85.091255,4,7.0,0.55,18.0,0.05017002,0.44789547,0.0,1,False,0.05017001926898956,0.44789546728134155,0.0,1,0,5.52121,11.8402,20.2798,175.202,102.491,84.946,77.8586,72.5719,69.2213,66.1708,63.3828,60.8245,57.5783,54.2776,49.0335,41.1662,31.9621,23.4652,11.5292
2026-08-04T12:40:25+0200,103,0,1.104,3601.3,2.85229,19.840999603271484,0.15316499769687653,0.25133299827575684,5235.99,1,99.9855,0.0,0.34082,-0.0143722,0.0,MEDIUM_LEFT,66.26750183105469,0.17488656109831638,85.06177,4,7.0,0.55,18.0,0.04866238,0.44813582,0.0,1,False,0.04866237938404083,0.4481358230113983,0.0,1,0,5.51465,11.8203,20.2423,176.366,102.818,85.1459,78.016,72.7002,69.3324,66.2675,63.4667,60.8976,57.6386,54.3258,49.0645,41.1763,31.9736,23.4777,11.5386
2026-08-04T12:40:25+0200,104,0,1.124,3601.41,2.96387,20.2278995513916,0.15206000208854675,0.2506589889526367,5235.99,1,99.9854,0.0,0.341233,-0.0149716,0.0,MEDIUM_LEFT,66.36180114746094,0.17556316154695414,85.032,4,7.0,0.55,18.0,0.04716115,0.44836324,0.0,1,False,0.047161150723695755,0.4483632445335388,0.0,1,0,5.50799,11.8006,20.2066,177.539,103.143,85.3437,78.1705,72.826,69.441,66.3618,63.5486,60.9686,57.6966,54.372,49.0938,41.1851,31.984,23.4895,11.548
2026-08-04T12:40:25+0200,105,0,1.144,3601.52,3.07739,20.614900588989258,0.1490810066461563,0.24981899559497833,5235.99,1,99.9853,0.0,0.34166,-0.01556,0.0,HAIRPIN_LEFT,66.45120239257812,0.17623585908521702,44.34882,2,9.0,0.55,18.0,0.042203803,0.12739883,0.0,1,False,0.04220380261540413,0.12739883363246918,0.0,1,0,5.50127,11.7815,20.1733,178.701,103.46,85.5349,78.3191,72.9461,69.5446,66.4512,63.6258,61.0353,57.751,54.4146,49.1198,41.1913,31.9924,23.5003,11.5572
2026-08-04T12:40:25+0200,106,0,1.164,3601.64,3.19214,20.73940086364746,0.1373710036277771,0.2473749965429306,5235.99,1,99.9853,0.0,0.342092,-0.0160912,0.0,HAIRPIN_LEFT,66.52050018310547,0.17685030725801978,44.340736,2,9.0,0.55,18.0,0.038392603,0.12708996,0.0,1,False,0.038392603397369385,0.1270899623632431,0.0,1,0,5.49483,11.7647,20.1499,179.732,103.729,85.6927,78.44,73.0425,69.6265,66.5205,63.6843,61.0847,57.7898,54.4433,49.1347,41.1896,31.9951,23.5075,11.5656
2026-08-04T12:40:25+0200,107,0,1.184,3601.76,3.30786,20.83769989013672,0.12564699351787567,0.24265199899673462,5235.99,1,99.9853,0.0,0.342524,-0.0165704,0.0,HAIRPIN_LEFT,66.57150268554688,0.1774100076695345,44.333313,2,9.0,0.55,18.0,0.035378546,0.12682717,0.0,1,False,0.03537854552268982,0.1268271654844284,0.0,1,0,5.48867,11.7501,20.1349,180.644,103.956,85.8216,78.5362,73.1166,69.688,66.5715,63.7264,61.119,57.8147,54.4599,49.1396,41.1808,31.9925,23.5114,11.5733
2026-08-04T12:40:25+0200,108,0,1.204,3601.87,3.42383,20.933000564575195,0.1160999983549118,0.2400140017271042,5235.99,1,99.9853,0.0,0.342958,-0.0170139,0.0,HAIRPIN_LEFT,66.61009979248047,0.17793285797702638,44.32589,2,9.0,0.55,18.0,0.032918163,0.12650773,0.0,1,False,0.032918162643909454,0.1265077292919159,0.0,1,0,5.4827,11.7371,20.126,181.474,104.154,85.9296,78.6149,73.176,69.7362,66.6101,63.7572,61.1427,57.8302,54.4677,49.1374,41.1672,31.9864,23.5133,11.5805
2026-08-04T12:40:25+0200,109,0,1.224,3601.99,3.54028,21.028400421142578,0.10933300107717514,0.2409130036830902,5235.99,1,99.9853,0.0,0.343397,-0.0174325,0.0,HAIRPIN_LEFT,66.64009857177734,0.1784323126400343,44.31837,2,9.0,0.55,18.0,0.030841984,0.12613462,0.0,1,False,0.03084198385477066,0.12613461911678314,0.0,1,0,5.47683,11.7251,20.1214,182.251,104.331,86.0239,78.6818,73.2249,69.7749,66.6401,63.7794,61.1589,57.8392,54.4701,49.1304,41.1502,31.9778,23.5135,11.5873
2026-08-04T12:40:25+0200,110,0,1.244,3602.1,3.65747,21.12310028076172,0.10314299911260605,0.24490000307559967,5235.99,1,99.9853,0.0,0.343837,-0.0178283,0.0,HAIRPIN_LEFT,66.66169738769531,0.17890790999410952,44.310806,2,9.0,0.55,18.0,0.029038267,0.12573028,0.0,1,False,0.029038267210125923,0.12573027610778809,0.0,1,0,5.47106,11.7143,20.1209,182.974,104.489,86.1045,78.7375,73.2645,69.8046,66.6617,63.7945,61.1683,57.8419,54.4667,49.119,41.1298,31.9666,23.5121,11.5936
2026-08-04T12:40:25+0200,111,0,1.264,3602.22,3.77515,21.21769905090332,0.09700080007314682,0.25047099590301514,5235.99,1,99.9853,0.0,0.344282,-0.0182007,0.0,HAIRPIN_LEFT,66.67520141601562,0.1793600552149341,44.30317,2,9.0,0.55,18.0,0.027434465,0.1253017,0.0,1,False,0.027434464544057846,0.12530170381069183,0.0,1,0,5.46539,11.7045,20.1249,183.641,104.628,86.1716,78.7816,73.2933,69.8251,66.6752,63.8017,61.1703,57.8379,54.4575,49.1028,41.1062,31.953,23.5091,11.5996
2026-08-04T12:40:25+0200,112,0,1.284,3602.34,3.89331,21.311399459838867,0.09080909937620163,0.25627601146698,5235.99,1,99.9853,0.0,0.344729,-0.0185488,0.0,HAIRPIN_LEFT,66.67960357666016,0.1797866800238877,44.29548,2,9.0,0.55,18.0,0.025984704,0.12485984,0.0,1,False,0.02598470449447632,0.12485983967781067,0.0,1,0,5.45983,11.6959,20.1332,184.252,104.745,86.2246,78.8136,73.312,69.836,66.6796,63.8009,61.1648,57.8277,54.4426,49.0819,41.0792,31.9368,23.5046,11.6052
2026-08-04T12:40:25+0200,113,0,1.304,3602.46,4.01196,21.405099868774414,0.08700890094041824,0.26121699810028076,5235.99,1,99.9853,0.0,0.34518,-0.0188835,0.0,HAIRPIN_LEFT,66.67900085449219,0.18020027027677307,44.28773,2,9.0,0.55,18.0,0.024647994,0.12440065,0.0,1,False,0.024647993966937065,0.12440065294504166,0.0,1,0,5.45431,11.688,20.1443,184.831,104.851,86.2694,78.8386,73.3242,69.8413,66.679,63.7954,61.1553,57.8131,54.424,49.0578,41.0501,31.9191,23.4991,11.6105
2026-08-04T12:40:25+0200,114,0,1.324,3602.58,4.1311,21.49799919128418,0.08381559699773788,0.2649250030517578,5235.99,1,99.9853,0.0,0.345638,-0.0192068,0.0,HAIRPIN_LEFT,66.67410278320312,0.18060097241325543,44.279957,2,9.0,0.55,18.0,0.02339528,0.123934686,0.0,1,False,0.023395279422402382,0.12393468618392944,0.0,1,0,5.4488,11.6807,20.1582,185.381,104.948,86.3064,78.8575,73.3316,69.8418,66.6741,63.7859,61.1419,57.7956,54.4025,49.0316,41.0193,31.8999,23.4927,11.6156
2026-08-04T12:40:25+0200,115,0,1.344,3602.7,4.25073,21.59079933166504,0.07831340283155441,0.2672489881515503,5235.99,1,99.9853,0.0,0.346097,-0.0195077,0.0,HAIRPIN_LEFT,66.66089630126953,0.18097850215444095,44.272118,2,9.0,0.55,18.0,0.022219496,0.1234639,0.0,1,False,0.022219495847821236,0.12346389889717102,0.0,1,0,5.4434,11.6746,20.1762,185.874,105.024,86.331,78.8655,73.3288,69.8334,66.6609,63.7688,61.1217,57.7716,54.3756,49.0007,40.9853,31.8784,23.4848,11.6203
2026-08-04T12:40:25+0200,116,0,1.364,3602.82,4.37085,21.682899475097656,0.0746069997549057,0.2681620121002197,5235.99,1,99.9853,0.0,0.346561,-0.0197948,0.0,HAIRPIN_LEFT,66.64250183105469,0.18134275316940418,44.26423,2,9.0,0.55,18.0,0.021106897,0.12298723,0.0,1,False,0.021106896921992302,0.12298723310232162,0.0,1,0,5.43804,11.6692,20.1978,186.334,105.088,86.3461,78.8662,73.32,69.8194,66.6425,63.7469,61.0968,57.7436,54.3448,48.9669,40.9492,31.8552,23.4758,11.6248
2026-08-04T12:40:25+0200,117,0,1.384,3602.94,4.49146,21.774900436401367,0.0713815987110138,0.26800400018692017,5235.99,1,99.9853,0.0,0.347029,-0.0200699,0.0,HAIRPIN_LEFT,66.61940002441406,0.1816932847939205,44.256298,2,9.0,0.55,18.0,0.020046882,0.12250434,0.0,1,False,0.020046882331371307,0.1225043386220932,0.0,1,0,5.43271,11.6645,20.2219,186.763,105.142,86.3539,78.8604,73.3056,69.8,66.6194,63.7207,61.0682,57.7122,54.311,48.9305,40.9113,31.8308,23.466,11.6289
2026-08-04T12:40:25+0200,118,0,1.404,3603.06,4.61279,21.866899490356445,0.06826499849557877,0.2672489881515503,5235.99,1,99.9853,0.0,0.3475,-0.0203331,0.0,HAIRPIN_LEFT,66.591796875,0.18203227746944833,44.248314,2,9.0,0.55,18.0,0.01903259,0.122016,0.0,1,False,0.019032590091228485,0.12201599776744843,0.0,1,0,5.42742,11.6605,20.2494,187.161,105.184,86.3545,78.848,73.2854,69.7758,66.5918,63.6902,61.0353,57.6771,54.2739,48.8915,40.8715,31.8049,23.4553,11.6329
2026-08-04T12:40:25+0200,119,0,1.424,3603.18,4.73438,21.958099365234375,0.06516049802303314,0.26618000864982605,5235.99,1,99.9853,0.0,0.347977,-0.0205844,0.0,HAIRPIN_LEFT,66.5593032836914,0.18235731344394088,44.240295,2,9.0,0.55,18.0,0.018059162,0.121527486,0.0,1,False,0.01805916242301464,0.12152748554944992,0.0,1,0,5.42214,11.6572,20.2794,187.527,105.215,86.3472,78.8294,73.2598,69.7465,66.5593,63.6554,60.9988,57.6386,54.2339,48.85,40.8299,31.7774,23.4436,11.6365
2026-08-04T12:40:25+0200,120,0,1.444,3603.3,4.85669,22.049299240112305,0.06204510107636452,0.2655859887599945,5235.99,1,99.9853,0.0,0.348457,-0.0208238,0.0,HAIRPIN_LEFT,66.52239990234375,0.1826697822499806,44.23224,2,9.0,0.55,18.0,0.01712384,0.12103482,0.0,1,False,0.017123840749263763,0.12103482335805893,0.0,1,0,5.41691,11.6547,20.3127,187.862,105.235,86.3322,78.8041,73.2287,69.712,66.5224,63.6165,60.9582,57.5962,54.1907,48.8059,40.7865,31.7488,23.431,11.6399
2026-08-04T12:40:25+0200,121,0,1.464,3603.43,4.97949,22.13960075378418,0.058905601501464844,0.2656190097332001,5235.99,1,99.9853,0.0,0.34894,-0.0210508,0.0,HAIRPIN_LEFT,66.48040008544922,0.18296980912324845,44.22414,2,9.0,0.55,18.0,0.01622533,0.1205432,0.0,1,False,0.016225330531597137,0.12054319679737091,0.0,1,0,5.41171,11.6529,20.3494,188.162,105.245,86.3094,78.7726,73.1916,69.6721,66.4804,63.5728,60.9136,57.5505,54.144,48.7588,40.7411,31.7185,23.4175,11.6431
2026-08-04T12:40:25+0200,122,0,1.484,3603.55,5.10254,22.229900360107422,0.05573920160531998,0.26639899611473083,5235.99,1,99.9853,0.0,0.349428,-0.0212658,0.0,HAIRPIN_LEFT,66.43360137939453,0.1832559811497657,44.215992,2,9.0,0.55,18.0,0.015362131,0.1200478,0.0,1,False,0.015362131409347057,0.12004780024290085,0.0,1,0,5.40655,11.6519,20.3893,188.429,105.242,86.2791,78.734,73.1489,69.6274,66.4336,63.525,60.8648,57.5011,54.0942,48.7093,40.6938,31.6869,23.4032,11.6459
2026-08-04T12:40:25+0200,123,0,1.504,3603.67,5.22632,22.319299697875977,0.052544500678777695,0.26769399642944336,5235.99,1,99.9853,0.0,0.349917,-0.021468,0.0,HAIRPIN_LEFT,66.3822021484375,0.18352547780224499,44.20786,2,9.0,0.55,18.0,0.014534582,0.11955432,0.0,1,False,0.014534582383930683,0.1195543184876442,0.0,1,0,5.40143,11.6516,20.4326,188.654,105.227,86.2404,78.6891,73.1001,69.5767,66.3822,63.4725,60.8118,57.4478,54.0412,48.6571,40.6447,31.6539,23.3877,11.6485
2026-08-04T12:40:25+0200,124,0,1.524,3603.8,5.35059,22.408700942993164,0.05179750174283981,0.2692149877548218,5235.99,1,99.9853,0.0,0.350412,-0.0216687,0.0,HAIRPIN_LEFT,66.32959747314453,0.18378878271553858,44.19973,2,9.0,0.55,18.0,0.013730929,0.119054735,0.0,1,False,0.013730929233133793,0.11905473470687866,0.0,1,0,5.39628,11.6518,20.4777,188.858,105.211,86.1998,78.6426,73.0504,69.5251,66.3296,63.4194,60.7581,57.3939,53.987,48.6042,40.595,31.6203,23.3719,11.651
2026-08-04T12:40:25+0200,125,0,1.544,3603.92,5.47534,22.497299194335938,0.04925429821014404,0.2708370089530945,5235.99,1,99.9853,0.0,0.350911,-0.0218595,0.0,HAIRPIN_LEFT,66.27279663085938,0.18403699532504833,44.191605,2,9.0,0.55,18.0,0.012952217,0.118559524,0.0,1,False,0.012952216900885105,0.11855952441692352,0.0,1,0,5.39116,11.6526,20.5262,189.021,105.184,86.1529,78.5903,72.9955,69.4692,66.2728,63.3621,60.7008,57.3367,53.9306,48.5491,40.5436,31.5855,23.3555,11.6532
2026-08-04T12:40:25+0200,126,0,1.564,3604.05,5.60059,22.585800170898438,0.046174198389053345,0.27246901392936707,5235.99,1,99.9853,0.0,0.351413,-0.0220373,0.0,HAIRPIN_LEFT,66.21089935302734,0.18426962189745139,44.18344,2,9.0,0.55,18.0,0.012202356,0.118062876,0.0,1,False,0.01220235601067543,0.11806287616491318,0.0,1,0,5.38607,11.6543,20.5784,189.141,105.146,86.0975,78.5314,72.9347,69.4078,66.2109,63.3003,60.6394,57.2756,53.8706,48.491,40.4904,31.5493,23.338,11.6551
2026-08-04T12:40:25+0200,127,0,1.584,3604.17,5.72632,22.673500061035156,0.04293379932641983,0.27396801114082336,5235.99,1,99.9853,0.0,0.351916,-0.0222023,0.0,HAIRPIN_LEFT,66.14399719238281,0.18448735687026963,44.175262,2,9.0,0.55,18.0,0.011483958,0.11756813,0.0,1,False,0.01148395799100399,0.11756812781095505,0.0,1,0,5.38104,11.6568,20.6346,189.223,105.096,86.034,78.4652,72.8676,69.3405,66.144,63.2337,60.5735,57.2107,53.8071,48.4304,40.4352,31.5115,23.3195,11.6567
2026-08-04T12:40:25+0200,128,0,1.604,3604.3,5.85254,22.76099967956543,0.03962349891662598,0.26490798592567444,5235.99,1,99.9853,0.0,0.352424,-0.0223544,0.0,HAIRPIN_LEFT,66.07230377197266,0.1846900039688033,44.167057,2,9.0,0.55,18.0,0.010798292,0.117071554,0.0,1,False,0.010798292234539986,0.11707155406475067,0.0,1,0,5.37604,11.6601,20.6947,189.267,105.033,85.9621,78.3921,72.7949,69.2683,66.0723,63.1628,60.5033,57.1424,53.7403,48.3669,40.3781,31.4724,23.3,11.6581
2026-08-04T12:40:25+0200,129,0,1.624,3604.43,5.97925,22.847999572753906,0.03880529850721359,0.25765201449394226,5235.99,1,99.9853,0.0,0.352933,-0.0225051,0.0,HAIRPIN_LEFT,65.99919891357422,0.184889166068353,44.158844,2,9.0,0.55,18.0,0.010135171,0.116571985,0.0,1,False,0.010135171003639698,0.11657198518514633,0.0,1,0,5.37104,11.6639,20.7572,189.302,104.967,85.8881,78.3172,72.7201,69.1943,65.9992,63.0908,60.4323,57.0726,53.6725,48.3027,40.3203,31.4327,23.2802,11.6593
2026-08-04T12:40:25+0200,130,0,1.644,3604.55,6.1062,22.934799194335938,0.03616509959101677,0.25347501039505005,5235.99,1,99.9853,0.0,0.353448,-0.0226448,0.0,HAIRPIN_LEFT,65.9219970703125,0.1850795076304219,44.150562,2,9.0,0.55,18.0,0.009496952,0.11607306,0.0,1,False,0.009496952407062054,0.11607305705547333,0.0,1,0,5.36605,11.6685,20.8239,189.31,104.892,85.8071,78.237,72.6406,69.1158,65.922,63.0147,60.3578,56.9998,53.6019,48.2361,40.261,31.3918,23.2596,11.6602
2026-08-04T12:40:25+0200,131,0,1.664,3604.68,6.23389,23.02079963684082,0.032976798713207245,0.25127100944519043,5235.99,1,99.9853,0.0,0.353962,-0.0227712,0.0,HAIRPIN_LEFT,65.83940124511719,0.18525615409157747,44.14225,2,9.0,0.55,18.0,0.008888389,0.115576744,0.0,1,False,0.008888388983905315,0.11557674407958984,0.0,1,0,5.36113,11.674,20.8951,189.285,104.803,85.7175,78.1489,72.5549,69.0315,65.8394,62.9338,60.2783,56.9232,53.5278,48.1667,40.1996,31.3494,23.2381,11.6609
2026-08-04T12:40:26+0200,132,0,1.684,3604.81,6.36206,23.10650062561035,0.03212520107626915,0.25102901458740234,5235.99,1,99.9853,0.0,0.354479,-0.0228956,0.0,HAIRPIN_LEFT,65.75540161132812,0.1854300781821773,44.13392,2,9.0,0.55,18.0,0.0083007105,0.11507674,0.0,1,False,0.00830071046948433,0.11507674306631088,0.0,1,0,5.35623,11.68,20.9689,189.251,104.711,85.6256,78.0589,72.4675,68.9458,65.7554,62.8517,60.1982,56.8453,53.4527,48.0964,40.1375,31.3063,23.216,11.6613
2026-08-04T12:40:26+0200,133,0,1.704,3604.94,6.49072,23.191499710083008,0.02945620007812977,0.2525539994239807,5235.99,1,99.9853,0.0,0.355,-0.0230091,0.0,HAIRPIN_LEFT,65.66739654541016,0.18559591413890206,44.12553,2,9.0,0.55,18.0,0.007737023,0.11458045,0.0,1,False,0.007737022824585438,0.11458045244216919,0.0,1,0,5.35147,11.6868,21.0472,189.193,104.609,85.5273,77.9637,72.3747,68.8556,65.6674,62.7659,60.1143,56.7642,53.3747,48.0239,40.0738,31.2621,23.1931,11.6615
2026-08-04T12:40:26+0200,134,0,1.724,3605.07,6.61963,23.276199340820312,0.02873780019581318,0.25508999824523926,5235.99,1,99.9853,0.0,0.355522,-0.0231202,0.0,HAIRPIN_LEFT,65.57759857177734,0.18575940583722467,44.11711,2,9.0,0.55,18.0,0.0071912003,0.11408131,0.0,1,False,0.007191200274974108,0.11408130824565887,0.0,1,0,5.34687,11.6942,21.1289,189.128,104.504,85.4263,77.8661,72.2805,68.7636,65.5776,62.6785,60.0291,56.6821,53.296,47.9505,40.0096,31.2174,23.1699,11.6615
2026-08-04T12:40:26+0200,135,0,1.744,3605.2,6.74927,23.36009979248047,0.026088999584317207,0.2580519914627075,5235.99,1,99.9853,0.0,0.35605,-0.0232208,0.0,HAIRPIN_LEFT,65.48390197753906,0.1859137591645546,44.108654,2,9.0,0.55,18.0,0.006666735,0.11358695,0.0,1,False,0.00666673481464386,0.11358694732189178,0.0,1,0,5.34241,11.7023,21.2147,189.037,104.389,85.3182,77.7628,72.1814,68.6672,65.4839,62.5873,59.9404,56.597,53.2141,47.8746,39.9436,31.1713,23.1457,11.6613
2026-08-04T12:40:26+0200,136,0,1.764,3605.33,6.87915,23.44379997253418,0.025364099070429802,0.26081299781799316,5235.99,1,99.9853,0.0,0.356578,-0.0233186,0.0,HAIRPIN_LEFT,65.38860321044922,0.18606742074680965,44.10015,2,9.0,0.55,18.0,0.006158968,0.113089375,0.0,1,False,0.0061589679680764675,0.11308937519788742,0.0,1,0,5.33815,11.711,21.3046,188.941,104.27,85.2082,77.6574,72.0804,68.5691,65.3886,62.4947,59.8504,56.5104,53.1313,47.7981,39.8772,31.1248,23.1213,11.6609
2026-08-04T12:40:26+0200,137,0,1.784,3605.46,7.00977,23.52680015563965,0.02269740030169487,0.2629239857196808,5235.99,1,99.9853,0.0,0.357105,-0.0234059,0.0,HAIRPIN_LEFT,65.28910064697266,0.1862093649567786,44.09164,2,9.0,0.55,18.0,0.0056727077,0.11259644,0.0,1,False,0.005672707688063383,0.11259643733501434,0.0,1,0,5.33407,11.7207,21.3995,188.819,104.14,85.0904,77.5461,71.9742,68.4661,65.2891,62.3983,59.757,56.4207,53.0457,47.7192,39.8088,31.077,23.0959,11.6601
2026-08-04T12:40:26+0200,138,0,1.804,3605.59,7.14063,23.609600067138672,0.021950600668787956,0.26433300971984863,5235.99,1,99.9853,0.0,0.357639,-0.0234907,0.0,HAIRPIN_LEFT,65.18810272216797,0.18635209966623598,44.083057,2,9.0,0.55,18.0,0.0052020173,0.1121001,0.0,1,False,0.00520201725885272,0.11210010200738907,0.0,1,0,5.33011,11.7309,21.498,188.69,104.008,84.9709,77.4331,71.8662,68.362,65.1881,62.3006,59.6622,56.3298,52.9591,47.6393,39.74,31.0287,23.0702,11.6592
2026-08-04T12:40:26+0200,139,0,1.824,3605.72,7.27197,23.691600799560547,0.019260099157691002,0.2653369903564453,5235.99,1,99.9853,0.0,0.358173,-0.0235646,0.0,HAIRPIN_LEFT,65.08300018310547,0.1864856316693856,44.07444,2,9.0,0.55,18.0,0.0047523817,0.111608826,0.0,1,False,0.004752381704747677,0.1116088256239891,0.0,1,0,5.32638,11.742,21.6023,188.537,103.865,84.8441,77.3139,71.7532,68.253,65.083,62.1987,59.5638,56.2358,52.8694,47.5571,39.6694,30.9791,23.0436,11.6581
2026-08-04T12:40:26+0200,140,0,1.844,3605.85,7.40381,23.773500442504883,0.018490899354219437,0.2660360038280487,5235.99,1,99.9853,0.0,0.358708,-0.0236352,0.0,HAIRPIN_LEFT,64.97599792480469,0.1866174139311997,44.06578,2,9.0,0.55,18.0,0.004319613,0.111113966,0.0,1,False,0.004319612868130207,0.11111396551132202,0.0,1,0,5.32281,11.7538,21.7107,188.377,103.718,84.7149,77.1929,71.6383,68.1422,64.976,62.0955,59.4641,56.1406,52.7788,47.4741,39.5982,30.929,23.0165,11.6567
2026-08-04T12:40:26+0200,141,0,1.864,3605.98,7.53613,23.85449981689453,0.015776999294757843,0.2667210102081299,5235.99,1,99.9853,0.0,0.359248,-0.0236953,0.0,HAIRPIN_LEFT,64.86479949951172,0.18673955294979552,44.057076,2,9.0,0.55,18.0,0.003907675,0.11062454,0.0,1,False,0.003907674923539162,0.1106245368719101,0.0,1,0,5.3194,11.7664,21.8253,188.191,103.562,84.5786,77.0657,71.5183,68.0269,64.8648,61.9885,59.3608,56.0422,52.6854,47.3888,39.5254,30.8775,22.9887,11.6551
2026-08-04T12:40:26+0200,142,0,1.884,3606.12,7.66895,23.935400009155273,0.014985299669206142,0.2672410011291504,5235.99,1,99.9853,0.0,0.359788,-0.0237525,0.0,HAIRPIN_LEFT,64.75240325927734,0.1868607559734475,44.04834,2,9.0,0.55,18.0,0.0035121953,0.110131726,0.0,1,False,0.003512195311486721,0.11013172566890717,0.0,1,0,5.31621,11.7797,21.9451,187.997,103.401,84.4402,76.9366,71.3966,67.9099,64.7524,61.8801,59.2563,55.9424,52.5909,47.3025,39.4519,30.8257,22.9604,11.6533
2026-08-04T12:40:26+0200,143,0,1.904,3606.25,7.802,24.015600204467773,0.014787299558520317,0.2678619921207428,5235.99,1,99.9853,0.0,0.360329,-0.0238102,0.0,HAIRPIN_LEFT,64.6395034790039,0.18698335722662837,44.039597,2,9.0,0.55,18.0,0.003126772,0.10964084,0.0,1,False,0.0031267718877643347,0.10964083671569824,0.0,1,0,5.31315,11.7935,22.0693,187.802,103.241,84.3006,76.8067,71.274,67.7923,64.6395,61.7714,59.1513,55.8423,52.4958,47.2158,39.3781,30.7733,22.9319,11.6512
2026-08-04T12:40:26+0200,144,0,1.924,3606.38,7.93555,24.095500946044922,0.012219199910759926,0.26851099729537964,5235.99,1,99.9853,0.0,0.360869,-0.0238565,0.0,HAIRPIN_LEFT,64.52210235595703,0.18709729596216226,44.03079,2,9.0,0.55,18.0,0.002759453,0.10915288,0.0,1,False,0.002759452909231186,0.1091528832912445,0.0,1,0,5.31032,11.8084,22.2008,187.58,103.069,84.1539,76.671,71.1465,67.6699,64.5221,61.6584,59.0424,55.7389,52.3979,47.1268,39.3026,30.7198,22.9024,11.6489
2026-08-04T12:40:26+0200,145,0,1.944,3606.52,8.06982,24.17460060119629,0.011451800353825092,0.26927098631858826,5235.99,1,99.9853,0.0,0.361416,-0.0238999,0.0,HAIRPIN_LEFT,64.4032974243164,0.18720832214086874,44.02196,2,9.0,0.55,18.0,0.0024058914,0.10866592,0.0,1,False,0.002405891427770257,0.10866592079401016,0.0,1,0,5.3076,11.8238,22.338,187.349,102.893,84.0051,76.5332,71.0172,67.5461,64.4033,61.5443,58.9327,55.6344,52.2991,47.0369,39.2264,30.6657,22.8727,11.6465
2026-08-04T12:40:26+0200,146,0,1.964,3606.65,8.20435,24.253599166870117,0.008703730069100857,0.2700769901275635,5235.99,1,99.9853,0.0,0.361962,-0.0239318,0.0,HAIRPIN_LEFT,64.28009796142578,0.18730997335727667,44.013077,2,9.0,0.55,18.0,0.0020729392,0.10818018,0.0,1,False,0.002072939183562994,0.10818018019199371,0.0,1,0,5.30516,11.8403,22.4828,187.091,102.707,83.849,76.3894,70.8826,67.4174,64.2801,61.4261,58.819,55.5268,52.1974,46.9447,39.1487,30.6106,22.842,11.6437
2026-08-04T12:40:26+0200,147,0,1.984,3606.79,8.33911,24.33180046081543,0.007870210334658623,0.27093300223350525,5235.99,1,99.9853,0.0,0.362509,-0.0239609,0.0,HAIRPIN_LEFT,64.15519714355469,0.18741053584272543,44.004166,2,9.0,0.55,18.0,0.0017560557,0.10769509,0.0,1,False,0.0017560557462275028,0.1076950877904892,0.0,1,0,5.30287,11.8576,22.6354,186.82,102.518,83.6905,76.2433,70.7462,67.287,64.1552,61.3064,58.704,55.4178,52.0944,46.8515,39.0703,30.5547,22.8108,11.6407
2026-08-04T12:40:26+0200,148,0,2.006,3606.94,8.48804,24.41950035095215,0.007692220155149698,0.17768999934196472,5235.99,1,99.9853,0.0,0.36311,-0.0239928,0.0,HAIRPIN_LEFT,64.01740264892578,0.1875228078320028,43.994286,2,9.0,0.55,18.0,0.0014397757,0.1071474,0.0,1,False,0.0014397756895050406,0.10714740306138992,0.0,1,0,5.3006,11.8774,22.8095,186.519,102.308,83.5151,76.0819,70.5955,67.1432,64.0174,61.1742,58.5769,55.2974,51.9808,46.7486,38.9835,30.4928,22.7763,11.6372
2026-08-04T12:40:26+0200,149,0,2.028,3607.08,8.6377,24.50589942932129,0.005065289791673422,0.1341239959001541,5235.99,1,99.9853,0.0,0.363712,-0.0240133,0.0,HAIRPIN_LEFT,63.874900817871094,0.18762405568828455,43.984375,2,9.0,0.55,18.0,0.0011351844,0.10660927,0.0,1,False,0.0011351844295859337,0.1066092699766159,0.0,1,0,5.29858,11.8983,22.9956,186.183,102.087,83.3318,75.9143,70.4394,66.994,63.8749,61.0376,58.4462,55.1733,51.8639,46.6431,38.8951,30.4296,22.7408,11.6334
2026-08-04T12:40:26+0200,150,0,2.05,3607.23,8.7876,24.592300415039062,0.004228800069540739,0.1178010031580925,5235.99,1,99.9853,0.0,0.364318,-0.0240296,0.0,HAIRPIN_LEFT,63.73059844970703,0.18772290051480509,43.97442,2,9.0,0.55,18.0,0.0008418859,0.106068105,0.0,1,False,0.0008418859215453267,0.10606810450553894,0.0,1,0,5.29678,11.9201,23.1917,185.832,101.862,83.1459,75.744,70.2808,66.8432,63.7306,60.8995,58.3135,55.048,51.7461,46.5367,38.8058,30.3657,22.7048,11.6293
2026-08-04T12:40:26+0200,151,0,2.072,3607.39,8.93823,24.67770004272461,0.004007069859653711,0.1218620017170906,5235.99,1,99.9853,0.0,0.364926,-0.0240462,0.0,HAIRPIN_LEFT,63.585899353027344,0.18782302036000217,43.964455,2,9.0,0.55,18.0,0.00055536185,0.10553102,0.0,1,False,0.0005553618539124727,0.10553102195262909,0.0,1,0,5.29516,11.9426,23.3976,185.472,101.636,82.9591,75.5734,70.1217,66.6914,63.5859,60.7608,58.1805,54.9223,51.6274,46.4297,38.7162,30.3016,22.6685,11.625
2026-08-04T12:40:26+0200,152,0,2.094,3607.54,9.08936,24.763200759887695,0.003947259858250618,0.13768599927425385,5235.99,1,99.9853,0.0,0.365535,-0.0240625,0.0,HAIRPIN_LEFT,63.44029998779297,0.18792544359237068,43.95443,2,9.0,0.55,18.0,0.0002734185,0.10499235,0.0,1,False,0.00027341849636286497,0.1049923524260521,0.0,1,0,5.29379,11.9661,23.6147,185.105,101.409,82.7718,75.4016,69.9622,66.5391,63.4403,60.6216,58.0469,54.7961,51.5085,46.3223,38.6262,30.2369,22.6318,11.6205
2026-08-04T12:40:26+0200,153,0,2.116,3607.69,9.24072,24.847900390625,0.001194049953483045,0.1581529974937439,5235.99,1,99.9853,0.0,0.366143,-0.0240658,0.0,HAIRPIN_LEFT,63.289798736572266,0.1880128466679926,43.944397,2,9.0,0.55,18.0,7.6111173e-06,0.10446064,0.0,1,False,7.611117325723171e-06,0.10446064174175262,0.0,1,0,5.29269,11.991,23.848,184.691,101.169,82.576,75.223,69.796,66.3814,63.2898,60.4777,57.9092,54.6659,51.3861,46.2122,38.5343,30.171,22.5941,11.6157
2026-08-04T12:40:26+0200,154,0,2.138,3607.84,9.39282,24.931900024414062,0.00044962699757888913,0.17778000235557556,5235.99,1,99.9853,0.0,0.366752,-0.0240658,0.0,HAIRPIN_LEFT,63.137699127197266,0.18809751248099482,43.934345,2,9.0,0.55,18.0,-0.00024452916,0.10392954,0.0,1,False,-0.0002445291611365974,0.1039295420050621,0.0,1,0,5.29187,12.0169,24.0956,184.254,100.926,82.3775,75.0421,69.6283,66.2219,63.1377,60.3324,57.77,54.5346,51.2625,46.1011,38.4417,30.1041,22.5558,11.6105
2026-08-04T12:40:26+0200,155,0,2.16,3607.99,9.54541,25.016000747680664,0.00026042599347420037,0.19329699873924255,5235.99,1,99.9853,0.0,0.367366,-0.0240663,0.0,HAIRPIN_LEFT,62.98529815673828,0.18818404618682028,43.924248,2,9.0,0.55,18.0,-0.00048893574,0.10336326,0.0,1,False,-0.000488935736939311,0.10336326062679291,0.0,1,0,5.2912,12.0434,24.3578,183.808,100.682,82.1785,74.8608,69.46,66.0618,62.9853,60.1867,57.6305,54.4026,51.1386,45.9898,38.3489,30.0372,22.5174,11.6052
2026-08-04T12:40:26+0200,156,0,2.182,3608.15,9.69873,25.09939956665039,0.00021924599423073232,0.20395499467849731,5235.99,1,99.9853,0.0,0.367981,-0.0240663,0.0,HAIRPIN_LEFT,62.83209991455078,0.18827753802305236,43.914074,2,9.0,0.55,18.0,-0.00072794524,0.1028,0.0,1,False,-0.000727945240214467,0.10279999673366547,0.0,1,0,5.29077,12.0709,24.6373,183.362,100.438,81.9787,74.6791,69.2913,65.9012,62.8321,60.0404,57.4905,54.2705,51.0144,45.878,38.2557,29.9699,22.4785,11.5997
2026-08-04T12:40:26+0200,157,0,2.204,3608.3,9.85229,25.1830997467041,-0.0025053799618035555,0.2086459994316101,5235.99,1,99.9853,0.0,0.368597,-0.0240534,0.0,HAIRPIN_LEFT,62.67399978637695,0.18836065508490726,43.90381,2,9.0,0.55,18.0,-0.0009506453,0.10223279,0.0,1,False,-0.000950645306147635,0.10223279148340225,0.0,1,0,5.29067,12.0999,24.9412,182.876,100.181,81.7706,74.4902,69.1163,65.7352,62.674,59.8896,57.3463,54.1346,50.8867,45.7635,38.1604,29.9011,22.4387,11.5938
2026-08-04T12:40:26+0200,158,0,2.226,-0.00450733,9.99463,25.266300201416016,-0.0032827500253915787,0.2082500010728836,5235.99,1,99.9853,0.0,0.368512,-0.0240708,0.0,HAIRPIN_LEFT,62.506900787353516,0.1884699261440193,43.894768,2,9.0,0.55,18.0,-0.0011017736,0.101682365,0.0,1,False,-0.0011017735814675689,0.10168236494064331,0.0,1,0,5.29633,12.1417,25.299,182.366,99.9099,81.551,74.2906,68.932,65.5598,62.5069,59.73,57.1936,53.9907,50.7518,45.6423,38.0598,29.8266,22.3925,11.5828
2026-08-04T12:40:26+0200,159,0,2.248,0.152388,9.99463,25.349599838256836,-0.003502940060570836,0.20460699498653412,5235.99,1,99.9853,0.0,0.369115,-0.0230335,0.0,HAIRPIN_LEFT,62.34669876098633,0.18868780660073559,43.883224,2,9.0,0.55,18.0,-0.00023851031,0.10111491,0.0,1,False,-0.00023851031437516212,0.1011149063706398,0.0,1,0,5.29671,12.1727,25.6536,181.866,99.6483,81.3396,74.0988,68.7543,65.3914,62.3467,59.577,57.0474,53.8528,50.6225,45.5263,37.9636,29.7568,22.3519,11.5764
2026-08-04T12:40:26+0200,160,0,2.27,0.309815,10.1521,25.432300567626953,-0.000861639971844852,0.19960500299930573,5235.99,1,99.9853,0.0,0.369698,-0.0220058,0.0,HAIRPIN_LEFT,62.19020080566406,0.18893255694597022,43.87162,2,9.0,0.55,18.0,0.0012770852,0.100619934,0.0,1,False,0.0012770851608365774,0.10061993449926376,0.0,1,0,5.29724,12.2042,26.033,181.404,99.3973,81.1353,73.9127,68.5819,65.2273,62.1902,59.4277,56.9043,53.718,50.4957,45.4124,37.8686,29.6879,22.3116,11.5701
2026-08-04T12:40:26+0200,161,0,2.292,0.467736,10.31,25.515100479125977,0.0026237498968839645,0.19494299590587616,5235.99,1,99.9853,0.0,0.370257,-0.0209916,0.0,HAIRPIN_LEFT,62.03900146484375,0.18920883534654667,43.85996,2,9.0,0.55,18.0,0.0032062891,0.09999555,0.0,1,False,0.003206289140507579,0.09999555349349976,0.0,1,0,5.29789,12.2357,26.4407,180.988,99.16,80.9397,73.734,68.4156,65.069,62.039,59.283,56.7657,53.5868,50.3722,45.3011,37.7754,29.6197,22.2717,11.5636
2026-08-04T12:40:26+0200,162,0,2.314,0.626207,10.4684,25.597299575805664,0.009078940376639366,0.1920589953660965,5235.99,1,99.9853,0.0,0.370796,-0.0200038,0.0,HAIRPIN_LEFT,61.89720153808594,0.1895341157166741,43.848236,2,9.0,0.55,18.0,0.0053804726,0.099312775,0.0,1,False,0.005380472633987665,0.09931277483701706,0.0,1,0,5.29858,12.2668,26.8743,180.656,98.9473,80.7606,73.5688,68.2608,64.921,61.8972,59.147,56.6346,53.4626,50.2548,45.1946,37.6855,29.5534,22.233,11.5573
2026-08-04T12:40:26+0200,163,0,2.336,0.785173,10.6274,25.678600311279297,0.016432899981737137,0.19112400710582733,5235.99,1,99.9853,0.0,0.371323,-0.0190466,0.0,HAIRPIN_LEFT,61.76649856567383,0.1899135768516352,43.83644,2,9.0,0.55,18.0,0.007684773,0.09861945,0.0,1,False,0.007684772834181786,0.09861945360898972,0.0,1,0,5.29922,12.2971,27.3376,180.42,98.7636,80.6004,73.4194,68.1196,64.7851,61.7665,59.021,56.5131,53.3466,50.1447,45.094,37.5996,29.4898,22.1957,11.5513
2026-08-04T12:40:26+0200,164,0,2.358,0.94467,10.7869,25.760099411010742,0.026793599128723145,0.1916469931602478,5235.99,1,99.9853,0.0,0.371829,-0.0181332,0.0,HAIRPIN_LEFT,61.65079879760742,0.19036672476624847,43.824528,2,9.0,0.55,18.0,0.010032469,0.09791477,0.0,1,False,0.010032469406723976,0.09791477024555206,0.0,1,0,5.2998,12.3262,27.8295,180.318,98.6187,80.4663,73.2913,67.9968,64.6661,61.6508,58.9087,56.4039,53.2418,50.0443,45.0011,37.519,29.4291,22.1602,11.5456
2026-08-04T12:40:26+0200,165,0,2.38,1.10462,10.9469,25.840999603271484,0.035336099565029144,0.19308799505233765,5235.99,1,99.9853,0.0,0.37233,-0.0172549,0.0,HAIRPIN_LEFT,61.547698974609375,0.1908843458643398,43.812473,2,9.0,0.55,18.0,0.012373833,0.09721328,0.0,1,False,0.012373832985758781,0.09721328318119049,0.0,1,0,5.30022,12.354,28.3628,180.324,98.5065,80.3539,73.1811,67.8894,64.5608,61.5477,58.8077,56.3053,53.1459,49.9521,44.9148,37.443,29.3714,22.1265,11.5402
2026-08-04T12:40:26+0200,166,0,2.402,1.26513,11.1074,25.92099952697754,0.043355200439691544,0.19497999548912048,5235.99,1,99.9853,0.0,0.372813,-0.0164074,0.0,HAIRPIN_LEFT,61.455501556396484,0.1914664945080165,43.800262,2,9.0,0.55,18.0,0.014682546,0.09651838,0.0,1,False,0.014682546257972717,0.0965183824300766,0.0,1,0,5.30067,12.3811,28.9568,180.429,98.4232,80.26,73.0865,67.7955,64.4677,61.4555,58.7166,56.2159,53.0586,49.8668,44.8344,37.3708,29.3158,22.094,11.5351
2026-08-04T12:40:26+0200,167,0,2.424,1.42611,11.2684,25.973400115966797,0.05003239959478378,0.016642600297927856,5235.99,1,99.9853,0.0,0.373286,-0.0156093,0.0,HAIRPIN_LEFT,61.380401611328125,0.19214060545337133,43.78862,2,9.0,0.55,18.0,0.016921803,0.095982604,0.0,1,False,0.01692180335521698,0.09598260372877121,0.0,1,0,5.30093,12.4064,29.6233,180.687,98.3838,80.1955,73.0162,67.7221,64.393,61.3804,58.6412,56.1402,52.9837,49.7931,44.7627,37.3046,29.2639,22.0638,11.5304
2026-08-04T12:40:26+0200,168,0,2.446,1.58759,11.4298,26.083799362182617,0.061309099197387695,-0.03636449947953224,5235.99,1,99.9853,0.0,0.373749,-0.0148899,0.0,HAIRPIN_LEFT,61.332298278808594,0.19294142412627993,43.775036,2,9.0,0.55,18.0,0.01903831,0.09511964,0.0,1,False,0.019038310274481773,0.09511964023113251,0.0,1,0,5.30085,12.4285,30.3429,181.185,98.4151,80.1774,72.9841,67.6816,64.3482,61.3323,58.5905,56.0875,52.9285,49.7366,44.705,37.2481,29.2179,22.0372,11.5265
2026-08-04T12:40:26+0200,169,0,2.468,1.74959,11.5918,26.16080093383789,0.07020670175552368,-0.02177250012755394,5235.99,1,99.9853,0.0,0.374201,-0.0141526,0.0,HAIRPIN_LEFT,61.27899932861328,0.19373614288893815,43.762344,2,9.0,0.55,18.0,0.021094406,0.09445631,0.0,1,False,0.02109440602362156,0.09445630759000778,0.0,1,0,5.30096,12.4518,31.0965,181.646,98.4337,80.151,72.9452,67.6354,64.298,61.279,58.5348,56.0304,52.8699,49.6767,44.6448,37.1897,29.1705,22.0096,11.5223
2026-08-04T12:40:26+0200,170,0,2.49,1.91206,11.7543,26.23710060119629,0.07823619991540909,0.015236199833452702,5235.99,1,99.9853,0.0,0.374647,-0.0134662,0.0,HAIRPIN_LEFT,61.243499755859375,0.19457401085767423,43.749912,2,9.0,0.55,18.0,0.023060983,0.09380551,0.0,1,False,0.023060983046889305,0.09380550682544708,0.0,1,0,5.30085,12.473,31.7633,182.253,98.4992,80.1555,72.9318,67.6107,64.2674,61.2435,58.4957,55.988,52.8243,49.6285,44.5938,37.1377,29.127,21.9844,11.5186
2026-08-04T12:40:26+0200,171,0,2.512,2.07504,11.9173,26.31290054321289,0.08624940365552902,0.058713801205158234,5235.99,1,99.9853,0.0,0.375084,-0.0128189,0.0,HAIRPIN_LEFT,61.22200012207031,0.19541825827474085,43.737934,2,9.0,0.55,18.0,0.024931338,0.09316864,0.0,1,False,0.02493133768439293,0.09316863864660263,0.0,1,0,5.30062,12.4928,32.3585,182.891,98.6026,80.1842,72.9381,67.6032,64.2522,61.222,58.469,55.9572,52.7891,49.5893,44.55,37.0906,29.0863,21.9609,11.5152
2026-08-04T12:40:26+0200,172,0,2.534,2.23846,12.0807,26.387699127197266,0.09432409703731537,0.09359090030193329,5235.99,1,99.9853,0.0,0.375509,-0.0121985,0.0,HAIRPIN_LEFT,61.21039962768555,0.1962539724758473,43.72642,2,9.0,0.55,18.0,0.026713746,0.09254868,0.0,1,False,0.026713745668530464,0.0925486832857132,0.0,1,0,5.30034,12.5117,32.8981,183.518,98.732,80.2305,72.9587,67.6076,64.2478,61.2104,58.4517,55.9347,52.7609,49.5564,44.5113,37.0469,29.0474,21.9385,11.5121
2026-08-04T12:40:26+0200,173,0,2.556,2.40237,12.2446,26.462499618530273,0.10228999704122543,0.11020900309085846,5235.99,1,99.9853,0.0,0.375933,-0.0116157,0.0,HAIRPIN_LEFT,61.212799072265625,0.1970918276391181,43.71536,2,9.0,0.55,18.0,0.028401416,0.09193966,0.0,1,False,0.028401415795087814,0.09193965792655945,0.0,1,0,5.29986,12.529,33.3673,184.16,98.8995,80.3012,72.9995,67.6295,64.2588,61.2128,58.4467,55.9238,52.7431,49.5326,44.48,37.0083,29.0115,21.9179,11.5094
2026-08-04T12:40:26+0200,174,0,2.578,2.56674,12.409,26.536800384521484,0.10746099799871445,0.11418899893760681,5235.99,1,99.9853,0.0,0.376345,-0.0110569,0.0,HAIRPIN_LEFT,61.22420120239258,0.19792181826290367,43.704704,2,9.0,0.55,18.0,0.030005002,0.09134667,0.0,1,False,0.03000500239431858,0.09134667366743088,0.0,1,0,5.29937,12.5455,33.7869,184.787,99.092,80.3878,73.0533,67.6623,64.28,61.2242,58.45,55.9203,52.7319,49.5147,44.453,36.9728,28.9772,21.8982,11.5068
2026-08-04T12:40:26+0200,175,0,2.6,2.73155,12.5738,26.61009979248047,0.11455799639225006,0.11140800267457962,5235.99,1,99.9853,0.0,0.37675,-0.0105313,0.0,HAIRPIN_LEFT,61.24810028076172,0.19875359061824183,43.6945,2,9.0,0.55,18.0,0.031521562,0.090767525,0.0,1,False,0.03152156248688698,0.0907675251364708,0.0,1,0,5.29876,12.5608,34.1465,185.42,99.3187,80.4964,73.125,67.7107,64.3149,61.2481,58.4644,55.9269,52.7298,49.5045,44.4326,36.9414,28.9453,21.88,11.5045
2026-08-04T12:40:26+0200,176,0,2.622,2.8968,12.739,26.683500289916992,0.12224800139665604,0.10609199851751328,5235.99,1,99.9853,0.0,0.377149,-0.0100439,0.0,HAIRPIN_LEFT,61.28609848022461,0.19958861257957344,43.684746,2,9.0,0.55,18.0,0.032940406,0.09019769,0.0,1,False,0.03294040635228157,0.09019768983125687,0.0,1,0,5.29795,12.5745,34.4419,186.065,99.5852,80.6304,73.218,67.7765,64.3656,61.2861,58.4919,55.9457,52.7382,49.5036,44.4193,36.915,28.9161,21.8635,11.5026
2026-08-04T12:40:26+0200,177,0,2.644,3.06256,12.9048,26.75589942932129,0.12740600109100342,0.10035300254821777,5235.99,1,99.9853,0.0,0.377543,-0.00958041,0.0,HAIRPIN_LEFT,61.33369827270508,0.2004209227902058,43.675377,2,9.0,0.55,18.0,0.03426048,0.08964584,0.0,1,False,0.03426048159599304,0.08964584022760391,0.0,1,0,5.29711,12.5871,34.6911,186.699,99.8798,80.782,73.3246,67.8543,64.4273,61.3337,58.5282,55.9721,52.7535,49.5087,44.4111,36.892,28.8888,21.8479,11.5009
2026-08-04T12:40:26+0200,178,0,2.666,3.22875,13.071,26.82819938659668,0.13183699548244476,0.09520979970693588,5235.99,1,99.9853,0.0,0.37793,-0.00913595,0.0,HAIRPIN_LEFT,61.38949966430664,0.20124854746687687,43.666336,2,9.0,0.55,18.0,0.035498306,0.089104965,0.0,1,False,0.03549830615520477,0.08910496532917023,0.0,1,0,5.29619,12.5992,34.9036,187.317,100.197,80.9483,73.4432,67.9423,64.4976,61.3895,58.5718,56.0052,52.7746,49.519,44.4067,36.8717,28.8625,21.8333,11.4994
2026-08-04T12:40:27+0200,179,0,2.688,3.39535,13.2376,26.899599075317383,0.13607099652290344,0.09111230075359344,5235.99,1,99.9853,0.0,0.378311,-0.00871067,0.0,HAIRPIN_LEFT,61.4536018371582,0.2020748775665858,43.65762,2,9.0,0.55,18.0,0.036664493,0.08857769,0.0,1,False,0.03666449338197708,0.08857768774032593,0.0,1,0,5.29526,12.6105,35.0797,187.922,100.54,81.1298,73.5741,68.0406,64.577,61.4536,58.6226,56.0452,52.8015,49.5345,44.4064,36.854,28.8378,21.8194,11.498
2026-08-04T12:40:27+0200,180,0,2.71,3.56247,13.4047,26.970800399780273,0.14299799501895905,0.08803609758615494,5235.99,1,99.9853,0.0,0.378688,-0.00831836,0.0,HAIRPIN_LEFT,61.53099822998047,0.20290784423933714,43.6493,2,9.0,0.55,18.0,0.037751712,0.08805755,0.0,1,False,0.037751711905002594,0.08805754780769348,0.0,1,0,5.29415,12.6203,35.2062,188.535,100.921,81.335,73.7246,68.1552,64.6713,61.531,58.6857,56.0958,52.8382,49.5583,44.4127,36.8408,28.8154,21.8069,11.4969
2026-08-04T12:40:27+0200,181,0,2.732,3.73,13.5722,27.041000366210938,0.14802800118923187,0.08630180358886719,5235.99,1,99.9853,0.0,0.379059,-0.00795134,0.0,HAIRPIN_LEFT,61.61859893798828,0.2037462223997572,43.641304,2,9.0,0.55,18.0,0.038763326,0.087552704,0.0,1,False,0.03876332566142082,0.08755270391702652,0.0,1,0,5.29295,12.6291,35.2956,189.144,101.334,81.5603,73.8904,68.2829,64.7776,61.6186,58.758,56.1551,52.8824,49.5886,44.4244,36.8311,28.7947,21.7955,11.496
2026-08-04T12:40:27+0200,182,0,2.754,3.89794,13.7402,27.110599517822266,0.15314699709415436,0.11802399903535843,5235.99,1,99.9853,0.0,0.379425,-0.0076076,0.0,HAIRPIN_LEFT,61.716800689697266,0.20458662872951072,43.633667,2,9.0,0.55,18.0,0.03970331,0.087059185,0.0,1,False,0.039703309535980225,0.08705918490886688,0.0,1,0,5.29169,12.637,35.3491,189.748,101.777,81.8043,74.0719,68.4236,64.8948,61.7168,58.8397,56.223,52.9341,49.6254,44.4409,36.8249,28.7758,21.7851,11.4954
2026-08-04T12:40:27+0200,183,0,2.776,4.06632,13.9086,27.179000854492188,0.15754200518131256,0.14701099693775177,5235.99,1,99.9853,0.0,0.379789,-0.00728416,0.0,HAIRPIN_LEFT,61.82419967651367,0.20543393678657376,43.626305,2,9.0,0.55,18.0,0.040576976,0.08657987,0.0,1,False,0.04057697579264641,0.08657986670732498,0.0,1,0,5.29031,12.6439,35.3746,190.344,102.25,82.066,74.2673,68.5762,65.0229,61.8242,58.9297,56.2982,52.9921,49.668,44.4622,36.8216,28.7583,21.7756,11.4949
2026-08-04T12:40:27+0200,184,0,2.798,4.23517,14.0774,27.24720001220703,0.1616699993610382,0.1688780039548874,5235.99,1,99.9853,0.0,0.38015,-0.006979,0.0,HAIRPIN_LEFT,61.94060134887695,0.20628599451529114,43.619205,2,9.0,0.55,18.0,0.041389715,0.08610858,0.0,1,False,0.04138971492648125,0.08610858023166656,0.0,1,0,5.28886,12.6501,35.3743,190.933,102.752,82.3449,74.4764,68.7399,65.161,61.9406,59.0278,56.3809,53.0569,49.716,44.4875,36.8212,28.742,21.7669,11.4947
2026-08-04T12:40:27+0200,185,0,2.82,4.40443,14.2467,27.314300537109375,0.16294999420642853,0.18340499699115753,5235.99,1,99.9853,0.0,0.380503,-0.00667793,0.0,HAIRPIN_LEFT,62.06100082397461,0.20713763771781185,43.61228,2,9.0,0.55,18.0,0.042160098,0.085651256,0.0,1,False,0.042160097509622574,0.08565125614404678,0.0,1,0,5.28744,12.6562,35.3654,191.498,103.269,82.632,74.6919,68.9088,65.3033,62.061,59.1294,56.4665,53.124,49.7662,44.5147,36.8219,28.726,21.7582,11.4944
2026-08-04T12:40:27+0200,186,0,2.842,4.57408,14.4163,27.381200790405273,0.16614800691604614,0.18915799260139465,5235.99,1,99.9853,0.0,0.380852,-0.00639021,0.0,HAIRPIN_LEFT,62.18830108642578,0.20799393025557705,43.605556,2,9.0,0.55,18.0,0.0428902,0.08519795,0.0,1,False,0.04289019852876663,0.08519794791936874,0.0,1,0,5.28604,12.6619,35.3399,192.053,103.81,82.9332,74.9183,69.0869,65.4538,62.1883,59.2375,56.558,53.196,49.821,44.5452,36.8248,28.7109,21.7501,11.4942
2026-08-04T12:40:27+0200,187,0,2.864,4.74414,14.5864,27.44700050354004,0.16992999613285065,0.186941996216774,5235.99,1,99.9853,0.0,0.381198,-0.0061213,0.0,HAIRPIN_LEFT,62.32529830932617,0.2088604940283283,43.59909,2,9.0,0.55,18.0,0.04357595,0.08475493,0.0,1,False,0.0435759499669075,0.08475492894649506,0.0,1,0,5.28451,12.6667,35.2918,192.604,104.383,83.2533,75.1594,69.2772,65.6152,62.3253,59.354,56.6572,53.2751,49.8814,44.5803,36.8307,28.697,21.7429,11.4942
2026-08-04T12:40:27+0200,188,0,2.886,4.9146,14.7568,27.512500762939453,0.17394700646400452,0.17976100742816925,5235.99,1,99.9853,0.0,0.381541,-0.00587184,0.0,HAIRPIN_LEFT,62.472198486328125,0.20973818966921454,43.592857,2,9.0,0.55,18.0,0.044213887,0.08431827,0.0,1,False,0.04421388730406761,0.08431827276945114,0.0,1,0,5.28289,12.6708,35.2233,193.152,104.989,83.5922,75.4158,69.4799,65.7874,62.4722,59.4794,56.7642,53.3607,49.9476,44.6201,36.8397,28.6846,21.7365,11.4943
2026-08-04T12:40:27+0200,189,0,2.908,5.08549,14.9277,27.57699966430664,0.17537200450897217,0.17068299651145935,5235.99,1,99.9853,0.0,0.381879,-0.00562767,0.0,HAIRPIN_LEFT,62.6239013671875,0.21061981341735142,43.586777,2,9.0,0.55,18.0,0.04481637,0.08389358,0.0,1,False,0.04481637105345726,0.08389358222484589,0.0,1,0,5.28131,12.6745,35.148,193.684,105.614,83.9419,75.6801,69.6891,65.9655,62.6239,59.609,56.8752,53.4501,50.0169,44.6619,36.8498,28.6725,21.7303,11.4945
2026-08-04T12:40:27+0200,190,0,2.93,5.25679,15.099,27.641000747680664,0.17878100275993347,0.1625940054655075,5235.99,1,99.9853,0.0,0.382212,-0.00539785,0.0,HAIRPIN_LEFT,62.78390121459961,0.2115123541105377,43.580894,2,9.0,0.55,18.0,0.04538224,0.08347387,0.0,1,False,0.045382238924503326,0.08347386866807938,0.0,1,0,5.2797,12.6778,35.059,194.21,106.269,84.3082,75.957,69.9091,66.1525,62.7839,59.7459,56.9927,53.5448,50.0909,44.7076,36.8626,28.6616,21.7245,11.4948
2026-08-04T12:40:27+0200,191,0,2.952,5.42846,15.2707,27.703899383544922,0.18011699616909027,0.15768000483512878,5235.99,1,99.9853,0.0,0.382543,-0.0051742,0.0,HAIRPIN_LEFT,62.94969940185547,0.21241212282912544,43.57516,2,9.0,0.55,18.0,0.045918673,0.08306545,0.0,1,False,0.045918673276901245,0.0830654501914978,0.0,1,0,5.27808,12.6808,34.9632,194.723,106.946,84.6863,76.2435,70.1362,66.3464,62.9497,59.8879,57.1145,53.6433,50.1681,44.7555,36.8769,28.6518,21.719,11.4951
2026-08-04T12:40:27+0200,192,0,2.974,5.60053,15.4428,27.766399383544922,0.18355000019073486,0.15604299306869507,5235.99,1,99.9853,0.0,0.382871,-0.00496545,0.0,HAIRPIN_LEFT,63.12409973144531,0.21332461202433106,43.569607,2,9.0,0.55,18.0,0.04642157,0.08266083,0.0,1,False,0.04642156884074211,0.08266083151102066,0.0,1,0,5.27637,12.6832,34.8548,195.232,107.656,85.0828,76.5441,70.3751,66.5503,63.1241,60.0379,57.2434,53.7482,50.2505,44.8077,36.894,28.6435,21.7143,11.4956
2026-08-04T12:40:27+0200,193,0,2.996,5.773,15.6152,27.828699111938477,0.18486599624156952,0.15668299794197083,5235.99,1,99.9853,0.0,0.383197,-0.00476235,0.0,HAIRPIN_LEFT,63.304298400878906,0.21424538937764243,43.564167,2,9.0,0.55,18.0,0.046897363,0.08226227,0.0,1,False,0.04689736291766167,0.08226227015256882,0.0,1,0,5.27467,12.6853,34.7425,195.73,108.389,85.4921,76.854,70.6215,66.7604,63.3043,60.1928,57.3771,53.8566,50.3364,44.8624,36.9124,28.6361,21.7097,11.4961
2026-08-04T12:40:27+0200,194,0,3.018,5.94585,15.7881,27.889699935913086,0.18826599419116974,0.1587900072336197,5235.99,1,99.9853,0.0,0.383517,-0.00457412,0.0,HAIRPIN_LEFT,63.49359893798828,0.21518126083450634,43.55893,2,9.0,0.55,18.0,0.047341734,0.08187223,0.0,1,False,0.047341734170913696,0.08187223225831985,0.0,1,0,5.27293,12.6869,34.6181,196.224,109.157,85.9199,77.1785,70.8797,66.9812,63.4936,60.3559,57.5175,53.9715,50.4275,44.921,36.9334,28.6301,21.7057,11.4968
2026-08-04T12:40:27+0200,195,0,3.04,6.11908,15.9613,27.95050048828125,0.18953000009059906,0.16144999861717224,5235.99,1,99.9853,0.0,0.383835,-0.00439167,0.0,HAIRPIN_LEFT,63.6890983581543,0.21612729238436418,43.55381,2,9.0,0.55,18.0,0.047760244,0.08148807,0.0,1,False,0.0477602444589138,0.08148807287216187,0.0,1,0,5.27118,12.6883,34.4901,196.708,109.951,86.3611,77.5128,71.1457,67.2086,63.6891,60.5242,57.6629,54.0901,50.5218,44.9821,36.9561,28.6249,21.7018,11.4974
2026-08-04T12:40:27+0200,196,0,3.062,6.29266,16.1349,28.010000228881836,0.19288699328899384,0.16407200694084167,5235.99,1,99.9853,0.0,0.384153,-0.00422404,0.0,HAIRPIN_LEFT,63.89419937133789,0.21709133841259845,43.548866,2,9.0,0.55,18.0,0.048147406,0.08111213,0.0,1,False,0.04814740642905235,0.08111213147640228,0.0,1,0,5.26933,12.6889,34.3521,197.189,110.782,86.8228,77.863,71.4249,67.4472,63.8942,60.7008,57.8158,54.2155,50.6218,45.0475,36.9815,28.6215,21.6988,11.4983
2026-08-04T12:40:27+0200,197,0,3.084,6.46663,16.3089,28.06920051574707,0.19412200152873993,0.1661989986896515,5235.99,1,99.9853,0.0,0.384468,-0.00406201,0.0,HAIRPIN_LEFT,64.10540008544922,0.21806641558161316,43.54403,2,9.0,0.55,18.0,0.048509087,0.080742404,0.0,1,False,0.04850908741354942,0.08074240386486053,0.0,1,0,5.26749,12.6894,34.2103,197.662,111.641,87.2988,78.2237,71.7121,67.693,64.1054,60.8833,57.9737,54.3448,50.7254,45.1155,37.0087,28.6189,21.6958,11.4991
2026-08-04T12:40:27+0200,198,0,3.106,6.64097,16.4832,28.12820053100586,0.19746899604797363,0.16769899427890778,5235.99,1,99.9853,0.0,0.384778,-0.00391449,0.0,HAIRPIN_LEFT,64.32669830322266,0.2190599181909974,43.53936,2,9.0,0.55,18.0,0.048840392,0.08037497,0.0,1,False,0.048840392380952835,0.08037497103214264,0.0,1,0,5.26563,12.6891,34.0609,198.132,112.539,87.7959,78.6003,72.0123,67.9504,64.3267,61.0745,58.1393,54.481,50.8344,45.188,37.0386,28.618,21.6936,11.5001
2026-08-04T12:40:27+0200,199,0,3.128,6.8157,16.6579,28.186399459838867,0.19906699657440186,0.1872279942035675,5235.99,1,99.9853,0.0,0.385091,-0.00377166,0.0,HAIRPIN_LEFT,64.55419921875,0.22006749206327902,43.534767,2,9.0,0.55,18.0,0.049147084,0.08001573,0.0,1,False,0.04914708435535431,0.08001572638750076,0.0,1,0,5.26368,12.6886,33.9092,198.593,113.468,88.3079,78.9885,72.3211,68.2149,64.5542,61.2712,58.3099,54.6212,50.9472,45.263,37.0701,28.6179,21.6915,11.5011
2026-08-04T12:40:27+0200,200,0,3.15,6.99077,16.833,28.243499755859375,0.19989800453186035,0.22835199534893036,5235.99,1,99.9853,0.0,0.385396,-0.003628,0.0,HAIRPIN_LEFT,64.78589630126953,0.2210867313591402,43.53025,2,9.0,0.55,18.0,0.049439915,0.07966503,0.0,1,False,0.049439914524555206,0.07966502755880356,0.0,1,0,5.26184,12.6884,33.7616,199.042,114.42,88.8307,79.3836,72.6358,68.4841,64.7859,61.4711,58.4833,54.764,51.0618,45.3392,37.1023,28.6182,21.6892,11.5021
2026-08-04T12:40:27+0200,201,0,3.172,7.16619,17.0084,28.300600051879883,0.2002979964017868,0.2632780075073242,5235.99,1,99.9853,0.0,0.385704,-0.00348477,0.0,HAIRPIN_LEFT,65.02279663085938,0.22211610221289035,43.525787,2,9.0,0.55,18.0,0.04972297,0.07931607,0.0,1,False,0.04972296953201294,0.07931607216596603,0.0,1,0,5.25996,12.6881,33.6143,199.48,115.398,89.3657,79.7879,72.9573,68.7595,65.0228,61.6758,58.6606,54.9098,51.1791,45.4177,37.1357,28.6192,21.6871,11.5031
2026-08-04T12:40:27+0200,202,0,3.194,7.34195,17.1842,28.356800079345703,0.203233003616333,0.2810330092906952,5235.99,1,99.9853,0.0,0.386007,-0.00335737,0.0,HAIRPIN_LEFT,65.27069854736328,0.22317027501156955,43.521484,2,9.0,0.55,18.0,0.049984675,0.07897177,0.0,1,False,0.04998467490077019,0.07897177338600159,0.0,1,0,5.25802,12.687,33.4588,199.918,116.423,89.9256,80.2107,73.294,69.0473,65.2707,61.89,58.8466,55.0631,51.3026,45.5007,37.1722,28.6218,21.6855,11.5042
2026-08-04T12:40:27+0200,203,0,3.216,7.51809,17.3603,28.41320037841797,0.20419000089168549,0.28520700335502625,5235.99,1,99.9853,0.0,0.386309,-0.00323649,0.0,HAIRPIN_LEFT,65.52629852294922,0.224141093773622,43.518097,2,9.0,0.55,18.0,0.05022611,0.07863664,0.0,1,False,0.050226110965013504,0.07863663882017136,0.0,1,0,5.25607,12.6858,33.3007,200.0,117.486,90.5035,80.6469,73.641,69.3444,65.5263,62.1111,59.0386,55.2213,51.4304,45.5868,37.2106,28.6256,21.6842,11.5054
2026-08-04T12:40:27+0200,204,0,3.238,7.69459,17.5368,28.46969985961914,0.2046010047197342,0.2821890115737915,5235.99,1,99.9853,0.0,0.386607,-0.00311571,0.0,HAIRPIN_LEFT,65.78679656982422,0.22510781302323282,43.514877,2,9.0,0.55,18.0,0.050454814,0.07830401,0.0,1,False,0.05045481398701668,0.07830400764942169,0.0,1,0,5.25415,12.6846,33.1465,200.0,118.579,91.095,81.0926,73.9952,69.6474,65.7868,62.3365,59.2341,55.3826,51.5605,45.6748,37.25,28.63,21.683,11.5065
2026-08-04T12:40:27+0200,205,0,3.26,7.87142,17.7137,28.52549934387207,0.2048799991607666,0.2763440012931824,5235.99,1,99.9853,0.0,0.386902,-0.00299503,0.0,HAIRPIN_LEFT,66.05290222167969,0.22609195973303323,43.511696,2,9.0,0.55,18.0,0.050675713,0.07797628,0.0,1,False,0.050675712525844574,0.0779762789607048,0.0,1,0,5.25227,12.6835,32.9933,200.0,119.703,91.7005,81.548,74.3567,69.9567,66.0529,62.5665,59.4339,55.5471,51.6934,45.7646,37.2904,28.6348,21.6817,11.5077
2026-08-04T12:40:27+0200,206,0,3.282,8.04861,17.8909,28.581100463867188,0.2079170048236847,0.2700890004634857,5235.99,1,99.9853,0.0,0.387197,-0.00288874,0.0,HAIRPIN_LEFT,66.33080291748047,0.2271037822783905,43.508636,2,9.0,0.55,18.0,0.050877206,0.07764888,0.0,1,False,0.05087720602750778,0.07764887809753418,0.0,1,0,5.25028,12.6816,32.8327,200.0,120.879,92.3324,82.0234,74.7342,70.2796,66.3308,62.8066,59.6425,55.7196,51.8328,45.8594,37.3342,28.6414,21.681,11.5089
2026-08-04T12:40:27+0200,207,0,3.304,8.22614,18.0684,28.636699676513672,0.20908500254154205,0.26482298970222473,5235.99,1,99.9853,0.0,0.387492,-0.00278831,0.0,HAIRPIN_LEFT,66.6167984008789,0.22814096472884024,43.505585,2,9.0,0.55,18.0,0.051060256,0.077324264,0.0,1,False,0.051060255616903305,0.0773242637515068,0.0,1,0,5.24826,12.6796,32.6721,200.0,122.1,92.9847,82.5136,75.1231,70.6121,66.6168,63.054,59.8573,55.8972,51.9766,45.9574,37.3796,28.6491,21.6805,11.5103
2026-08-04T12:40:27+0200,208,0,3.326,8.40402,18.2463,28.6914005279541,0.20966899394989014,0.26098498702049255,5235.99,1,99.9853,0.0,0.387782,-0.00268803,0.0,HAIRPIN_LEFT,66.90869903564453,0.22919882493359198,43.502563,2,9.0,0.55,18.0,0.051232032,0.07700613,0.0,1,False,0.05123203247785568,0.07700613141059875,0.0,1,0,5.2463,12.6776,32.5137,200.0,123.356,93.653,83.0143,75.5203,70.9513,66.9087,63.3063,60.0765,56.0781,52.1231,46.0573,37.4263,28.6574,21.68,11.5115
2026-08-04T12:40:27+0200,209,0,3.348,8.58222,18.4245,28.746000289916992,0.21007199585437775,0.2585969865322113,5235.99,1,99.9853,0.0,0.388072,-0.00258778,0.0,HAIRPIN_LEFT,67.20649719238281,0.23027916558905812,43.499516,2,9.0,0.55,18.0,0.05139652,0.076689176,0.0,1,False,0.05139651894569397,0.07668917626142502,0.0,1,0,5.24433,12.6756,32.3572,200.0,124.651,94.3377,83.527,75.9258,71.298,67.2065,63.5637,60.3,56.2629,52.2726,46.1593,37.4741,28.6664,21.6795,11.5129
2026-08-04T12:40:27+0200,210,0,3.37,8.76077,18.603,28.800399780273438,0.21042099595069885,0.2576729953289032,5235.99,1,99.9853,0.0,0.388357,-0.00248734,0.0,HAIRPIN_LEFT,67.51029968261719,0.23138116668473535,43.496468,2,9.0,0.55,18.0,0.051557187,0.076373816,0.0,1,False,0.051557186990976334,0.07637381553649902,0.0,1,0,5.24242,12.6736,32.2027,200.0,125.983,95.039,84.051,76.3405,71.6517,67.5103,63.8264,60.528,56.4511,52.425,46.2633,37.5233,28.6759,21.6789,11.5141
2026-08-04T12:40:27+0200,211,0,3.392,8.93967,18.7819,28.854000091552734,0.21352800726890564,0.25804999470710754,5235.99,1,99.9853,0.0,0.388646,-0.00240187,0.0,HAIRPIN_LEFT,67.82779693603516,0.23251693999635034,43.493546,2,9.0,0.55,18.0,0.051700056,0.07606175,0.0,1,False,0.051700055599212646,0.07606174796819687,0.0,1,0,5.24035,12.6709,32.0419,200.0,127.383,95.7716,84.598,76.7729,72.0209,67.8278,64.1006,60.7661,56.648,52.5847,46.373,37.5758,28.6874,21.6789,11.5156
2026-08-04T12:40:27+0200,212,0,3.414,9.11889,18.9611,28.90730094909668,0.2147970050573349,0.26225200295448303,5235.99,1,99.9853,0.0,0.388931,-0.00232301,0.0,HAIRPIN_LEFT,68.15440368652344,0.23368236354375901,43.490646,2,9.0,0.55,18.0,0.05182534,0.075753905,0.0,1,False,0.05182534083724022,0.07575390487909317,0.0,1,0,5.23831,12.6681,31.8803,200.0,128.837,96.5292,85.1625,77.2187,72.4012,68.1544,64.3832,61.0114,56.8508,52.7493,46.4861,37.6303,28.7001,21.6793,11.5171
2026-08-04T12:40:27+0200,213,0,3.436,9.29844,19.1407,28.9601993560791,0.21596600115299225,0.2904689908027649,5235.99,1,99.9853,0.0,0.389219,-0.00224773,0.0,HAIRPIN_LEFT,68.49019622802734,0.23487565292954676,43.48777,2,9.0,0.55,18.0,0.05193535,0.075449444,0.0,1,False,0.0519353486597538,0.07544944435358047,0.0,1,0,5.23625,12.6649,31.7185,200.0,130.343,97.3094,85.7431,77.6768,72.7919,68.4902,64.6729,61.2633,57.059,52.9183,46.6023,37.6868,28.7136,21.6799,11.5186
2026-08-04T12:40:27+0200,214,0,3.458,9.47832,19.3206,29.012100219726562,0.21639400720596313,0.3143959939479828,5235.99,1,99.9853,0.0,0.389501,-0.00217278,0.0,HAIRPIN_LEFT,68.83280181884766,0.23609799972344153,43.484875,2,9.0,0.55,18.0,0.052036095,0.075151466,0.0,1,False,0.0520360954105854,0.0751514658331871,0.0,1,0,5.23421,12.6617,31.5594,200.0,131.9,98.1106,86.3379,78.1454,73.1913,68.8328,64.9688,61.5201,57.2712,53.0907,46.7209,37.7447,28.728,21.6805,11.5201
2026-08-04T12:40:27+0200,215,0,3.48,9.6585,19.5007,29.06369972229004,0.21656599640846252,0.3318310081958771,5235.99,1,99.9853,0.0,0.389786,-0.00209674,0.0,HAIRPIN_LEFT,69.18240356445312,0.237344716953373,43.481964,2,9.0,0.55,18.0,0.052131634,0.0748557,0.0,1,False,0.05213163420557976,0.07485570013523102,0.0,1,0,5.23213,12.6587,31.4019,200.0,133.506,98.9315,86.9459,78.6238,73.5986,69.1824,65.2707,61.7819,57.4876,53.2662,46.8418,37.8037,28.743,21.6809,11.5216
2026-08-04T12:40:27+0200,216,0,3.502,9.83903,19.6813,29.11520004272461,0.2166530042886734,0.34265899658203125,5235.99,1,99.9853,0.0,0.390063,-0.00201927,0.0,HAIRPIN_LEFT,69.53849792480469,0.23862062884103782,43.478996,2,9.0,0.55,18.0,0.052226312,0.07456045,0.0,1,False,0.05222631245851517,0.07456044852733612,0.0,1,0,5.23017,12.6558,31.2483,200.0,135.163,99.7726,87.5676,79.1124,74.0142,69.5385,65.5778,62.0485,57.7078,53.4447,46.9647,37.8639,28.7586,21.6813,11.523
2026-08-04T12:40:27+0200,217,0,3.524,10.0199,19.8621,29.166500091552734,0.21669700741767883,0.3459469974040985,5235.99,1,99.9853,0.0,0.390343,-0.00194066,0.0,HAIRPIN_LEFT,69.90180206298828,0.23992463222504307,43.47598,2,9.0,0.55,18.0,0.052321263,0.074266,0.0,1,False,0.052321262657642365,0.07426600158214569,0.0,1,0,5.22816,12.653,31.096,200.0,136.875,100.635,88.2037,79.6113,74.4384,69.9018,65.891,62.3201,57.932,53.6266,47.0899,37.9254,28.7748,21.6816,11.5245
2026-08-04T12:40:27+0200,218,0,3.546,10.201,20.0433,29.216899871826172,0.2167530059814453,0.34308499097824097,5235.99,1,99.9853,0.0,0.390617,-0.00186125,0.0,HAIRPIN_LEFT,70.27239990234375,0.24125887249106798,43.47294,2,9.0,0.55,18.0,0.052418172,0.07397614,0.0,1,False,0.05241817235946655,0.07397613674402237,0.0,1,0,5.22622,12.6503,30.9465,200.0,138.644,101.52,88.8547,80.1209,74.8713,70.2724,66.2103,62.5968,58.1604,53.8117,47.2174,37.9882,28.7917,21.6818,11.5259
2026-08-04T12:40:27+0200,219,0,3.568,10.3825,20.2248,29.267000198364258,0.2168699949979782,0.33661800622940063,5235.99,1,99.9853,0.0,0.390892,-0.00178121,0.0,HAIRPIN_LEFT,70.65080261230469,0.24262304301053025,43.469856,2,9.0,0.55,18.0,0.052516967,0.07368744,0.0,1,False,0.05251696705818176,0.07368744164705276,0.0,1,0,5.22428,12.6476,30.799,200.0,140.473,102.428,89.521,80.6424,75.3136,70.6508,66.5363,62.8791,58.3932,54.0004,47.3474,38.0523,28.8092,21.682,11.5273
2026-08-04T12:40:27+0200,220,0,3.59,10.5643,20.4066,29.3169002532959,0.2198439985513687,0.329120010137558,5235.99,1,99.9853,0.0,0.391164,-0.00171585,0.0,HAIRPIN_LEFT,71.0448989868164,0.24403420677301405,43.46683,2,9.0,0.55,18.0,0.052602723,0.07339806,0.0,1,False,0.052602723240852356,0.07339806109666824,0.0,1,0,5.22224,12.6443,30.6463,200.0,142.398,103.377,90.2163,81.1856,75.7746,71.0449,66.8757,63.1731,58.6359,54.1973,47.4833,38.1201,28.8287,21.6827,11.5288
2026-08-04T12:40:27+0200,221,0,3.612,10.7464,20.5887,29.365800857543945,0.2210260033607483,0.3228900134563446,5235.99,1,99.9853,0.0,0.391439,-0.00165751,0.0,HAIRPIN_LEFT,71.45120239257812,0.24548512255671437,43.46383,2,9.0,0.55,18.0,0.05267281,0.07311615,0.0,1,False,0.05267281085252762,0.07311615347862244,0.0,1,0,5.22018,12.6406,30.4922,200.0,144.406,104.36,90.9349,81.7463,76.2501,71.4512,67.2254,63.4764,58.886,54.4003,47.6234,38.1904,28.8496,21.6838,11.5304
2026-08-04T12:40:27+0200,222,0,3.634,10.9288,20.7711,29.4143009185791,0.22165800631046295,0.3195739984512329,5235.99,1,99.9853,0.0,0.391711,-0.00159992,0.0,HAIRPIN_LEFT,71.86689758300781,0.24697415842487822,43.46077,2,9.0,0.55,18.0,0.05273246,0.07283716,0.0,1,False,0.05273246020078659,0.07283715903759003,0.0,1,0,5.21813,12.6369,30.34,200.0,146.491,105.372,91.6724,82.321,76.7365,71.8669,67.583,63.7859,59.1414,54.6073,47.7667,38.2622,28.8714,21.685,11.532
2026-08-04T12:40:27+0200,223,0,3.656,11.1115,20.9538,29.462499618530273,0.22209900617599487,0.31885001063346863,5235.99,1,99.9853,0.0,0.391983,-0.00154275,0.0,HAIRPIN_LEFT,72.29199981689453,0.2485001795170669,43.45765,2,9.0,0.55,18.0,0.052784998,0.072560005,0.0,1,False,0.0527849979698658,0.07256000488996506,0.0,1,0,5.21608,12.6332,30.1884,200.0,148.656,106.413,92.4296,82.9098,77.2348,72.292,67.9487,64.1022,59.4023,54.8189,47.9129,38.3359,28.894,21.6862,11.5336
2026-08-04T12:40:28+0200,224,0,3.678,11.2945,21.1368,29.51059913635254,0.2224549949169159,0.3199610114097595,5235.99,1,99.9853,0.0,0.392253,-0.0014857,0.0,HAIRPIN_LEFT,72.72679901123047,0.25006543839550754,43.45446,2,9.0,0.55,18.0,0.052833103,0.07228332,0.0,1,False,0.05283310264348984,0.0722833201289177,0.0,1,0,5.21408,12.6296,30.0388,200.0,150.904,107.484,93.2065,83.5129,77.7445,72.7268,68.322,64.4254,59.6685,55.0347,48.062,38.4112,28.9174,21.6872,11.5352
2026-08-04T12:40:28+0200,225,0,3.7,11.4778,21.3201,29.5575008392334,0.2227569967508316,0.3221080005168915,5235.99,1,99.9853,0.0,0.392522,-0.00142889,0.0,HAIRPIN_LEFT,73.17140197753906,0.2516713688916189,43.45121,2,9.0,0.55,18.0,0.052878477,0.07201273,0.0,1,False,0.052878476679325104,0.07201272994279861,0.0,1,0,5.21202,12.6258,29.8909,200.0,153.24,108.588,94.0043,84.131,78.2664,73.1714,68.7043,64.7556,59.9404,55.2549,48.2142,38.4882,28.9417,21.6884,11.5368
2026-08-04T12:40:28+0200,226,0,3.722,11.6615,21.5037,29.60409927368164,0.22302499413490295,0.324629008769989,5235.99,1,99.9853,0.0,0.392789,-0.00137205,0.0,HAIRPIN_LEFT,73.6260986328125,0.25332007805048146,43.447872,2,9.0,0.55,18.0,0.052922454,0.07174326,0.0,1,False,0.05292245373129845,0.07174325734376907,0.0,1,0,5.21001,12.6222,29.7443,200.0,155.669,109.724,94.823,84.7642,78.8005,73.6261,69.0943,65.0927,60.2177,55.4796,48.3694,38.5667,28.9669,21.6895,11.5383
2026-08-04T12:40:28+0200,227,0,3.744,11.8454,21.6876,29.65049934387207,0.22327199578285217,0.32701000571250916,5235.99,1,99.9853,0.0,0.393059,-0.0013153,0.0,HAIRPIN_LEFT,74.09120178222656,0.25501135882868653,43.444435,2,9.0,0.55,18.0,0.052965127,0.07147423,0.0,1,False,0.05296512693166733,0.07147423177957535,0.0,1,0,5.20798,12.6185,29.5985,200.0,158.196,110.894,95.6638,85.4134,79.3473,74.0912,69.4931,65.437,60.5011,55.7089,48.5279,38.6472,28.993,21.6907,11.5399
2026-08-04T12:40:28+0200,228,0,3.766,12.0295,21.8718,29.695899963378906,0.22349700331687927,0.32892200350761414,5235.99,1,99.9853,0.0,0.393323,-0.00125875,0.0,HAIRPIN_LEFT,74.56680297851562,0.2567492878798469,43.440914,2,9.0,0.55,18.0,0.05300773,0.07120987,0.0,1,False,0.05300772935152054,0.0712098702788353,0.0,1,0,5.206,12.615,29.4547,200.0,160.827,112.1,96.5272,86.0782,79.9069,74.5668,69.9005,65.7885,60.7902,55.9428,48.6892,38.7292,29.0199,21.6916,11.5414
2026-08-04T12:40:28+0200,229,0,3.788,12.214,22.0562,29.741100311279297,0.22412100434303284,0.35013699531555176,5235.99,1,99.9853,0.0,0.39359,-0.00120073,0.0,HAIRPIN_LEFT,75.05239868164062,0.25853055228000626,43.43727,2,9.0,0.55,18.0,0.053051457,0.07094544,0.0,1,False,0.053051456809043884,0.07094544172286987,0.0,1,0,5.204,12.6115,29.3126,200.0,163.564,113.34,97.4129,86.7591,80.4792,75.0524,70.3165,66.1474,61.0849,56.181,48.8538,38.8128,29.0476,21.6926,11.543
2026-08-04T12:40:28+0200,230,0,3.81,12.3987,22.241,29.78569984436035,0.22461099922657013,0.3837920129299164,5235.99,1,99.9853,0.0,0.39385,-0.00114149,0.0,HAIRPIN_LEFT,75.54869842529297,0.26036082880248923,43.433514,2,9.0,0.55,18.0,0.053098164,0.07068335,0.0,1,False,0.053098164498806,0.07068335264921188,0.0,1,0,5.20208,12.6081,29.1723,200.0,166.414,114.617,98.3217,87.4563,81.0645,75.5487,70.741,66.5132,61.385,56.4236,49.021,38.898,29.076,21.6936,11.5445
2026-08-04T12:40:28+0200,231,0,3.832,12.5837,22.426,29.8302001953125,0.22483299672603607,0.4107219874858856,5235.99,1,99.9853,0.0,0.394114,-0.00108305,0.0,HAIRPIN_LEFT,76.05699920654297,0.2622412512706944,43.429623,2,9.0,0.55,18.0,0.05314556,0.070420906,0.0,1,False,0.05314556136727333,0.07042090594768524,0.0,1,0,5.20006,12.6046,29.0321,200.0,169.39,115.935,99.2564,88.1715,81.6643,76.057,71.1753,66.8872,61.6919,56.6716,49.1921,38.9853,29.1056,21.6948,11.546
2026-08-04T12:40:28+0200,232,0,3.854,12.769,22.6113,29.873899459838867,0.22484099864959717,0.4232479929924011,5235.99,1,99.9853,0.0,0.394374,-0.00102592,0.0,HAIRPIN_LEFT,76.57769775390625,0.2641385246186487,43.426,2,9.0,0.55,18.0,0.05319277,0.07016486,0.0,1,False,0.05319276824593544,0.07016485929489136,0.0,1,0,5.19814,12.6012,28.8933,200.0,172.356,117.297,100.219,88.9062,82.2795,76.5777,71.6199,67.2699,62.0056,56.9248,49.3666,39.0744,29.136,21.6967,11.5475
2026-08-04T12:40:28+0200,233,0,3.876,12.9546,22.7968,29.917699813842773,0.22483199834823608,0.42563000321388245,5235.99,1,99.9853,0.0,0.39463,-0.000969462,0.0,HAIRPIN_LEFT,77.11109924316406,0.26583002493229146,43.424942,2,9.0,0.55,18.0,0.053239707,0.06992784,0.0,1,False,0.05323970690369606,0.06992784142494202,0.0,1,0,5.19621,12.5978,28.7555,200.0,174.5,118.704,101.208,89.6602,82.9104,77.1111,72.0749,67.6614,62.326,57.1835,49.5448,39.1656,29.1674,21.699,11.549
2026-08-04T12:40:28+0200,234,0,3.898,13.1405,22.9827,29.961700439453125,0.22488999366760254,0.42280200123786926,5235.99,1,99.9853,0.0,0.394887,-0.000913031,0.0,HAIRPIN_LEFT,77.65689849853516,0.2674179074970677,43.42536,2,9.0,0.55,18.0,0.053286314,0.06970098,0.0,1,False,0.05328631401062012,0.06970097869634628,0.0,1,0,5.19427,12.5944,28.6183,200.0,176.175,120.156,102.227,90.4344,83.5568,77.6569,72.5406,68.0615,62.6537,57.4473,49.7267,39.2586,29.1997,21.7019,11.5505
2026-08-04T12:40:28+0200,235,0,3.92,13.3266,23.1688,30.005599975585938,0.22501899302005768,0.41801100969314575,5235.99,1,99.9853,0.0,0.395139,-0.000856534,0.0,HAIRPIN_LEFT,78.2157974243164,0.26896411237452483,43.42667,2,9.0,0.55,18.0,0.05333345,0.069481336,0.0,1,False,0.053333450108766556,0.06948133558034897,0.0,1,0,5.19241,12.5911,28.4828,200.0,177.592,121.656,103.275,91.2284,84.2194,78.2158,73.0164,68.4701,62.9876,57.7167,49.9119,39.3535,29.233,21.7052,11.5519
2026-08-04T12:40:28+0200,236,0,3.942,13.5129,23.3552,30.0487003326416,0.2251950055360794,0.41303300857543945,5235.99,1,99.9853,0.0,0.395393,-0.00080023,0.0,HAIRPIN_LEFT,78.78820037841797,0.2704897865274666,43.428665,2,9.0,0.55,18.0,0.053380664,0.06927097,0.0,1,False,0.05338066443800926,0.06927096843719482,0.0,1,0,5.1905,12.5878,28.3476,200.0,178.838,123.206,104.353,92.044,84.8985,78.7882,73.5035,68.8881,63.329,57.9916,50.1012,39.4505,29.2674,21.7091,11.5534
2026-08-04T12:40:28+0200,237,0,3.964,13.6996,23.5419,30.091699600219727,0.22540999948978424,0.4090439975261688,5235.99,1,99.9853,0.0,0.395648,-0.000743411,0.0,HAIRPIN_LEFT,79.37439727783203,0.27201355182506715,43.43114,2,9.0,0.55,18.0,0.05342837,0.06906469,0.0,1,False,0.053428370505571365,0.06906469166278839,0.0,1,0,5.18857,12.5844,28.2136,200.0,179.962,124.808,105.464,92.8814,85.5949,79.3744,74.0016,69.3154,63.6779,58.2722,50.2939,39.5493,29.3026,21.7137,11.5548
2026-08-04T12:40:28+0200,238,0,3.986,13.8865,23.7288,30.134599685668945,0.22564800083637238,0.40621399879455566,5235.99,1,99.9853,0.0,0.395894,-0.000686564,0.0,HAIRPIN_LEFT,79.9739990234375,0.27354264047826404,43.434044,2,9.0,0.55,18.0,0.053477608,0.0688621,0.0,1,False,0.053477607667446136,0.06886210292577744,0.0,1,0,5.18676,12.5813,28.0808,200.0,180.99,126.465,106.606,93.7407,86.3087,79.974,74.511,69.7516,64.0337,58.5584,50.4904,39.6501,29.3388,21.7186,11.5562
2026-08-04T12:40:28+0200,239,0,4.008,14.0737,23.916,30.177499771118164,0.22589899599552155,0.40460801124572754,5235.99,1,99.9853,0.0,0.396146,-0.000629783,0.0,HAIRPIN_LEFT,80.58899688720703,0.27508480813283387,43.417206,2,9.0,0.55,18.0,0.053527046,0.068510585,0.0,1,False,0.053527045994997025,0.06851058453321457,0.0,1,0,5.18488,12.5781,27.9485,200.0,181.943,128.181,107.784,94.6242,87.041,80.589,75.0326,70.1982,64.3976,58.8507,50.691,39.7532,29.3762,21.7242,11.5577
2026-08-04T12:40:28+0200,240,0,4.03,14.2612,24.1034,30.220300674438477,0.228970006108284,0.40425899624824524,5235.99,1,99.9853,0.0,0.396395,-0.000588022,0.0,HAIRPIN_LEFT,81.22940063476562,0.27666062009340586,43.39914,2,9.0,0.55,18.0,0.053561985,0.06814871,0.0,1,False,0.0535619854927063,0.06814870983362198,0.0,1,0,5.18295,12.5741,27.8127,200.0,182.849,129.983,109.017,95.5463,87.8049,81.2294,75.5754,70.6628,64.7757,59.1545,50.8996,39.8608,29.4158,21.731,11.5592
2026-08-04T12:40:28+0200,241,0,4.052,14.4489,24.2912,30.26219940185547,0.23015199601650238,0.4049209952354431,5235.99,1,99.9853,0.0,0.396645,-0.000553206,0.0,HAIRPIN_LEFT,81.89109802246094,0.2782662380706289,43.380768,2,9.0,0.55,18.0,0.0535806,0.067791656,0.0,1,False,0.05358060076832771,0.0677916556596756,0.0,1,0,5.18097,12.5698,27.6756,200.0,183.707,131.865,110.297,96.5016,88.5947,81.8911,76.1359,71.1416,65.1655,59.4674,51.1145,39.9717,29.457,21.7388,11.5609
2026-08-04T12:40:28+0200,242,0,4.074,14.6369,24.4791,30.303699493408203,0.2311830073595047,0.4239960014820099,5235.99,1,99.9853,0.0,0.396891,-0.000521667,0.0,HAIRPIN_LEFT,82.57150268554688,0.2799022210385506,43.3621,2,9.0,0.55,18.0,0.053585928,0.067435674,0.0,1,False,0.053585927933454514,0.06743567436933517,0.0,1,0,5.17902,12.5654,27.5388,200.0,184.521,133.822,111.622,97.4871,89.4081,82.5715,76.7116,71.6331,65.5651,59.788,51.3345,40.0853,29.4997,21.7472,11.5625
2026-08-04T12:40:28+0200,243,0,4.096,14.8251,24.6673,30.344100952148438,0.2316190004348755,0.4424619972705841,5235.99,1,99.9853,0.0,0.397146,-0.000491284,0.0,HAIRPIN_LEFT,83.27050018310547,0.2815682424093134,43.343113,2,9.0,0.55,18.0,0.05358055,0.06708444,0.0,1,False,0.053580548614263535,0.06708443909883499,0.0,1,0,5.17695,12.5607,27.4018,200.0,185.296,135.855,112.992,98.5029,90.2453,83.2705,77.3022,72.1374,65.9747,60.1163,51.5595,40.2018,29.5438,21.7565,11.5643
2026-08-04T12:40:28+0200,244,0,4.118,15.0136,24.8559,30.3843994140625,0.23178599774837494,0.45645201206207275,5235.99,1,99.9853,0.0,0.397392,-0.000459455,0.0,HAIRPIN_LEFT,83.98680114746094,0.28326966932618236,43.323776,2,9.0,0.55,18.0,0.05357084,0.0667322,0.0,1,False,0.05357084050774574,0.06673219799995422,0.0,1,0,5.17498,12.5565,27.2665,200.0,186.034,137.965,114.406,99.5471,91.104,83.9868,77.9066,72.6526,66.3925,60.4508,51.7886,40.3201,29.5886,21.7661,11.566
2026-08-04T12:40:28+0200,245,0,4.14,15.2024,25.0446,30.42449951171875,0.23186099529266357,0.46568500995635986,5235.99,1,99.9853,0.0,0.397642,-0.000427224,0.0,HAIRPIN_LEFT,84.72119903564453,0.28500470232183256,43.304077,2,9.0,0.55,18.0,0.053558283,0.06637893,0.0,1,False,0.05355828255414963,0.06637892872095108,0.0,1,0,5.173,12.552,27.1323,200.0,186.739,140.155,115.864,100.621,91.9858,84.7212,78.5254,73.1794,66.8193,60.7921,52.0221,40.4408,29.6346,21.7764,11.5676
2026-08-04T12:40:28+0200,246,0,4.162,15.3913,25.2336,30.463699340820312,0.23187999427318573,0.46941399574279785,5235.99,1,99.9853,0.0,0.397888,-0.000394449,0.0,HAIRPIN_LEFT,85.4739990234375,0.2867799144965454,43.28398,2,9.0,0.55,18.0,0.053545106,0.06602795,0.0,1,False,0.05354510620236397,0.06602794677019119,0.0,1,0,5.17101,12.5478,26.9991,200.0,187.416,142.431,117.371,101.727,92.8911,85.474,79.159,73.7183,67.2555,61.1408,52.2601,40.5638,29.6817,21.7872,11.5693
2026-08-04T12:40:28+0200,247,0,4.184,15.5806,25.4229,30.502599716186523,0.23190100491046906,0.468392014503479,5235.99,1,99.9853,0.0,0.398135,-0.000360526,0.0,HAIRPIN_LEFT,86.24639892578125,0.2885949298900603,43.263466,2,9.0,0.55,18.0,0.053532638,0.06567581,0.0,1,False,0.053532637655735016,0.06567580997943878,0.0,1,0,5.16904,12.5433,26.8669,200.0,188.066,144.796,118.928,102.865,93.8219,86.2464,79.8083,74.2698,67.7013,61.4966,52.5029,40.6892,29.73,21.7987,11.5709
2026-08-04T12:40:28+0200,248,0,4.206,15.7701,25.6123,30.541500091552734,0.23196600377559662,0.4642379879951477,5235.99,1,99.9853,0.0,0.398379,-0.000326589,0.0,HAIRPIN_LEFT,87.03880310058594,0.29045592343881793,43.242466,2,9.0,0.55,18.0,0.05352104,0.065320484,0.0,1,False,0.053521040827035904,0.06532048434019089,0.0,1,0,5.16714,12.5392,26.7355,200.0,188.693,147.257,120.538,104.037,94.7783,87.0388,80.4734,74.8344,68.1567,61.8596,52.7502,40.8168,29.7792,21.8107,11.5725
2026-08-04T12:40:28+0200,249,0,4.228,15.9598,25.802,30.57939910888672,0.23209300637245178,0.4590649902820587,5235.99,1,99.9853,0.0,0.398623,-0.000292458,0.0,HAIRPIN_LEFT,87.85269927978516,0.2840398568408651,43.297256,2,9.0,0.55,18.0,0.053510416,0.06553204,0.0,1,False,0.05351041629910469,0.06553204357624054,0.0,1,0,5.16518,12.535,26.6049,163.995,189.298,149.822,122.205,105.246,95.7621,87.8527,81.1555,75.4125,68.6229,62.231,53.0028,40.9471,29.8298,21.8234,11.5742
2026-08-04T12:40:28+0200,250,0,4.25,16.1498,25.992,30.617799758911133,0.23228399455547333,0.4544450044631958,5235.99,1,99.9853,0.0,0.398867,-0.000258036,0.0,HAIRPIN_LEFT,88.68820190429688,0.2836179622096129,43.30002,2,9.0,0.55,18.0,0.053500645,0.06535499,0.0,1,False,0.053500644862651825,0.06535498797893524,0.0,1,0,5.16322,12.5308,26.475,154.091,189.883,152.495,123.93,106.492,96.7743,88.6882,81.855,76.0047,69.0994,62.6102,53.2605,41.08,29.8815,21.8367,11.5758
2026-08-04T12:40:28+0200,251,0,4.272,16.3399,26.1822,30.655399322509766,0.2325270026922226,0.4517340064048767,5235.99,1,99.9853,0.0,0.399109,-0.000224635,0.0,HAIRPIN_LEFT,89.54720306396484,0.2835133303719041,43.299477,2,9.0,0.55,18.0,0.053490825,0.065157466,0.0,1,False,0.05349082499742508,0.0651574656367302,0.0,1,0,5.16132,12.5266,26.3457,145.398,190.451,155.285,125.718,107.778,97.8168,89.5472,82.5728,76.6117,69.5876,62.9979,53.5234,41.2156,29.9345,21.8507,11.5774
2026-08-04T12:40:28+0200,252,0,4.294,16.5304,26.3727,30.692699432373047,0.22995799779891968,0.4510979950428009,5235.99,1,99.9853,0.0,0.399348,-0.000175476,0.0,HAIRPIN_LEFT,90.41649627685547,0.2836947694545604,43.29596,2,9.0,0.55,18.0,0.053497232,0.064941384,0.0,1,False,0.053497232496738434,0.06494138389825821,0.0,1,0,5.15951,12.5233,26.221,137.808,190.992,158.158,127.544,109.086,98.8738,90.4165,83.2977,77.2237,70.0786,63.3876,53.7872,41.3508,29.9872,21.8647,11.5788
2026-08-04T12:40:28+0200,253,0,4.316,16.721,26.5633,30.729799270629883,0.22925299406051636,0.4517729878425598,5235.99,1,99.9853,0.0,0.399584,-0.000120126,0.0,HAIRPIN_LEFT,91.30359649658203,0.28412319944951914,43.289867,2,9.0,0.55,18.0,0.05352083,0.06470539,0.0,1,False,0.05352082848548889,0.06470538675785065,0.0,1,0,5.15775,12.5203,26.0983,131.076,191.513,161.139,129.425,110.426,99.9549,91.3036,84.0364,77.8463,70.5774,63.7825,54.054,41.4877,30.0405,21.8788,11.5801
2026-08-04T12:40:28+0200,254,0,4.338,16.9119,26.7542,30.766700744628906,0.2319840043783188,0.4533829987049103,5235.99,1,99.9853,0.0,0.399821,-7.95946e-05,0.0,HAIRPIN_LEFT,92.22940063476562,0.284779187498648,43.281387,2,9.0,0.55,18.0,0.05354067,0.06444982,0.0,1,False,0.0535406693816185,0.06444981694221497,0.0,1,0,5.15591,12.5166,25.9726,124.943,192.029,164.3,131.405,111.831,101.085,92.2294,84.8061,78.4948,71.0962,64.1931,54.3312,41.6301,30.0966,21.8945,11.5816
2026-08-04T12:40:28+0200,255,0,4.36,17.1031,26.9453,30.802600860595703,0.23301799595355988,0.45533400774002075,5235.99,1,99.9853,0.0,0.40006,-4.61787e-05,0.0,HAIRPIN_LEFT,93.18840026855469,0.28561738919284113,43.27101,2,9.0,0.55,18.0,0.053550888,0.06418688,0.0,1,False,0.05355088785290718,0.06418687850236893,0.0,1,0,5.15401,12.5124,25.8457,119.37,192.536,167.582,133.474,113.293,102.258,93.1884,85.6028,79.1647,71.6316,64.6162,54.6166,41.7767,30.1546,21.9112,11.5832
2026-08-04T12:40:28+0200,256,0,4.382,17.2944,27.1367,30.838199615478516,0.23348399996757507,0.45722800493240356,5235.99,1,99.9853,0.0,0.400294,-1.37761e-05,0.0,HAIRPIN_LEFT,94.17520141601562,0.286018634379926,43.26484,2,9.0,0.55,18.0,0.053554535,0.063957416,0.0,1,False,0.053554534912109375,0.06395741552114487,0.0,1,0,5.15215,12.5085,25.7194,114.315,193.03,170.003,135.625,114.804,103.468,94.1752,86.4205,79.8513,72.1795,65.0488,54.9078,41.9261,30.2139,21.9285,11.5847
2026-08-04T12:40:28+0200,257,0,4.404,17.486,27.3283,30.87380027770996,0.23385000228881836,0.4615280032157898,5235.99,1,99.9853,0.0,0.40053,1.93641e-05,0.0,HAIRPIN_LEFT,95.19090270996094,0.2861494503782866,43.26123,2,9.0,0.55,18.0,0.053554423,0.063747235,0.0,1,False,0.05355442315340042,0.06374723464250565,0.0,1,0,5.15028,12.5044,25.5934,109.71,193.512,171.824,137.86,116.367,104.715,95.1909,87.2608,80.5562,72.7407,65.4913,55.2052,42.0785,30.2747,21.9466,11.5863
2026-08-04T12:40:28+0200,258,0,4.426,17.6777,27.52,30.909099578857422,0.23444199562072754,0.4859209954738617,5235.99,1,99.9853,0.0,0.400767,5.36069e-05,0.0,HAIRPIN_LEFT,96.2344970703125,0.2861992424786906,43.25833,2,9.0,0.55,18.0,0.05355292,0.06354391,0.0,1,False,0.05355292186141014,0.0635439082980156,0.0,1,0,5.1484,12.5004,25.4683,105.501,193.981,173.338,140.182,117.981,106.0,96.2345,88.1226,81.2777,73.3144,65.943,55.5083,42.2336,30.3366,21.9653,11.5878
2026-08-04T12:40:28+0200,259,0,4.448,17.8698,27.7121,30.94420051574707,0.23474900424480438,0.5091850161552429,5235.99,1,99.9853,0.0,0.401001,8.87662e-05,0.0,HAIRPIN_LEFT,97.30889892578125,0.28623288597430524,43.25552,2,9.0,0.55,18.0,0.05355187,0.063342504,0.0,1,False,0.053551871329545975,0.06334250420331955,0.0,1,0,5.14655,12.4964,25.344,101.634,194.439,174.657,142.599,119.653,107.326,97.3089,89.0081,82.0179,73.9022,66.4049,55.8174,42.3917,30.3999,21.9847,11.5894
2026-08-04T12:40:28+0200,260,0,4.47,18.062,27.9042,30.9783992767334,0.23480699956417084,0.5238819718360901,5235.99,1,99.9853,0.0,0.401235,0.000122227,0.0,HAIRPIN_LEFT,98.4166030883789,0.2862800552180428,43.25251,2,9.0,0.55,18.0,0.053549588,0.06314449,0.0,1,False,0.05354958772659302,0.0631444901227951,0.0,1,0,5.14469,12.4924,25.2198,98.0635,194.887,175.841,145.119,121.385,108.697,98.4166,89.9195,82.7786,74.5048,66.8778,56.1337,42.5532,30.4647,22.0049,11.5909
2026-08-04T12:40:28+0200,261,0,4.492,18.2545,28.0967,31.01259994506836,0.23476499319076538,0.5291200280189514,5235.99,1,99.9853,0.0,0.401469,0.000155285,0.0,HAIRPIN_LEFT,99.55899810791016,0.28636027023029537,43.24909,2,9.0,0.55,18.0,0.053546123,0.0629436,0.0,1,False,0.05354612320661545,0.06294360011816025,0.0,1,0,5.14285,12.4884,25.096,94.7568,195.325,176.922,147.749,123.182,110.114,99.559,90.8573,83.5601,75.1229,67.3621,56.4567,42.718,30.5309,22.0258,11.5924
2026-08-04T12:40:28+0200,262,0,4.514,18.4471,28.2893,31.046899795532227,0.23475000262260437,0.5286819934844971,5235.99,1,99.9853,0.0,0.4017,0.000187263,0.0,HAIRPIN_LEFT,100.73699951171875,0.28648343804706616,43.245167,2,9.0,0.55,18.0,0.053541183,0.06273861,0.0,1,False,0.05354118347167969,0.06273861229419708,0.0,1,0,5.141,12.4844,24.9724,91.6859,195.755,177.92,150.495,125.046,111.579,100.737,91.8224,84.363,75.7567,67.8578,56.7867,42.8861,30.5987,22.0475,11.594
2026-08-04T12:40:28+0200,263,0,4.536,18.64,28.4822,31.081199645996094,0.23480500280857086,0.5258340239524841,5235.99,1,99.9853,0.0,0.401932,0.00021974,0.0,HAIRPIN_LEFT,101.9520034790039,0.28665718589908357,43.240654,2,9.0,0.55,18.0,0.053535685,0.06252937,0.0,1,False,0.05353568494319916,0.06252937018871307,0.0,1,0,5.13919,12.4804,24.8495,88.8278,196.174,178.852,153.361,126.979,113.093,101.952,92.815,85.1873,76.4063,68.3651,57.1239,43.0573,30.6678,22.0699,11.5955
2026-08-04T12:40:28+0200,264,0,4.558,18.8331,28.6753,31.1156005859375,0.23491600155830383,0.5222600102424622,5235.99,1,99.9853,0.0,0.402161,0.000252195,0.0,HAIRPIN_LEFT,103.2040023803711,0.2868881831675839,43.235497,2,9.0,0.55,18.0,0.05353018,0.06231497,0.0,1,False,0.05353017896413803,0.062314968556165695,0.0,1,0,5.13736,12.4766,24.727,86.1592,196.585,179.726,156.357,128.986,114.659,103.204,93.8366,86.034,77.072,68.8841,57.4678,43.2319,30.7385,22.0931,11.597
2026-08-04T12:40:28+0200,265,0,4.58,19.0264,28.8686,31.149099349975586,0.23506399989128113,0.5190889835357666,5235.99,1,99.9853,0.0,0.40239,0.000284627,0.0,HAIRPIN_LEFT,104.49700164794922,0.2871794112703704,43.229683,2,9.0,0.55,18.0,0.053524822,0.062100463,0.0,1,False,0.05352482199668884,0.06210046261548996,0.0,1,0,5.13554,12.4726,24.6048,83.6625,196.988,180.553,159.49,131.07,116.28,104.497,94.8887,86.9043,77.755,69.4155,57.8194,43.4099,30.8105,22.1171,11.5985
2026-08-04T12:40:28+0200,266,0,4.602,19.2199,29.0621,31.1825008392334,0.23523299396038055,0.516605019569397,5235.99,1,99.9853,0.0,0.402618,0.000317007,0.0,HAIRPIN_LEFT,105.83200073242188,0.28753785819182054,43.22312,2,9.0,0.55,18.0,0.053519674,0.061881058,0.0,1,False,0.05351967364549637,0.06188105791807175,0.0,1,0,5.1337,12.4686,24.483,81.3195,197.383,181.338,162.772,133.237,117.959,105.832,95.9719,87.799,78.4555,69.9597,58.1784,43.5916,30.8843,22.1418,11.6
2026-08-04T12:40:28+0200,267,0,4.624,19.4136,29.2558,31.21579933166504,0.23542100191116333,0.515175998210907,5235.99,1,99.9853,0.0,0.402845,0.000349447,0.0,HAIRPIN_LEFT,107.20899963378906,0.28784944734003615,43.21696,2,9.0,0.55,18.0,0.05351488,0.061665177,0.0,1,False,0.05351487919688225,0.06166517734527588,0.0,1,0,5.13192,12.4648,24.3619,79.118,197.77,182.086,166.011,135.49,119.697,107.209,97.0876,88.7184,79.1736,70.5165,58.5452,43.7767,30.9594,22.1673,11.6015
2026-08-04T12:40:28+0200,268,0,4.646,19.6075,29.4498,31.249099731445312,0.23561599850654602,0.5146250128746033,5235.99,1,99.9853,0.0,0.403071,0.00038211,0.0,HAIRPIN_LEFT,108.63300323486328,0.28757572869304304,43.216644,2,9.0,0.55,18.0,0.05351069,0.061491836,0.0,1,False,0.05351068824529648,0.06149183586239815,0.0,1,0,5.13015,12.461,24.2413,77.0434,198.149,182.801,168.276,137.834,121.499,108.633,98.2375,89.6639,79.9109,71.0869,58.9197,43.9653,31.0361,22.1935,11.603
2026-08-04T12:40:28+0200,269,0,4.668,19.8017,29.6439,31.2814998626709,0.2358040064573288,0.5149149894714355,5235.99,1,99.9853,0.0,0.403297,0.000414342,0.0,HAIRPIN_LEFT,110.10399627685547,0.28700450004606964,43.219296,2,9.0,0.55,18.0,0.053506624,0.061344687,0.0,1,False,0.053506623953580856,0.0613446868956089,0.0,1,0,5.12833,12.4571,24.1206,75.0844,198.522,183.487,170.032,140.276,123.367,110.104,99.4229,90.637,80.6675,71.6712,59.3026,44.1578,31.1145,22.2206,11.6045
2026-08-04T12:40:29+0200,270,0,4.69,19.996,29.8382,31.313600540161133,0.23625700175762177,0.525268018245697,5235.99,1,99.9853,0.0,0.403526,0.000445113,0.0,HAIRPIN_LEFT,111.62799835205078,0.2862759772213816,43.223473,2,9.0,0.55,18.0,0.053500876,0.061209932,0.0,1,False,0.05350087583065033,0.06120993196964264,0.0,1,0,5.1265,12.453,24.0,73.2283,198.888,184.148,171.512,142.825,125.31,111.628,100.648,91.6399,81.4456,72.2709,59.6947,44.3545,31.1946,22.2487,11.606
2026-08-04T12:40:29+0200,271,0,4.712,20.1905,30.0328,31.345500946044922,0.2365110069513321,0.5363460183143616,5235.99,1,99.9853,0.0,0.403745,0.000475168,0.0,HAIRPIN_LEFT,113.20600128173828,0.28545454435128004,43.228558,2,9.0,0.55,18.0,0.053494617,0.061082974,0.0,1,False,0.053494617342948914,0.06108297407627106,0.0,1,0,5.12475,12.4484,23.8799,71.4708,199.248,184.784,172.812,145.485,127.326,113.206,101.911,92.6724,82.2447,72.8853,60.0951,44.5549,31.2764,22.2774,11.6075
2026-08-04T12:40:29+0200,272,0,4.734,20.3852,30.2275,31.377500534057617,0.23377099633216858,0.5448340177536011,5235.99,1,99.9853,0.0,0.403969,0.00052157,0.0,HAIRPIN_LEFT,114.81400299072266,0.2845882426834124,43.234043,2,9.0,0.55,18.0,0.053503796,0.06096027,0.0,1,False,0.053503796458244324,0.06096027046442032,0.0,1,0,5.12306,12.4435,23.763,69.8275,199.594,185.389,173.964,148.221,129.391,114.814,103.196,93.7196,83.0528,73.5053,60.4979,44.7558,31.3581,22.3062,11.6088
2026-08-04T12:40:29+0200,273,0,4.756,20.5802,30.4225,31.409299850463867,0.23574399948120117,0.5507749915122986,5235.99,1,99.9853,0.0,0.40419,0.000560403,0.0,HAIRPIN_LEFT,116.49099731445312,0.283674308957505,43.239952,2,9.0,0.55,18.0,0.053515844,0.06083799,0.0,1,False,0.05351584404706955,0.060837991535663605,0.0,1,0,5.12136,12.4375,23.6449,68.2536,199.937,185.978,175.026,151.099,131.552,116.491,104.531,94.8057,83.8889,74.1454,60.9128,44.9623,31.4423,22.3362,11.6102
2026-08-04T12:40:29+0200,274,0,4.778,20.7753,30.6175,31.441099166870117,0.23641599714756012,0.5535039901733398,5235.99,1,99.9853,0.0,0.404411,0.000592381,0.0,HAIRPIN_LEFT,118.23799896240234,0.282637085664188,43.246773,2,9.0,0.55,18.0,0.053522907,0.06072298,0.0,1,False,0.05352290719747543,0.06072298064827919,0.0,1,0,5.11957,12.4302,23.5261,66.7453,200.0,186.552,176.016,154.124,133.812,118.238,105.919,95.9309,84.7532,74.8053,61.3396,45.1742,31.5289,22.3673,11.6116
2026-08-04T12:40:29+0200,275,0,4.8,20.9707,30.8129,31.472900390625,0.2366809993982315,0.5535209774971008,5235.99,1,99.9853,0.0,0.40463,0.000625104,0.0,HAIRPIN_LEFT,120.04900360107422,0.28156899412055086,43.253784,2,9.0,0.55,18.0,0.053527743,0.06060975,0.0,1,False,0.05352774262428284,0.06060975044965744,0.0,1,0,5.11788,12.4223,23.4077,65.309,200.0,187.11,176.94,157.29,136.163,120.049,107.352,97.0903,85.641,75.4821,61.7756,45.3902,31.6171,22.3993,11.613
2026-08-04T12:40:29+0200,276,0,4.822,21.1661,31.0084,31.504499435424805,0.23682500422000885,0.5514209866523743,5235.99,1,99.9853,0.0,0.404851,0.000657454,0.0,HAIRPIN_LEFT,121.9260025024414,0.2804959288798406,43.26078,2,9.0,0.55,18.0,0.05353056,0.060497545,0.0,1,False,0.053530558943748474,0.06049754470586777,0.0,1,0,5.11611,12.4132,23.2895,63.9373,200.0,187.65,177.809,160.605,138.613,121.926,108.833,98.2858,86.5537,76.176,62.2215,45.6105,31.7072,22.4322,11.6145
2026-08-04T12:40:29+0200,277,0,4.844,21.3619,31.2042,31.53529930114746,0.23695600032806396,0.5487499833106995,5235.99,1,99.9853,0.0,0.405067,0.000690579,0.0,HAIRPIN_LEFT,123.875,0.2793410001947966,43.26859,2,9.0,0.55,18.0,0.053533617,0.060395375,0.0,1,False,0.05353361740708351,0.06039537489414215,0.0,1,0,5.11442,12.4035,23.1717,62.6268,200.0,188.176,178.63,163.927,141.166,123.875,110.365,99.5184,87.4922,76.8875,62.6773,45.835,31.799,22.4659,11.6159
2026-08-04T12:40:29+0200,278,0,4.866,21.5578,31.4,31.565799713134766,0.23709900677204132,0.5460320115089417,5235.99,1,99.9853,0.0,0.405286,0.000722438,0.0,HAIRPIN_LEFT,125.89800262451172,0.2775500214984448,43.282898,2,9.0,0.55,18.0,0.053535253,0.060341723,0.0,1,False,0.053535252809524536,0.0603417232632637,0.0,1,0,5.11269,12.3929,23.0541,61.3723,200.0,188.688,179.411,166.262,143.83,125.898,111.95,100.791,88.4579,77.6179,63.1438,46.0642,31.8926,22.5006,11.6173
2026-08-04T12:40:29+0200,279,0,4.888,21.754,31.5962,31.59630012512207,0.2372799962759018,0.5446599721908569,5235.99,1,99.9853,0.0,0.4055,0.000755459,0.0,HAIRPIN_LEFT,128.00100708007812,0.27538664256423195,43.301014,2,9.0,0.55,18.0,0.05353777,0.06031556,0.0,1,False,0.053537771105766296,0.060315560549497604,0.0,1,0,5.11099,12.3816,22.9368,60.1706,200.0,189.186,180.155,168.052,146.611,128.001,113.591,102.104,89.4514,78.3673,63.6207,46.2978,31.988,22.5361,11.6187
2026-08-04T12:40:29+0200,280,0,4.91,21.9502,31.7925,31.62660026550293,0.2374659925699234,0.544281005859375,5235.99,1,99.9853,0.0,0.405716,0.000787303,0.0,HAIRPIN_LEFT,130.18800354003906,0.2730025956243026,43.32135,2,9.0,0.55,18.0,0.053539485,0.06030642,0.0,1,False,0.05353948473930359,0.06030641868710518,0.0,1,0,5.10929,12.3694,22.8197,59.0173,200.0,189.672,180.868,169.554,149.519,130.188,115.291,103.46,90.4741,79.1366,64.1087,46.5362,32.0853,22.5725,11.6201
2026-08-04T12:40:29+0200,281,0,4.932,22.1467,31.989,31.65679931640625,0.2376520037651062,0.5448729991912842,5235.99,1,99.9853,0.0,0.40593,0.000819594,0.0,HAIRPIN_LEFT,132.46299743652344,0.2704578407107562,43.34331,2,9.0,0.55,18.0,0.053541403,0.060309507,0.0,1,False,0.0535414032638073,0.060309506952762604,0.0,1,0,5.10759,12.3564,22.7029,57.9104,200.0,190.145,181.552,170.87,152.559,132.463,117.052,104.861,91.5271,79.9266,64.608,46.7791,32.1845,22.6098,11.6215
2026-08-04T12:40:29+0200,282,0,4.954,22.3434,32.1857,31.686899185180664,0.2378239929676056,0.5459529757499695,5235.99,1,99.9853,0.0,0.406143,0.000851572,0.0,HAIRPIN_LEFT,134.83099365234375,0.2677847695992434,43.36655,2,9.0,0.55,18.0,0.053543303,0.060322303,0.0,1,False,0.05354330316185951,0.06032230332493782,0.0,1,0,5.10592,12.3426,22.5863,56.8462,200.0,190.608,182.209,172.051,155.743,134.831,118.879,106.309,92.6117,80.7377,65.1189,47.0269,32.2857,22.6481,11.6229
2026-08-04T12:40:29+0200,283,0,4.976,22.5403,32.3825,31.716999053955078,0.23798400163650513,0.5472139716148376,5235.99,1,99.9853,0.0,0.406357,0.00088343,0.0,HAIRPIN_LEFT,137.2989959716797,0.26500531700554036,43.39083,2,9.0,0.55,18.0,0.053544965,0.060342617,0.0,1,False,0.053544964641332626,0.06034261733293533,0.0,1,0,5.10423,12.328,22.4698,55.8219,200.0,191.06,182.843,173.131,159.078,137.299,120.774,107.806,93.729,81.5711,65.6418,47.2797,32.3889,22.6873,11.6243
2026-08-04T12:40:29+0200,284,0,4.998,22.7374,32.5796,31.74690055847168,0.23813599348068237,0.5486040115356445,5235.99,1,99.9853,0.0,0.406565,0.000915796,0.0,HAIRPIN_LEFT,139.8719940185547,0.26206295630799714,43.416786,2,9.0,0.55,18.0,0.05354777,0.060376048,0.0,1,False,0.05354776978492737,0.06037604808807373,0.0,1,0,5.1026,12.3127,22.3538,54.8366,200.0,191.501,183.455,174.129,162.451,139.872,122.74,109.354,94.8802,82.4268,66.1768,47.5374,32.4938,22.7273,11.6256
2026-08-04T12:40:29+0200,285,0,5.02,22.9345,32.7768,31.776899337768555,0.23845000565052032,0.5564450025558472,5235.99,1,99.9853,0.0,0.406779,0.000948012,0.0,HAIRPIN_LEFT,142.55599975585938,0.25836353764099423,43.450645,2,9.0,0.55,18.0,0.05355043,0.060466196,0.0,1,False,0.05355042964220047,0.06046619638800621,0.0,1,0,5.10091,12.2966,22.2381,53.8864,200.0,191.932,184.046,175.061,164.834,142.556,124.782,110.956,96.0665,83.3059,66.7242,47.8001,32.6009,22.7684,11.627
2026-08-04T12:40:29+0200,286,0,5.042,23.132,32.9743,31.80660057067871,0.23877300322055817,0.5710700154304504,5235.99,1,99.9853,0.0,0.406988,0.00098215,0.0,HAIRPIN_LEFT,145.35499572753906,0.254167005763626,43.48973,2,9.0,0.55,18.0,0.053555604,0.060595896,0.0,1,False,0.053555604070425034,0.06059589609503746,0.0,1,0,5.09927,12.2798,22.1226,52.9709,200.0,192.354,184.618,175.935,166.647,145.355,126.901,112.612,97.2889,84.2089,67.2842,48.0679,32.7098,22.8103,11.6283
2026-08-04T12:40:29+0200,287,0,5.064,23.3296,33.1718,31.836999893188477,0.23893700540065765,0.5831329822540283,5235.99,1,99.9853,0.0,0.407196,0.00101542,0.0,HAIRPIN_LEFT,148.28199768066406,0.24962800256612727,43.532356,2,9.0,0.55,18.0,0.053561576,0.06074788,0.0,1,False,0.05356157571077347,0.06074788048863411,0.0,1,0,5.09765,12.2623,22.0074,52.0867,200.0,192.766,185.173,176.762,168.164,148.282,129.105,114.328,98.5499,85.137,67.8576,48.341,32.8208,22.8533,11.6296
2026-08-04T12:40:29+0200,288,0,5.086,23.5275,33.3697,31.867700576782227,0.23897700011730194,0.5893849730491638,5235.99,1,99.9853,0.0,0.407402,0.00104916,0.0,HAIRPIN_LEFT,151.343994140625,0.24480745064528592,43.577896,2,9.0,0.55,18.0,0.053568747,0.060919777,0.0,1,False,0.05356874689459801,0.06091977655887604,0.0,1,0,5.09602,12.244,21.8924,51.2322,200.0,193.171,185.712,177.547,169.49,151.344,131.399,116.107,99.8514,86.0919,68.4448,48.6196,32.9339,22.8971,11.6309
2026-08-04T12:40:29+0200,289,0,5.108,23.7254,33.5677,31.898500442504883,0.23898999392986298,0.5911049842834473,5235.99,1,99.9853,0.0,0.407608,0.00108211,0.0,HAIRPIN_LEFT,154.552001953125,0.23973243068835268,43.626076,2,9.0,0.55,18.0,0.05357591,0.061110623,0.0,1,False,0.05357591062784195,0.06111062318086624,0.0,1,0,5.09437,12.225,21.7774,50.4049,200.0,193.567,186.237,178.297,170.68,154.552,133.79,117.953,101.196,87.0747,69.0466,48.9039,33.0493,22.9421,11.6322
2026-08-04T12:40:29+0200,290,0,5.13,23.9236,33.7659,31.92930030822754,0.23903700709342957,0.590395987033844,5235.99,1,99.9853,0.0,0.407817,0.00111488,0.0,HAIRPIN_LEFT,157.9149932861328,0.23442359309532396,43.676666,2,9.0,0.55,18.0,0.05358253,0.06131938,0.0,1,False,0.053582530468702316,0.06131938099861145,0.0,1,0,5.09276,12.2051,21.6626,49.6041,200.0,193.956,186.747,179.014,171.767,157.915,136.281,119.868,102.585,88.0861,69.6634,49.1942,33.1668,22.988,11.6336
2026-08-04T12:40:29+0200,291,0,5.152,24.1221,33.9643,31.960100173950195,0.23912300169467926,0.5887370109558105,5235.99,1,99.9853,0.0,0.40802,0.00114812,0.0,HAIRPIN_LEFT,161.27200317382812,0.22889012785113935,43.7296,2,9.0,0.55,18.0,0.053590037,0.061545666,0.0,1,False,0.05359003692865372,0.06154566630721092,0.0,1,0,5.09115,12.1847,21.548,48.8287,200.0,194.336,187.244,179.701,172.772,161.272,138.878,121.856,104.02,89.1274,70.2952,49.49,33.2865,23.035,11.6349
2026-08-04T12:40:29+0200,292,0,5.174,24.3206,34.1628,31.99169921875,0.23924599587917328,0.5868039727210999,5235.99,1,99.9853,0.0,0.408226,0.00118116,0.0,HAIRPIN_LEFT,163.61700439453125,0.22313679309768056,43.784782,2,9.0,0.55,18.0,0.053597428,0.061784633,0.0,1,False,0.053597427904605865,0.06178463250398636,0.0,1,0,5.08955,12.1635,21.4338,48.077,200.0,194.71,187.728,180.362,173.709,163.617,141.589,123.921,105.503,90.199,70.9425,49.792,33.4084,23.0829,11.6362
2026-08-04T12:40:29+0200,293,0,5.196,24.5194,34.3617,32.02349853515625,0.23940500617027283,0.5854939818382263,5235.99,1,99.9853,0.0,0.408427,0.00121534,0.0,HAIRPIN_LEFT,165.4149932861328,0.2171648073076076,43.842243,2,9.0,0.55,18.0,0.0536065,0.06203974,0.0,1,False,0.05360649898648262,0.06203974038362503,0.0,1,0,5.08797,12.1417,21.3196,47.3483,200.0,195.076,188.2,180.998,174.589,165.415,144.42,126.067,107.037,91.3025,71.6057,50.0998,33.5325,23.1319,11.6377
2026-08-04T12:40:29+0200,294,0,5.218,24.7183,34.5606,32.055301666259766,0.23956499993801117,0.5844169855117798,5235.99,1,99.9853,0.0,0.40863,0.00124888,0.0,HAIRPIN_LEFT,166.9250030517578,0.21097370647487562,43.901978,2,9.0,0.55,18.0,0.053615782,0.062312044,0.0,1,False,0.05361578240990639,0.0623120442032814,0.0,1,0,5.08638,12.1191,21.2056,46.6407,200.0,195.436,188.66,181.612,175.421,166.925,147.38,128.298,108.624,92.4396,72.2858,50.4142,33.659,23.182,11.6396
2026-08-04T12:40:29+0200,295,0,5.24,24.9176,34.7598,32.08700180053711,0.23973500728607178,0.5840569734573364,5235.99,1,99.9853,0.0,0.408829,0.00128333,0.0,HAIRPIN_LEFT,168.24600219726562,0.18955527474422737,44.11192,2,9.0,0.55,18.0,0.053626653,0.06369915,0.0,1,False,0.0536266528069973,0.0636991485953331,0.0,1,0,5.08482,12.0959,21.0919,45.9541,159.304,195.788,189.11,182.206,176.21,168.246,150.476,130.621,110.266,93.6114,72.9829,50.7346,33.7877,23.233,11.6419
2026-08-04T12:40:29+0200,296,0,5.262,25.1169,34.9591,32.120399475097656,0.23991699516773224,0.5841100215911865,5235.99,1,99.9853,0.0,0.40903,0.00131774,0.0,MEDIUM_LEFT,169.4320068359375,0.17938412903206225,84.73961,4,7.0,0.55,18.0,0.053344395,0.4441865,0.0,1,False,0.05334439501166344,0.4441865086555481,0.0,1,0,5.08326,12.072,20.9783,45.2864,150.681,196.135,189.55,182.781,176.962,169.432,153.719,133.04,111.966,94.8194,73.6977,51.0617,33.9188,23.2852,11.6445
2026-08-04T12:40:29+0200,297,0,5.284,25.3174,35.1597,32.482601165771484,0.23787100613117218,0.5876399874687195,5235.99,1,99.9852,0.0,0.409225,0.00141196,0.0,EXIT,170.46299743652344,0.1696847563120352,110.74392,4,5.0,0.35,18.0,0.028149337,0.7540182,0.0,1,False,0.028149336576461792,0.7540181875228882,0.0,1,0,5.08206,12.0498,20.8721,44.6693,143.309,196.451,189.952,183.306,177.643,170.463,156.966,135.446,113.648,96.0078,74.3962,51.379,34.0452,23.3351,11.6468
2026-08-04T12:40:29+0200,298,0,5.306,25.5211,35.3634,33.11539840698242,0.17116999626159668,0.5991690158843994,5590.78,1,99.985,0.0,0.40937,0.00192109,0.048991244,EXIT,171.04800415039062,0.16330955769536304,110.85533,4,5.0,0.35,18.0,0.012080079,0.74027026,0.0,1,False,0.012080078944563866,0.7402702569961548,0.0,1,0,5.08354,12.0445,20.818,44.2996,138.86,196.587,190.146,183.581,178.017,171.048,159.155,137.078,114.776,96.7965,74.852,51.5792,34.1203,23.3616,11.6447
2026-08-04T12:40:29+0200,299,0,5.328,25.7293,35.5716,33.88199996948242,0.10681600123643875,0.618369996547699,5725.35,1,99.9847,0.0,0.409421,0.00285657,0.05130264,EXIT,171.23599243164062,0.16043343328133067,110.87017,4,5.0,0.35,18.0,0.0021999758,0.74744713,0.0,1,False,0.002199975773692131,0.74744713306427,0.0,1,0,5.08814,12.0573,20.8169,44.1692,136.864,196.545,190.135,183.612,178.099,171.236,160.007,137.863,115.307,97.1582,75.0506,51.6566,34.1417,23.3634,11.6377
2026-08-04T12:40:29+0200,300,0,5.35,25.9424,35.7847,34.68109893798828,0.0567638985812664,0.6408429741859436,5854.57,1,99.9845,0.0,0.409381,0.00410865,0.05056927,EXIT,171.1510009765625,0.1598570880041097,110.825905,4,5.0,0.35,18.0,-0.0034683207,0.7526534,0.0,1,False,-0.003468320704996586,0.7526534199714661,0.0,1,0,5.0952,12.0832,20.8544,44.2077,136.485,196.374,189.976,183.471,177.977,171.151,160.124,138.017,115.395,97.2047,75.0603,51.6441,34.124,23.3471,11.6271
2026-08-04T12:40:29+0200,301,0,5.372,26.1605,36.0028,35.498600006103516,0.02289609983563423,0.6616939902305603,6008.21,1,99.9842,0.0,0.409243,0.00555827,0.053323027,EXIT,170.91000366210938,0.16057094515896717,110.74881,4,5.0,0.35,18.0,-0.0062767616,0.74989855,0.0,1,False,-0.006276761647313833,0.7498985528945923,0.0,1,0,5.10426,12.1177,20.9155,44.3467,137.027,196.126,189.731,183.227,177.735,170.91,159.872,137.799,115.222,97.0648,74.9583,51.5783,34.0826,23.3197,11.614
2026-08-04T12:40:29+0200,302,0,5.394,26.3838,36.2261,36.328399658203125,7.180710235843435e-05,0.6778420209884644,6182.42,1,99.984,0.0,0.409022,0.00713742,0.05901006,EXIT,170.5749969482422,0.1620468485692339,110.65236,4,5.0,0.35,18.0,-0.007144468,0.7444097,0.0,1,False,-0.007144467905163765,0.7444096803665161,0.0,1,0,5.11477,12.1575,20.9913,44.546,138.117,195.832,189.432,182.922,177.421,170.575,159.402,137.362,114.895,96.8158,74.7903,51.4808,34.0272,23.2856,11.5994
2026-08-04T12:40:29+0200,303,0,5.416,26.6123,36.4545,37.166900634765625,-0.013135800138115883,0.6887059807777405,6384.93,1,99.9837,0.0,0.408717,0.00880182,0.06877993,EXIT,170.18699645996094,0.16395116704836762,110.54513,4,5.0,0.35,18.0,-0.0066938614,0.7371268,0.0,1,False,-0.006693861447274685,0.7371268272399902,0.0,1,0,5.12656,12.2009,21.0759,44.7807,139.522,195.509,189.102,182.581,177.065,170.187,158.799,136.809,114.486,96.5074,74.5864,51.3654,33.9635,23.2475,11.5838
2026-08-04T12:40:29+0200,304,0,5.438,26.8459,36.6882,38.01190185546875,-0.019592100754380226,0.6950460076332092,6628.23,1,99.9834,0.0,0.408328,0.0105183,0.08449176,EXIT,169.77499389648438,0.16604152316612866,110.4333,4,5.0,0.35,18.0,-0.0053483453,0.727043,0.0,2,False,-0.005348345264792442,0.7270429730415344,0.0,2,0,5.13942,12.2461,21.1651,45.0314,141.067,195.173,188.757,182.223,176.691,169.775,158.123,136.215,114.047,96.1768,74.3685,51.2429,33.8962,23.2075,11.5675
2026-08-04T12:40:29+0200,305,0,5.46,27.0837,36.9259,38.32279968261719,-0.021022800356149673,0.6981800198554993,5250.85,2,99.9833,0.0,0.407865,0.0122315,0.0,EXIT,169.38600158691406,0.16793606008565282,110.36638,4,5.0,0.35,18.0,-0.0034467943,0.77620417,0.0,2,False,-0.0034467943478375673,0.7762041687965393,0.0,2,0,5.15297,12.291,21.2521,45.2688,142.471,194.845,188.423,181.879,176.333,169.386,157.49,135.684,113.652,95.8772,74.1684,51.1283,33.8321,23.1686,11.5512
2026-08-04T12:40:29+0200,306,0,5.482,27.3215,37.1638,38.291500091552734,-0.017118999734520912,0.6874939799308777,5267.2,2,99.9833,0.0,0.407336,0.0138903,0.0,EXIT,169.04800415039062,0.16940250707345192,110.3359,4,5.0,0.35,18.0,-0.0012265607,0.77687895,0.0,2,False,-0.001226560678333044,0.7768789529800415,0.0,2,0,5.16687,12.3339,21.3324,45.4753,143.57,194.54,188.115,181.566,176.013,169.048,156.986,135.274,113.341,95.6369,74.0035,51.0301,33.7749,23.1329,11.5354
2026-08-04T12:40:29+0200,307,0,5.504,27.5593,37.4016,38.30139923095703,-0.009788050316274166,0.6788650155067444,5235.99,2,99.9833,0.0,0.406748,0.0154895,0.0,EXIT,168.76499938964844,0.17038683587051587,110.31475,4,5.0,0.35,18.0,0.0011769347,0.77783865,0.0,2,False,0.001176934689283371,0.7778386473655701,0.0,2,0,5.18105,12.3742,21.4051,45.6467,144.322,194.262,187.837,181.288,175.734,168.765,156.64,134.992,113.12,95.4607,73.877,50.9501,33.7256,23.1006,11.5203
2026-08-04T12:40:29+0200,308,0,5.526,27.7984,37.6406,38.74509811401367,-0.001763049978762865,0.6847370266914368,5235.99,2,99.9832,0.0,0.406105,0.0170317,0.011623275,EXIT,168.54100036621094,0.17082859012222654,110.27533,4,5.0,0.35,18.0,0.0036987215,0.7707355,0.0,2,False,0.0036987215280532837,0.770735502243042,0.0,2,0,5.19543,12.4118,21.4693,45.7795,144.688,194.009,187.59,181.047,175.499,168.541,156.479,134.85,112.997,95.3541,73.792,50.8896,33.6846,23.0722,11.5059
2026-08-04T12:40:29+0200,309,0,5.548,28.0408,37.8831,39.29880142211914,0.009695660322904587,0.7045090198516846,5235.99,2,99.983,0.0,0.405401,0.01852,0.0067991433,MEDIUM_LEFT,168.38600158691406,0.1706575571464923,84.51996,4,7.0,0.55,18.0,0.033657983,0.45611477,0.0,2,False,0.0336579829454422,0.4561147689819336,0.0,2,0,5.21012,12.4465,21.5243,45.8682,144.605,193.786,187.377,180.847,175.315,168.386,156.52,134.867,112.986,95.3272,73.7544,50.8513,33.6531,23.0479,11.4921
2026-08-04T12:40:29+0200,310,0,5.57,28.2862,38.1284,39.66080093383789,0.10216999799013138,0.7272149920463562,5235.99,2,99.9829,0.0,0.404701,0.0195121,0.0,EXIT,168.6999969482422,0.166443586778159,110.326454,4,5.0,0.35,18.0,0.026406916,0.7608273,0.0,2,False,0.026406915858387947,0.7608273029327393,0.0,2,0,5.22199,12.4582,21.5102,45.6465,141.519,193.781,187.415,180.944,175.483,168.7,157.746,136.003,113.758,95.8568,74.0492,50.9702,33.6895,23.0545,11.4842
2026-08-04T12:40:29+0200,311,0,5.592,28.534,38.3762,40.14690017700195,0.11583799868822098,0.7497820258140564,5235.99,2,99.9827,0.0,0.404002,0.0203713,0.003105692,EXIT,169.1280059814453,0.16134897070655826,110.42209,4,5.0,0.35,18.0,0.022279147,0.76359165,0.0,2,False,0.022279147058725357,0.7635916471481323,0.0,2,0,5.23279,12.4624,21.4751,45.3376,137.764,193.836,187.521,181.121,175.744,169.128,158.994,137.498,114.778,96.5604,74.4465,51.1372,33.7467,23.0707,11.4783
2026-08-04T12:40:29+0200,312,0,5.614,28.785,38.6272,40.684600830078125,0.11117900162935257,0.7689880132675171,5235.99,2,99.9826,0.0,0.403254,0.0213431,0.0024814033,EXIT,169.45399475097656,0.15710537619829862,110.49294,4,5.0,0.35,18.0,0.020251665,0.7668035,0.0,2,False,0.020251665264368057,0.766803503036499,0.0,2,0,5.24405,12.4703,21.4518,45.0865,134.687,193.846,187.576,181.237,175.932,169.454,159.881,138.821,115.674,97.1748,74.7894,51.2779,33.7924,23.0817,11.4715
2026-08-04T12:40:29+0200,313,0,5.636,29.0394,38.8817,41.222900390625,0.10458000004291534,0.7827349901199341,5235.99,2,99.9824,0.0,0.402451,0.0224094,0.002392282,EXIT,169.7010040283203,0.15347531533028214,110.5488,4,5.0,0.35,18.0,0.019647302,0.7685087,0.0,2,False,0.019647302106022835,0.7685086727142334,0.0,2,0,5.25571,12.4813,21.4379,44.8806,132.117,193.821,187.591,181.305,176.062,169.701,160.546,140.005,116.471,97.7168,75.0881,51.3973,33.8289,23.0885,11.4639
2026-08-04T12:40:29+0200,314,0,5.658,29.2971,39.1393,41.76139831542969,0.10196299850940704,0.7906659841537476,5235.99,2,99.9822,0.0,0.401583,0.0235175,0.0026229182,EXIT,169.91600036621094,0.1500512361232613,110.59991,4,5.0,0.35,18.0,0.019997586,0.76922905,0.0,2,False,0.01999758556485176,0.7692290544509888,0.0,2,0,5.26753,12.4932,21.427,44.6896,129.755,193.782,187.59,181.355,176.17,169.916,161.112,141.163,117.247,98.2424,75.3759,51.511,33.8627,23.094,11.4561
2026-08-04T12:40:30+0200,315,0,5.68,29.5581,39.4003,42.29909896850586,0.10084199905395508,0.793749988079071,5235.99,2,99.9821,0.0,0.400655,0.0246444,0.0029804276,EXIT,170.1199951171875,0.1466554557871679,110.650734,4,5.0,0.35,18.0,0.020984491,0.76937765,0.0,2,False,0.02098449133336544,0.7693776488304138,0.0,2,0,5.27931,12.5049,21.4157,44.4995,127.476,193.741,187.585,181.401,176.273,170.12,161.626,142.351,118.04,98.7785,75.6687,51.6264,33.8971,23.0998,11.4482
2026-08-04T12:40:30+0200,316,0,5.702,29.8224,39.6647,42.836299896240234,0.10310299694538116,0.7940829992294312,5235.99,2,99.9819,0.0,0.399663,0.0257685,0.00337734,EXIT,170.33099365234375,0.14312977846411387,110.70524,4,5.0,0.35,18.0,0.02238967,0.7691911,0.0,2,False,0.022389670833945274,0.7691910862922668,0.0,2,0,5.29092,12.5155,21.4014,44.2987,125.179,193.707,187.587,181.454,176.382,170.331,162.123,143.623,118.887,99.3507,75.9813,51.7505,33.935,23.107,11.4407
2026-08-04T12:40:30+0200,317,0,5.724,30.0901,39.9324,43.37379837036133,0.10690400004386902,0.7966349720954895,5235.99,2,99.9817,0.0,0.398616,0.0268761,0.0035077685,EXIT,170.55799865722656,0.13937737381027107,110.76569,4,5.0,0.35,18.0,0.024062509,0.7689948,0.0,2,False,0.0240625087171793,0.7689948081970215,0.0,2,0,5.30221,12.5243,21.382,44.0795,122.815,193.685,187.601,181.52,176.507,170.558,162.622,145.016,119.815,99.9767,76.3241,51.8878,33.9783,23.1167,11.4336
2026-08-04T12:40:30+0200,318,0,5.746,30.3611,40.2034,43.911800384521484,0.11421100050210953,0.8028619885444641,5273.13,2,99.9816,0.0,0.397504,0.0279488,0.0037045015,EXIT,170.81399536132812,0.1352760412594676,110.83518,4,5.0,0.35,18.076208,0.02589592,0.7686886,0.0,2,False,0.025895919650793076,0.7686886191368103,0.0,2,0,5.31308,12.5305,21.3554,43.8331,120.321,193.684,187.636,181.61,176.659,170.814,163.141,146.586,120.858,100.681,76.7107,52.0446,34.0296,23.1299,11.4272
2026-08-04T12:40:30+0200,319,0,5.768,30.6354,40.4777,44.455101013183594,0.12291400134563446,0.8106889724731445,5342.5,2,99.9813,0.0,0.396345,0.0289743,0.0045163566,EXIT,171.1060028076172,0.1307388024534229,110.91543,4,5.0,0.35,18.264185,0.027811563,0.76804274,0.0,2,False,0.0278115626424551,0.7680427432060242,0.0,2,0,5.32335,12.5334,21.3198,43.5532,117.672,193.709,187.696,181.729,176.842,171.106,163.69,148.376,122.045,101.482,77.1519,52.2256,34.091,23.1477,11.4217
2026-08-04T12:40:30+0200,320,0,5.79,30.9131,40.7553,45.00550079345703,0.132082998752594,0.8157370090484619,5412.59,2,99.9811,0.0,0.395131,0.0299526,0.005285862,EXIT,171.43099975585938,0.12575941664739868,111.00649,4,5.0,0.35,18.44933,0.029759396,0.7674847,0.0,2,False,0.029759395867586136,0.767484724521637,0.0,2,0,5.333,12.5329,21.2751,43.2411,114.894,193.76,187.782,181.877,177.057,171.431,164.266,150.403,123.387,102.387,77.65,52.4315,34.1627,23.17,11.4171
2026-08-04T12:40:30+0200,321,0,5.812,31.1942,41.0364,45.563201904296875,0.14166699349880219,0.8226979970932007,5483.35,2,99.9808,0.0,0.393867,0.0308814,0.005992585,EXIT,171.78900146484375,0.12031293930081946,111.10898,4,5.0,0.35,18.631258,0.031704977,0.76705754,0.0,2,False,0.03170497715473175,0.7670575380325317,0.0,2,0,5.34198,12.5289,21.2211,42.8969,112.004,193.839,187.892,182.053,177.302,171.789,164.867,152.695,124.897,103.403,78.2096,52.6642,34.2454,23.1973,11.4135
2026-08-04T12:40:30+0200,322,0,5.834,31.4788,41.321,46.128700256347656,0.15140600502490997,0.8317000269889832,5555.59,2,99.9806,0.0,0.392553,0.0317589,0.0067794695,EXIT,172.17799377441406,0.11470761876945763,111.21505,4,5.0,0.35,18.813566,0.033624843,0.76661766,0.0,2,False,0.03362484276294708,0.7666176557540894,0.0,2,0,5.35028,12.5212,21.1578,42.5214,109.024,193.946,188.029,182.257,177.578,172.178,165.49,154.832,126.593,104.541,78.835,52.9251,34.3394,23.2296,11.4109
2026-08-04T12:40:30+0200,323,0,5.856,31.7668,41.6091,46.70209884643555,0.16115599870681763,0.8423799872398376,5629.04,2,99.9803,0.0,0.39119,0.0325833,0.007591715,EXIT,172.5989990234375,0.10916032820470752,111.31922,4,5.0,0.35,18.99878,0.03550255,0.76615375,0.0,2,False,0.03550254926085472,0.7661537528038025,0.0,2,0,5.35777,12.5097,21.0847,42.1148,105.973,194.084,188.191,182.489,177.883,172.599,166.136,156.497,128.492,105.81,79.5313,53.2161,34.4457,23.2673,11.4094
2026-08-04T12:40:30+0200,324,0,5.878,32.0585,41.9007,47.283199310302734,0.17083999514579773,0.8542720079421997,5703.16,2,99.98,0.0,0.389778,0.0333535,0.008342447,EXIT,173.04800415039062,0.10347310787331822,111.426476,4,5.0,0.35,19.18446,0.037326697,0.7657759,0.0,2,False,0.03732669726014137,0.7657759189605713,0.0,2,0,5.36446,12.4944,21.002,41.6787,102.871,194.252,188.378,182.749,178.218,173.048,166.801,157.94,130.616,107.224,80.3034,53.5389,34.5646,23.3107,11.4091
2026-08-04T12:40:30+0200,325,0,5.9,32.3513,42.1936,47.87220001220703,0.17767000198364258,0.8667979836463928,5779.26,2,99.9798,0.0,0.388332,0.0330253,0.009258314,GENTLE_LEFT,173.51400756835938,0.09752505510944351,120.8345,5,5.5,0.55,19.36931,0.06201128,0.6784299,0.0,2,False,0.06201127916574478,0.678429901599884,0.0,2,0,5.37043,12.4758,20.9116,41.2222,99.7837,194.444,188.583,183.027,178.571,173.514,167.472,159.232,132.951,108.77,81.1437,53.8893,34.6944,23.3588,11.4099
2026-08-04T12:40:30+0200,326,0,5.922,32.6456,42.4879,48.41569900512695,0.2497439980506897,0.8791890144348145,5797.87,2,99.9795,0.0,0.386971,0.0313829,0.0008678072,GENTLE_LEFT,174.23399353027344,0.08929734502561859,121.020966,5,5.5,0.55,19.505882,0.07712126,0.67250544,0.0,2,False,0.07712125778198242,0.6725054383277893,0.0,2,0,5.37296,12.4372,20.7669,40.5687,95.734,194.831,188.971,183.51,179.15,174.234,168.438,160.847,136.389,111.038,82.3752,54.4076,34.8921,23.4367,11.4162
2026-08-04T12:40:30+0200,327,0,5.944,32.9431,42.7854,48.93349838256836,0.3223550021648407,0.8901320099830627,5864.29,2,99.9793,0.0,0.385762,0.0291636,0.0015218894,GENTLE_LEFT,175.2570037841797,0.0783278349231631,121.28193,5,5.5,0.55,19.596619,0.08564088,0.6668836,0.0,2,False,0.08564087748527527,0.6668835878372192,0.0,2,0,5.37088,12.3731,20.5544,39.6814,90.6884,195.471,189.586,184.244,180.002,175.257,169.745,162.806,141.404,114.317,84.1426,55.1512,35.1797,23.554,11.4301
2026-08-04T12:40:30+0200,328,0,5.966,33.2438,43.0861,49.45289993286133,0.37902599573135376,0.8994309902191162,5929.69,2,99.979,0.0,0.384722,0.0265143,0.0019967365,CHICANE,176.46800231933594,0.06534520609941231,65.47458,3,8.0,0.24750000000000003,19.66142,0.06461793,0.115324795,0.0,2,False,0.06461793184280396,0.11532479524612427,0.0,2,0,5.36492,12.2897,20.2943,38.651,85.2868,196.306,190.361,185.145,181.032,176.468,171.241,164.879,147.953,118.538,86.3844,56.0843,35.5406,23.7028,11.4502
2026-08-04T12:40:30+0200,329,0,5.988,33.5467,43.389,49.604698181152344,0.35440298914909363,0.9036369919776917,5738.27,2,99.979,0.0,0.383816,0.0240234,0.0,CHICANE,177.5290069580078,0.05373423162314437,65.639046,3,8.0,0.24750000000000003,19.58191,0.048847258,0.11773249,0.0,2,False,0.0488472580909729,0.11773248761892319,0.0,2,0,5.35877,12.2113,20.0542,37.7286,80.7691,197.082,191.074,185.943,181.941,177.529,172.533,166.592,153.75,122.815,88.6125,56.9955,35.8892,23.8461,11.4699
2026-08-04T12:40:30+0200,330,0,6.01,33.85,43.6923,49.65409851074219,0.2983349859714508,0.8897979855537415,5746.35,2,99.979,0.0,0.382975,0.0219889,0.0,CHICANE,178.30299377441406,0.0455991726882112,65.757286,3,8.0,0.24750000000000003,19.500765,0.036878508,0.119894035,0.0,2,False,0.03687850758433342,0.11989403516054153,0.0,2,0,5.35466,12.1501,19.8661,37.0153,77.4409,197.663,191.604,186.517,182.6,178.303,173.475,167.822,156.601,126.54,90.5156,57.7591,36.177,23.9629,11.4852
2026-08-04T12:40:30+0200,331,0,6.032,34.1536,43.9959,49.70560073852539,0.24003399908542633,0.8800510168075562,5753.23,2,99.979,0.0,0.382168,0.0204249,0.0,CHICANE,178.8070068359375,0.03971680410672516,65.84278,3,8.0,0.0,19.44814,0.001371868,0.12141954,0.0,2,False,0.0013718679547309875,0.12141954153776169,0.0,2,0,5.35292,12.1069,19.7295,36.496,75.0887,198.037,191.942,186.873,183.02,178.807,174.099,168.642,158.273,129.549,92.0262,58.3541,36.3975,24.0509,11.4957
2026-08-04T12:40:30+0200,332,0,6.054,34.4575,44.2997,49.757999420166016,0.10807099938392639,0.8774420022964478,5759.53,2,99.979,0.0,0.381316,0.0197703,0.0,CHICANE,178.83599853515625,0.03735434847502674,65.87772,3,8.0,0.0,19.438835,-0.022183176,0.12442453,0.0,2,False,-0.02218317613005638,0.1244245320558548,0.0,2,0,5.35665,12.0989,19.6893,36.3134,74.2094,198.002,191.897,186.836,183.012,178.836,174.182,168.808,158.759,130.804,92.6398,58.5853,36.4771,24.079,11.4958
2026-08-04T12:40:30+0200,333,0,6.076,34.7617,44.6039,49.811500549316406,-0.014742200262844563,0.8804979920387268,5766.5,2,99.979,0.0,0.380343,0.0200925,0.0,CHICANE,178.37100219726562,0.038634746151150416,65.86064,3,8.0,0.0,19.474323,-0.037085928,0.12226991,0.0,2,False,-0.03708592802286148,0.12226991355419159,0.0,2,0,5.36687,12.1301,19.7534,36.485,74.8074,197.522,191.438,186.385,182.555,178.371,173.703,168.309,158.17,130.052,92.2437,58.4123,36.4012,24.0409,11.4842
2026-08-04T12:40:30+0200,334,0,6.098,35.0662,44.9085,49.86360168457031,-0.11256299912929535,0.8864849805831909,5771.68,2,99.979,0.0,0.379227,0.0210736,0.0,CHICANE,177.5679931640625,0.042422462635380145,65.80805,3,8.0,0.24750000000000003,19.539646,-0.019370418,0.12001682,0.0,2,False,-0.019370418041944504,0.12001682072877884,0.0,2,0,5.38204,12.1891,19.8908,36.9042,76.4495,196.746,190.701,185.652,181.792,177.568,172.843,167.354,156.824,127.979,91.1768,57.9681,36.2196,23.9574,11.4641
2026-08-04T12:40:30+0200,335,0,6.12,35.371,45.2133,49.915199279785156,-0.10071399807929993,0.8923329710960388,5776.82,2,99.979,0.0,0.378026,0.0219661,0.0,CHICANE,176.8040008544922,0.045965619051673755,65.75931,3,8.0,0.24750000000000003,19.60158,-0.0069261864,0.12055359,0.0,2,False,-0.006926186382770538,0.12055359035730362,0.0,2,0,5.39748,12.2467,20.0231,37.3038,78.025,196.011,190.003,184.953,181.065,176.804,172.026,166.446,155.51,126.131,90.214,57.5614,36.051,23.8787,11.4443
2026-08-04T12:40:30+0200,336,0,6.142,35.6761,45.5184,49.967201232910156,-0.06416130065917969,0.897150993347168,5783.03,2,99.979,0.0,0.376817,0.022417,0.0,CHICANE,176.26499938964844,0.04786001090775683,65.7343,3,8.0,0.24750000000000003,19.64342,0.0016989186,0.12092826,0.0,2,False,0.001698918640613556,0.12092825770378113,0.0,2,0,5.41052,12.2878,20.1098,37.5446,78.9198,195.474,189.49,184.441,180.542,176.265,171.463,165.842,154.702,125.161,89.6955,57.3328,35.9506,23.8286,11.4294
2026-08-04T12:40:30+0200,337,0,6.164,35.9816,45.8238,50.019100189208984,-0.02349420078098774,0.9004989862442017,5788.98,2,99.979,0.0,0.375633,0.022511,0.0,CHICANE,175.91000366210938,0.048369360952013336,65.72916,3,8.0,0.24750000000000003,19.668234,0.007520713,0.120937616,0.0,2,False,0.007520712912082672,0.12093761563301086,0.0,2,0,5.42134,12.3148,20.158,37.6514,79.2268,195.097,189.125,184.082,180.185,175.91,171.11,165.492,154.349,124.876,89.5273,57.2466,35.9054,23.802,11.4185
2026-08-04T12:40:30+0200,338,0,6.186,36.2873,46.1296,50.07099914550781,0.01160029973834753,0.9020259976387024,5794.99,2,99.979,0.0,0.374487,0.0223498,0.0,CHICANE,175.68800354003906,0.04787677713608757,65.7383,3,8.0,0.24750000000000003,19.680792,0.011288753,0.12019038,0.0,2,False,0.011288752779364586,0.12019038200378418,0.0,2,0,5.43037,12.3312,20.1778,37.6597,79.1028,194.832,188.866,183.833,179.947,175.688,170.908,165.323,154.325,125.076,89.6088,57.2622,35.9,23.7926,11.4108
2026-08-04T12:40:30+0200,339,0,6.208,36.5934,46.4356,50.122100830078125,0.03625689819455147,0.902072012424469,5800.59,2,99.979,0.0,0.373381,0.0220394,0.0,CHICANE,175.54100036621094,0.04680459111757839,65.75568,3,8.0,0.24750000000000003,19.685946,0.013584433,0.1196532,0.0,2,False,0.013584433123469353,0.11965320259332657,0.0,2,0,5.43821,12.341,20.1804,37.6098,78.7283,194.633,188.669,183.647,179.779,175.541,170.793,165.258,154.478,125.565,89.8383,57.3384,35.9183,23.7934,11.405
2026-08-04T12:40:30+0200,340,0,6.23,36.8998,46.7421,50.173099517822266,0.056586600840091705,0.9009979963302612,5806.52,2,99.979,0.0,0.372313,0.0216195,0.0,CHICANE,175.44900512695312,0.04531496982400944,65.77893,3,8.0,0.24750000000000003,19.685976,0.014821333,0.11929873,0.0,2,False,0.01482133287936449,0.11929872632026672,0.0,2,0,5.44508,12.3458,20.1701,37.5171,78.1758,194.483,188.516,183.507,179.66,175.449,170.74,165.267,154.744,126.274,90.1796,57.46,35.9545,23.802,11.4007
2026-08-04T12:40:30+0200,341,0,6.252,37.2065,47.0488,50.22330093383789,0.06879840046167374,0.8994190096855164,5812.06,2,99.979,0.0,0.371284,0.0211319,0.0,CHICANE,175.38999938964844,0.04357887021287495,65.80562,3,8.0,0.24750000000000003,19.682693,0.015305359,0.119078554,0.0,2,False,0.015305358916521072,0.11907855421304703,0.0,2,0,5.45123,12.3473,20.1515,37.3978,77.5202,194.363,188.392,183.395,179.57,175.39,170.723,165.317,155.063,127.128,90.5938,57.611,36.0021,23.8157,11.3974
2026-08-04T12:40:30+0200,342,0,6.274,37.5135,47.3558,50.273399353027344,0.07445749640464783,0.8982620239257812,5817.87,2,99.979,0.0,0.370289,0.0206209,0.0,CHICANE,175.34100341796875,0.04176602806809637,65.83329,3,8.0,0.24750000000000003,19.678478,0.015275452,0.11893597,0.0,2,False,0.01527545228600502,0.1189359724521637,0.0,2,0,5.45696,12.3472,20.1294,37.2692,76.8371,194.253,188.277,183.292,179.49,175.341,170.716,165.378,155.381,128.045,91.0381,57.7737,36.0545,23.8315,11.3948
2026-08-04T12:40:30+0200,343,0,6.296,37.8208,47.6631,50.32350158691406,0.0774248018860817,0.898032009601593,5823.68,2,99.979,0.0,0.369324,0.0201083,0.0,CHICANE,175.2899932861328,0.03995794769637097,65.86078,3,8.0,0.0,19.674376,-0.011390764,0.11883471,0.0,2,False,-0.011390764266252518,0.1188347116112709,0.0,2,0,5.4624,12.3464,20.1063,37.1395,76.1617,194.143,188.163,183.187,179.409,175.29,170.707,165.434,155.674,128.982,91.4913,57.9397,36.1081,23.8479,11.3923
2026-08-04T12:40:30+0200,344,0,6.318,38.1285,47.9708,50.3734016418457,0.00036573500256054103,0.8985239863395691,5829.46,2,99.979,0.0,0.368327,0.02009,0.0,CHICANE,174.99200439453125,0.03998608823908884,65.86196,3,8.0,0.0,19.692865,-0.028618943,0.118859865,0.0,2,False,-0.028618942946195602,0.11885986477136612,0.0,2,0,5.47093,12.3652,20.1362,37.1916,76.2542,193.814,187.843,182.875,179.104,174.992,170.419,165.161,155.447,128.925,91.4432,57.9049,36.0847,23.8318,11.3842
2026-08-04T12:40:30+0200,345,0,6.34,38.4364,48.2787,50.42259979248047,-0.08498439937829971,0.8995339870452881,5835.18,2,99.979,0.0,0.36723,0.0207419,0.0,CHICANE,174.36000061035156,0.04251897100008039,65.82748,3,8.0,0.24750000000000003,19.741909,-0.012827534,0.11669341,0.0,2,False,-0.012827534228563309,0.1166934072971344,0.0,2,0,5.48415,12.4118,20.24,37.4947,77.4004,193.187,187.246,182.283,178.494,174.36,169.754,164.442,154.522,127.519,90.7139,57.5963,35.9554,23.7704,11.368
2026-08-04T12:40:30+0200,346,0,6.362,38.7447,48.5869,50.47140121459961,-0.07295969873666763,0.9002259969711304,5840.13,2,99.979,0.0,0.366069,0.021376,0.0,CHICANE,173.73300170898438,0.04502695075920453,65.793594,3,8.0,0.24750000000000003,19.79033,-0.0018699095,0.11720764,0.0,2,False,-0.0018699094653129578,0.11720763891935349,0.0,2,0,5.49786,12.4592,20.3447,37.7991,78.557,192.569,186.657,181.696,177.89,173.733,169.095,163.73,153.593,126.17,90.0082,57.2949,35.8279,23.7094,11.3514
2026-08-04T12:40:30+0200,347,0,6.384,39.0532,48.8954,50.519798278808594,-0.037946298718452454,0.900223970413208,5845.72,2,99.979,0.0,0.36491,0.021631,0.0,CHICANE,173.29600524902344,0.04612384513168233,65.780045,3,8.0,0.24750000000000003,19.821045,0.005607524,0.11757847,0.0,2,False,0.0056075239554047585,0.11757846921682358,0.0,2,0,5.50937,12.4919,20.4093,37.9639,79.1166,192.117,186.223,181.267,177.458,173.296,168.65,163.27,153.067,125.571,89.6819,57.1455,35.7588,23.6729,11.339
2026-08-04T12:40:30+0200,348,0,6.406,39.362,49.2042,50.56869888305664,-0.00016536300245206803,0.9001700282096863,5851.72,2,99.979,0.0,0.363782,0.0215719,0.0,CHICANE,173.01600646972656,0.046031216628376295,65.783485,3,8.0,0.24750000000000003,19.837246,0.010539554,0.11699632,0.0,2,False,0.010539554059505463,0.11699631810188293,0.0,2,0,5.51882,12.5118,20.4392,38.0091,79.1603,191.804,185.918,180.97,177.169,173.016,168.383,163.023,152.888,125.58,89.6654,57.1215,35.7382,23.6571,11.3303
2026-08-04T12:40:30+0200,349,0,6.428,39.6711,49.5134,50.61709976196289,0.031004900112748146,0.9004859924316406,5856.98,2,99.979,0.0,0.362693,0.0212909,0.0,CHICANE,172.84800720214844,0.045092411899402586,65.798996,3,8.0,0.24750000000000003,19.842773,0.013615017,0.11637192,0.0,2,False,0.01361501682549715,0.11637192219495773,0.0,2,0,5.52664,12.5222,20.4439,37.9684,78.8369,191.587,185.704,180.766,176.98,172.848,168.242,162.925,152.949,126.022,89.8695,57.187,35.7524,23.6562,11.3243
2026-08-04T12:40:30+0200,350,0,6.45,39.9806,49.8228,50.66450119018555,0.05397560074925423,0.9011819958686829,5862.14,2,99.979,0.0,0.361651,0.0208705,0.0,CHICANE,172.7469940185547,0.04362849448123942,65.82194,3,8.0,0.24750000000000003,19.84143,0.015354306,0.115982994,0.0,2,False,0.015354306437075138,0.11598299443721771,0.0,2,0,5.53325,12.5263,20.4322,37.8732,78.288,191.431,185.546,180.62,176.854,172.747,168.178,162.917,153.146,126.746,90.216,57.3101,35.7891,23.6652,11.3202
2026-08-04T12:40:30+0200,351,0,6.472,40.2903,50.1325,50.71179962158203,0.06749170273542404,0.9021549820899963,5867.62,2,99.979,0.0,0.360649,0.0203784,0.0,CHICANE,172.68099975585938,0.041903642811114056,65.84849,3,8.0,0.24750000000000003,19.83687,0.01615685,0.11574477,0.0,2,False,0.01615685038268566,0.11574476957321167,0.0,2,0,5.5391,12.5267,20.4117,37.7499,77.631,191.306,185.418,180.503,176.759,172.681,168.151,162.951,153.398,127.625,90.64,57.4642,35.8379,23.6794,11.3172
2026-08-04T12:40:30+0200,352,0,6.494,40.6003,50.4426,50.75910186767578,0.07694710046052933,0.9034299850463867,5873.1,2,99.979,0.0,0.359682,0.0198467,0.0,CHICANE,172.6320037841797,0.04003614206003371,65.87697,3,8.0,0.24750000000000003,19.830591,0.016311426,0.115602195,0.0,2,False,0.01631142571568489,0.11560219526290894,0.0,2,0,5.5444,12.525,20.3859,37.6112,76.9217,191.199,185.305,180.4,176.68,172.632,168.143,163.007,153.669,128.601,91.1114,57.6369,35.8941,23.6969,11.315
2026-08-04T12:40:30+0200,353,0,6.516,40.9106,50.7529,50.806400299072266,0.0819694995880127,0.9045609831809998,5878.57,2,99.979,0.0,0.35875,0.0193117,0.0,CHICANE,172.58200073242188,0.038162265441689595,65.90541,3,8.0,0.0,19.824299,-0.010160692,0.11551357,0.0,2,False,-0.010160692036151886,0.11551357060670853,0.0,2,0,5.54939,12.5224,20.3588,37.4708,76.2183,191.093,185.194,180.298,176.6,172.582,168.134,163.059,153.923,129.604,91.594,57.8137,35.9519,23.7153,11.313
2026-08-04T12:40:30+0200,354,0,6.538,41.2212,51.0634,50.85350036621094,0.0057498998939991,0.9054840207099915,5884.02,2,99.979,0.0,0.35779,0.0192688,0.0,CHICANE,172.29200744628906,0.03809016016292875,65.90802,3,8.0,0.0,19.840406,-0.027290322,0.11573449,0.0,2,False,-0.02729032188653946,0.11573448777198792,0.0,2,0,5.55744,12.5395,20.3848,37.5113,76.2677,190.77,184.881,179.993,176.302,172.292,167.856,162.797,153.708,129.6,91.5732,57.7903,35.9331,23.7013,11.3055
2026-08-04T12:40:30+0200,355,0,6.56,41.5321,51.3743,50.90010070800781,-0.07608339935541153,0.9063090085983276,5889.46,2,99.979,0.0,0.356735,0.0198828,0.0,CHICANE,171.68499755859375,0.04043398258363713,65.8762,3,8.0,0.24750000000000003,19.886349,-0.01157232,0.11367899,0.0,2,False,-0.011572320014238358,0.11367899179458618,0.0,2,0,5.57013,12.584,20.4836,37.7976,77.3316,190.161,184.3,179.418,175.713,171.685,167.221,162.119,152.88,128.249,90.8774,57.4974,35.8107,23.6432,11.29
2026-08-04T12:40:30+0200,356,0,6.582,41.8432,51.6855,50.94599914550781,-0.06571029871702194,0.9046260118484497,5894.19,2,99.979,0.0,0.355617,0.0204804,0.0,CHICANE,171.08200073242188,0.042751352320126806,65.845024,3,8.0,0.24750000000000003,19.93151,-0.00070066005,0.11420375,0.0,2,False,-0.0007006600499153137,0.11420375108718872,0.0,2,0,5.58328,12.6293,20.5833,38.085,78.4036,189.559,183.726,178.849,175.13,171.082,166.592,161.447,152.052,126.951,90.2032,57.2111,35.6899,23.5853,11.2743
2026-08-04T12:40:30+0200,357,0,6.604,42.1546,51.9969,50.99169921875,-0.03146890178322792,0.9035130143165588,5899.4,2,99.979,0.0,0.354502,0.0207042,0.0,GENTLE_LEFT,170.66099548339844,0.043701041491652035,122.26229,5,5.5,0.55,19.959427,0.03289541,0.71312714,0.0,2,False,0.03289540857076645,0.7131271362304688,0.0,2,0,5.59425,12.66,20.6431,38.2348,78.8968,189.12,183.303,178.433,174.711,170.661,166.166,161.012,151.58,126.406,89.9068,57.0751,35.6264,23.5516,11.2626
2026-08-04T12:40:30+0200,358,0,6.626,42.4674,52.3096,51.435001373291016,0.07710380107164383,0.9052219986915588,6237.92,2,99.9788,0.0,0.353468,0.0200992,0.013634595,CHICANE,170.64199829101562,0.04157665446570885,65.848854,3,8.0,0.24750000000000003,20.119446,0.028133247,0.107823476,0.0,2,False,0.028133247047662735,0.10782347619533539,0.0,2,0,5.59968,12.6564,20.6109,38.0699,78.0625,189.037,183.214,178.355,174.66,170.642,166.192,161.107,151.907,127.507,90.4409,57.2724,35.6914,23.5724,11.2605
2026-08-04T12:40:30+0200,359,0,6.648,42.7825,52.6248,51.62110137939453,0.1093590036034584,0.91246497631073,5969.17,2,99.9788,0.0,0.352535,0.0191012,0.0,CHICANE,170.8070068359375,0.03801777503261999,65.89557,3,8.0,0.0,20.150898,-0.0017712973,0.108302645,0.0,2,False,-0.0017712973058223724,0.10830264538526535,0.0,2,0,5.60194,12.6355,20.5337,37.7569,76.6379,189.124,183.283,178.434,174.776,170.807,166.423,161.438,152.563,129.443,91.3903,57.6345,35.8198,23.6204,11.2636
2026-08-04T12:40:30+0200,360,0,6.67,43.0981,52.9403,51.66109848022461,0.03969680145382881,0.9176139831542969,5973.71,2,99.9788,0.0,0.351612,0.018681,0.0,CHICANE,170.69200134277344,0.03656900216894245,65.918175,3,8.0,0.0,20.146492,-0.02147524,0.110193156,0.0,2,False,-0.02147524058818817,0.1101931557059288,0.0,2,0,5.60748,12.6371,20.5182,37.6578,76.1169,188.96,183.117,178.277,174.637,170.692,166.34,161.403,152.674,130.226,91.7605,57.7658,35.8602,23.6314,11.2604
2026-08-04T12:40:31+0200,361,0,6.692,43.4139,53.2561,51.70140075683594,-0.04342859983444214,0.9173660278320312,5979.76,2,99.9788,0.0,0.350612,0.019027,0.0,CHICANE,170.21200561523438,0.03790750680631012,65.9009,3,8.0,0.0,20.177517,-0.033857793,0.10829462,0.0,2,False,-0.0338577926158905,0.10829462110996246,0.0,2,0,5.61815,12.6702,20.5867,37.8419,76.7533,188.463,182.641,177.809,174.164,170.212,165.85,160.897,152.109,129.412,91.3364,57.5826,35.7803,23.5916,11.2483
2026-08-04T12:40:31+0200,362,0,6.714,43.7299,53.5721,51.740299224853516,-0.11739599704742432,0.9145770072937012,5984.04,2,99.9788,0.0,0.349501,0.019948,0.0,GENTLE_LEFT,169.45599365234375,0.041373498783151254,122.29927,5,5.5,0.55,20.234785,0.011286035,0.6974422,0.0,2,False,0.011286035180091858,0.6974421739578247,0.0,2,0,5.63315,12.7281,20.721,38.247,78.3034,187.718,181.934,177.107,173.439,169.456,165.051,160.031,151.022,127.435,90.3274,57.1648,35.6098,23.513,11.2291
2026-08-04T12:40:31+0200,363,0,6.736,44.0471,53.8894,52.174400329589844,-0.016632800921797752,0.9159420132637024,6320.05,2,99.9785,0.0,0.348373,0.0202701,0.012402324,GENTLE_LEFT,168.98300170898438,0.042675120012778144,122.23743,5,5.5,0.55,20.43434,0.04087465,0.7015243,0.0,2,False,0.040874648839235306,0.7015243172645569,0.0,2,0,5.64481,12.7629,20.7918,38.434,78.9487,187.231,181.466,176.646,172.973,168.983,164.569,159.533,150.465,126.687,89.9301,56.9888,35.5311,23.4727,11.2163
2026-08-04T12:40:31+0200,364,0,6.758,44.3679,54.2101,52.77289962768555,0.09999830275774002,0.9253090023994446,6392.33,2,99.9783,0.0,0.347363,0.0194066,0.012816952,STRAIGHT,169.0749969482422,0.03961641826670483,159.90231,6,4.5,0.0,20.648863,8.199364e-05,0.8813618,0.0,2,False,8.199363946914673e-05,0.8813617825508118,0.0,2,0,5.64848,12.7485,20.7306,38.1712,77.7177,187.249,181.47,176.662,173.022,169.075,164.718,159.769,150.98,128.324,90.73,57.2911,35.6361,23.5104,11.2172
2026-08-04T12:40:31+0200,365,0,6.78,44.6926,54.5348,53.47380065917969,0.03017839975655079,0.9405019879341125,6659.95,2,99.9779,0.0,0.346393,0.0187301,0.04141658,STRAIGHT,169.07000732421875,0.03724656446929741,159.92047,6,4.5,0.0,20.916254,-0.026478399,0.8865519,0.0,2,False,-0.026478398591279984,0.8865519165992737,0.0,2,0,5.6529,12.7408,20.6886,37.9788,76.8033,187.183,181.396,176.596,172.983,169.07,164.759,159.878,151.296,129.621,91.3556,57.5228,35.7141,23.537,11.2164
2026-08-04T12:40:31+0200,366,0,6.802,45.0219,54.8642,54.27009963989258,-0.05549680069088936,0.9594569802284241,6811.94,2,99.9775,0.0,0.345336,0.0190472,0.05042018,STRAIGHT,168.59100341796875,0.03848754078856331,159.80307,6,4.5,0.0,21.272703,-0.0432581,0.8641074,0.0,3,False,-0.043258100748062134,0.8641073703765869,0.0,3,0,5.66391,12.7739,20.7562,38.1568,77.4076,186.684,180.918,176.127,172.51,168.591,164.272,159.379,150.751,128.865,90.959,57.3495,35.6374,23.4981,11.2042
2026-08-04T12:40:31+0200,367,0,6.824,45.3551,55.1973,54.564701080322266,-0.13710500299930573,0.9764999747276306,5384.88,3,99.9774,0.0,0.34415,0.0201686,0.0,GENTLE_LEFT,167.7270050048828,0.04269191811756203,122.074425,5,5.5,0.55,21.45261,0.005411662,0.69106853,0.0,3,False,0.00541166216135025,0.6910685300827026,0.0,3,0,5.68079,12.8416,20.9155,38.6447,79.2979,185.84,180.116,175.329,171.683,167.727,163.356,158.382,149.491,126.491,89.7493,56.8506,35.4352,23.4057,11.1823
2026-08-04T12:40:31+0200,368,0,6.846,45.6883,55.5305,54.52239990234375,-0.04628299921751022,0.9729819893836975,5401.27,3,99.9774,0.0,0.34292,0.0208341,0.0,GENTLE_LEFT,167.0749969482422,0.045275991297626765,122.017204,5,5.5,0.55,21.46478,0.037588105,0.70874363,0.0,3,False,0.037588104605674744,0.7087436318397522,0.0,3,0,5.69539,12.8923,21.0278,38.9705,80.5253,185.191,179.497,174.713,171.052,167.075,162.676,157.657,148.611,125.073,89.0106,56.536,35.3022,23.3419,11.1649
2026-08-04T12:40:31+0200,369,0,6.868,46.0213,55.8635,54.5088005065918,0.09009440243244171,0.9588080048561096,5235.99,3,99.9774,0.0,0.341811,0.0202157,0.0,GENTLE_LEFT,167.03599548339844,0.04311419117469025,122.08386,5,5.5,0.55,21.425884,0.058240168,0.6941064,0.0,3,False,0.058240167796611786,0.69410640001297,0.0,3,0,5.70133,12.8893,20.9952,38.8004,79.6564,185.086,179.387,174.616,170.98,167.036,162.681,157.729,148.898,126.178,89.5463,56.7329,35.3664,23.3619,11.1623
2026-08-04T12:40:31+0200,370,0,6.89,46.3551,56.1974,54.79990005493164,0.20084500312805176,0.952580988407135,5235.99,3,99.9773,0.0,0.340885,0.0185445,0.0,STRAIGHT,167.48800659179688,0.03711194174170729,159.83607,6,4.5,0.0,21.467606,0.012156151,0.8781292,0.0,3,False,0.012156151235103607,0.8781291842460632,0.0,3,0,5.69944,12.8408,20.8429,38.2305,77.1703,185.43,179.694,174.937,171.358,167.488,163.231,158.428,150.05,129.476,91.1725,57.3626,35.5965,23.4526,11.1725
2026-08-04T12:40:31+0200,371,0,6.912,46.6914,56.5337,55.25019836425781,0.11153899878263474,0.960860013961792,5235.99,3,99.977,0.0,0.340035,0.0173249,0.0,STRAIGHT,167.71499633789062,0.0327804955842683,159.94814,6,4.5,0.0,21.600304,-0.018204458,0.9072753,0.0,3,False,-0.0182044580578804,0.9072753190994263,0.0,3,0,5.69958,12.8091,20.7389,37.8362,75.4761,185.582,179.823,175.07,171.533,167.715,163.529,158.829,150.747,131.979,92.3866,57.8241,35.7619,23.5163,11.1786
2026-08-04T12:40:31+0200,372,0,6.934,47.0306,56.8729,55.74399948120117,-0.002871379954740405,0.9730349779129028,5286.72,3,99.9768,0.0,0.339103,0.0173143,0.0,STRAIGHT,167.38099670410156,0.032797358599725636,159.9042,6,4.5,0.0,21.810644,-0.03772049,0.90430605,0.0,3,False,-0.037720490247011185,0.9043060541152954,0.0,3,0,5.70757,12.8268,20.7671,37.8858,75.5675,185.214,179.466,174.722,171.191,167.381,163.205,158.519,150.469,131.91,92.3335,57.7882,35.7387,23.5006,11.1709
2026-08-04T12:40:31+0200,373,0,6.956,47.3729,57.2152,56.24509811401367,-0.10084900259971619,0.9882709980010986,5329.95,3,99.9765,0.0,0.33803,0.0182513,0.0,STRAIGHT,166.60899353027344,0.03624106737078852,159.74084,6,4.5,0.0,22.071566,-0.049697943,0.89046246,0.0,3,False,-0.04969794303178787,0.8904624581336975,0.0,3,0,5.72239,12.8847,20.9015,38.2882,77.0644,184.439,178.73,173.998,170.447,166.609,162.397,157.654,149.442,129.811,91.2804,57.3592,35.5656,23.4215,11.1519
2026-08-04T12:40:31+0200,374,0,6.978,47.7182,57.5604,56.74250030517578,-0.17458300292491913,1.0035899877548218,5371.43,3,99.9763,0.0,0.336793,0.0198135,0.0,GENTLE_LEFT,165.53900146484375,0.0420172383547625,121.9688,5,5.5,0.55,22.364155,0.0014098361,0.68694645,0.0,3,False,0.0014098361134529114,0.686946451663971,0.0,3,0,5.7424,12.9714,21.111,38.9431,79.6185,183.399,177.746,173.02,169.428,165.539,161.255,156.405,147.866,126.502,89.6107,56.6798,35.2948,23.3001,11.1248
2026-08-04T12:40:31+0200,375,0,7.0,48.0663,57.9086,57.14939880371094,-0.07178449630737305,1.0159599781036377,5352.03,3,99.9761,0.0,0.335494,0.0207108,0.0,GENTLE_LEFT,164.7689971923828,0.04544558563567116,121.853355,5,5.5,0.55,22.58543,0.035245687,0.709011,0.0,3,False,0.035245686769485474,0.7090110182762146,0.0,3,0,5.75902,13.033,21.2517,39.3632,81.231,182.641,177.024,172.299,168.686,164.769,160.446,155.537,146.803,124.619,88.6386,56.2716,35.1255,23.2206,11.1045
2026-08-04T12:40:31+0200,376,0,7.022,48.4168,58.259,57.52909851074219,0.062171999365091324,1.0222599506378174,5397.1,3,99.9759,0.0,0.334301,0.0202441,0.0,GENTLE_LEFT,164.63699340820312,0.04385615549369979,121.87371,5,5.5,0.55,22.724678,0.05701231,0.69363064,0.0,3,False,0.05701230838894844,0.6936306357383728,0.0,3,0,5.76656,13.0375,21.238,39.254,80.6114,182.45,176.832,172.12,168.528,164.637,160.349,155.492,146.916,125.416,89.0171,56.4043,35.1642,23.2294,11.0995
2026-08-04T12:40:31+0200,377,0,7.044,48.7695,58.6118,57.90650177001953,0.1788650006055832,1.0233500003814697,5433.23,3,99.9758,0.0,0.333282,0.0187138,0.0,STRAIGHT,164.9929962158203,0.03837695489389442,159.53479,6,4.5,0.0,22.807749,0.013006896,0.8766268,0.0,3,False,0.013006895780563354,0.8766267895698547,0.0,3,0,5.7662,12.9957,21.1018,38.7346,78.3189,182.703,177.054,172.359,168.818,164.993,160.795,156.069,147.885,128.392,90.4827,56.9693,35.3689,23.3088,11.1074
2026-08-04T12:40:31+0200,378,0,7.066,49.1249,58.9671,58.37260055541992,0.10584700107574463,1.0250799655914307,5536.58,3,99.9755,0.0,0.332351,0.0174885,0.0,STRAIGHT,165.1959991455078,0.034026213660972984,159.64667,6,4.5,0.0,22.945238,-0.016003385,0.9043119,0.0,3,False,-0.016003385186195374,0.9043118953704834,0.0,3,0,5.76692,12.9648,20.9981,38.3363,76.5934,182.828,177.157,172.469,168.969,165.196,161.068,156.443,148.54,130.871,91.6852,57.4256,35.5317,23.3709,11.1127
2026-08-04T12:40:31+0200,379,0,7.088,49.4833,59.3255,58.89250183105469,8.586780313635245e-05,1.030900001525879,5596.61,3,99.9753,0.0,0.331355,0.0173799,0.0015509129,STRAIGHT,164.88800048828125,0.03369829293717865,159.61264,6,4.5,0.0,23.16375,-0.034688927,0.9021657,0.0,3,False,-0.03468892723321915,0.9021657109260559,0.0,3,0,5.77487,12.9797,21.0176,38.3539,76.5489,182.48,176.819,172.139,168.649,164.888,160.774,156.169,148.319,131.006,91.7305,57.4271,35.5218,23.3604,11.1056
2026-08-04T12:40:31+0200,380,0,7.11,49.8449,59.6871,59.42150115966797,-0.08976159989833832,1.0368599891662598,5648.42,3,99.975,0.0,0.330232,0.0182221,0.0018540221,STRAIGHT,164.14500427246094,0.03680506528100468,159.45854,6,4.5,0.0,23.436451,-0.046173654,0.8888102,0.0,3,False,-0.04617365449666977,0.8888102173805237,0.0,3,0,5.78962,13.0353,21.1445,38.7284,77.9279,181.73,176.104,171.436,167.929,164.145,160.001,155.352,147.371,129.116,90.7786,57.0367,35.3628,23.2869,11.0872
2026-08-04T12:40:31+0200,381,0,7.132,50.2097,60.0519,59.95009994506836,-0.15438300371170044,1.0444300174713135,5694.88,3,99.9748,0.0,0.328954,0.0197178,0.00117136,GENTLE_LEFT,163.09800720214844,0.042333767740655594,121.75728,5,5.5,0.55,23.745438,0.003914267,0.6863599,0.0,3,False,0.00391426682472229,0.6863598823547363,0.0,3,0,5.80969,13.1208,21.3499,39.3667,80.4058,180.706,175.134,170.472,166.928,163.098,158.89,154.145,145.883,125.95,89.1802,56.3852,35.1023,23.1695,11.0606
2026-08-04T12:40:31+0200,382,0,7.154,50.5775,60.4197,60.38740158081055,-0.048616599291563034,1.053279995918274,5666.23,3,99.9745,0.0,0.32762,0.0205619,0.0,GENTLE_LEFT,162.33999633789062,0.0455559269093615,121.64511,5,5.5,0.55,23.981167,0.037050903,0.7062399,0.0,3,False,0.03705090284347534,0.7062398791313171,0.0,3,0,5.82635,13.1814,21.4867,39.7715,81.9452,179.953,174.417,169.756,166.194,162.34,158.099,153.303,144.882,124.171,88.2608,55.9977,34.9406,23.0931,11.0406
2026-08-04T12:40:31+0200,383,0,7.176,50.9478,60.79,60.789100646972656,0.08075229823589325,1.0619100332260132,5713.3,3,99.9743,0.0,0.32639,0.0199975,0.0,GENTLE_LEFT,162.22900390625,0.04361246991560267,121.673454,5,5.5,0.55,24.124788,0.05830119,0.69099134,0.0,3,False,0.05830119177699089,0.6909913420677185,0.0,3,0,5.83359,13.1824,21.4627,39.6249,81.1658,179.778,174.239,169.592,166.054,162.229,158.027,153.289,145.037,125.155,88.7316,56.1664,34.9926,23.1072,11.0363
2026-08-04T12:40:31+0200,384,0,7.198,51.3206,61.1628,61.188899993896484,0.188633993268013,1.0691399574279785,5750.03,3,99.974,0.0,0.325339,0.01833,0.0,STRAIGHT,162.61399841308594,0.03764992642287078,159.28786,6,4.5,0.0,24.207253,0.015219927,0.87378097,0.0,3,False,0.015219926834106445,0.8737809658050537,0.0,3,0,5.83257,13.1349,21.3109,39.0517,78.6617,180.057,174.485,169.855,166.37,162.614,158.504,153.901,146.029,128.417,90.3342,56.7835,35.2163,23.1943,11.0453
2026-08-04T12:40:31+0200,385,0,7.22,51.696,61.5383,61.679500579833984,0.11051899939775467,1.0768200159072876,5864.9,3,99.9737,0.0,0.324383,0.0169528,0.0020486251,STRAIGHT,162.85400390625,0.03275866619657982,159.41637,6,4.5,0.0,24.34539,-0.013267934,0.89965755,0.0,3,False,-0.013267934322357178,0.8996575474739075,0.0,3,0,5.83251,13.0979,21.1903,38.5971,76.7227,180.217,174.619,169.995,166.555,162.854,158.818,154.319,146.727,131.237,91.6981,57.3006,35.4013,23.2654,11.052
2026-08-04T12:40:31+0200,386,0,7.242,52.0747,61.917,62.229698181152344,0.0066774701699614525,1.0857700109481812,5930.15,3,99.9734,0.0,0.323373,0.0166997,0.0044503347,STRAIGHT,162.58799743652344,0.0319039234616605,159.39775,6,4.5,0.0,24.570738,-0.031689323,0.89997494,0.0,3,False,-0.031689323484897614,0.8999749422073364,0.0,3,0,5.8397,13.1073,21.1944,38.5623,76.4716,179.906,174.314,169.699,166.272,162.588,158.573,154.103,146.586,131.687,91.8956,57.3606,35.4132,23.2639,11.0463
2026-08-04T12:40:31+0200,387,0,7.264,52.4568,62.2991,62.792598724365234,-0.07904630154371262,1.0962899923324585,5984.41,3,99.973,0.0,0.322245,0.0174331,0.004621882,STRAIGHT,161.8820037841797,0.034599478225114666,159.25452,6,4.5,0.0,24.856483,-0.043060437,0.88715863,0.0,3,False,-0.043060436844825745,0.8871586322784424,0.0,3,0,5.85388,13.1587,21.3098,38.8961,77.6706,179.182,173.623,169.022,165.582,161.882,157.845,153.342,145.734,129.996,91.0474,57.0125,35.2706,23.1972,11.029
2026-08-04T12:40:31+0200,388,0,7.286,52.8423,62.6846,63.354698181152344,-0.13816499710083008,1.107550024986267,6032.99,3,99.9727,0.0,0.320969,0.0188612,0.0037806195,STRAIGHT,160.86000061035156,0.03984308410175891,159.0234,6,4.5,0.0,25.182343,-0.04948837,0.87859964,0.0,3,False,-0.0494883693754673,0.8785996437072754,0.0,3,0,5.87359,13.2417,21.508,39.506,79.9959,178.171,172.665,168.073,164.601,160.86,156.768,152.185,144.352,126.907,89.4984,56.3845,35.02,23.0843,11.0032
2026-08-04T12:40:31+0200,389,0,7.308,53.2313,63.0736,63.914100646972656,-0.17555999755859375,1.118749976158142,6084.67,3,99.9724,0.0,0.319527,0.0207192,0.0034929595,GENTLE_LEFT,159.63099670410156,0.04674856393278573,121.38618,5,5.5,0.55,25.534462,0.0026677325,0.68042463,0.0,3,False,0.002667732536792755,0.6804246306419373,0.0,3,0,5.89745,13.3466,21.7633,40.3124,83.1972,176.987,171.545,166.947,163.43,159.631,155.46,150.759,142.582,123.113,87.5707,55.5955,34.7043,22.9425,10.9716
2026-08-04T12:40:31+0200,390,0,7.33,53.6235,63.4657,64.38099670410156,-0.055177800357341766,1.1285899877548218,6049.4,3,99.9721,0.0,0.318026,0.021782,0.0,GENTLE_LEFT,158.7519989013672,0.05083306432157665,121.2496,5,5.5,0.55,25.802156,0.037291415,0.7033851,0.0,3,False,0.03729141503572464,0.7033851146697998,0.0,3,0,5.91702,13.4204,21.9334,40.8276,85.2242,176.128,170.727,166.122,162.582,158.752,154.537,149.771,141.388,120.978,86.459,55.1251,34.5083,22.8504,10.948
2026-08-04T12:40:31+0200,391,0,7.352,54.0182,63.8605,64.80709838867188,0.0787201002240181,1.1349600553512573,6102.55,3,99.9719,0.0,0.316628,0.0212866,0.0,GENTLE_LEFT,158.58399963378906,0.049149451205045054,121.2702,5,5.5,0.55,25.960604,0.059560332,0.68752503,0.0,3,False,0.05956033244729042,0.6875250339508057,0.0,3,0,5.92608,13.4271,21.9211,40.7111,84.5278,175.893,170.492,165.905,162.386,158.584,154.406,149.693,141.467,121.77,86.8356,55.2555,34.5444,22.8568,10.9415
2026-08-04T12:40:31+0200,392,0,7.374,54.4156,64.2579,65.23269653320312,0.1883160024881363,1.139930009841919,6141.87,3,99.9716,0.0,0.315414,0.0195359,0.0,GENTLE_LEFT,158.9770050048828,0.04285214626323463,121.41324,5,5.5,0.55,26.044962,0.07301164,0.67772126,0.0,3,False,0.07301163673400879,0.6777212619781494,0.0,3,0,5.9258,13.378,21.76,40.0902,81.7318,176.161,170.727,166.17,162.708,158.977,154.895,150.324,142.501,125.025,88.4507,55.8818,34.7717,22.9448,10.9498
2026-08-04T12:40:31+0200,393,0,7.396,54.8156,64.6579,65.6532974243164,0.2633270025253296,1.1447700262069702,6181.27,3,99.9714,0.0,0.314426,0.0169175,0.0,STRAIGHT,159.7310028076172,0.03350520777391267,159.06354,6,4.5,0.0,26.077394,0.026101012,0.8626096,0.0,3,False,0.026101011782884598,0.8626096248626709,0.0,3,0,5.91825,13.2895,21.4987,39.1528,77.8016,176.785,171.293,166.751,163.365,159.731,155.777,151.387,144.047,130.262,91.0456,56.8841,35.1405,23.0927,10.9693
2026-08-04T12:40:31+0200,394,0,7.418,55.2185,65.0607,66.1707992553711,0.15835799276828766,1.1512700319290161,6312.83,3,99.971,0.0,0.313567,0.0147808,0.005420862,STRAIGHT,160.24600219726562,0.02688679109444742,159.2488,6,4.5,0.0,26.196415,-0.0052736104,0.8891506,0.0,3,False,-0.005273610353469849,0.8891506195068359,0.0,3,0,5.91261,13.2194,21.2923,38.4248,74.8774,177.218,171.682,167.131,163.806,160.246,156.389,152.135,145.13,133.293,93.2786,57.7282,35.4465,23.2142,10.9848
2026-08-04T12:40:31+0200,395,0,7.44,55.6247,65.4669,66.75740051269531,0.036321401596069336,1.159749984741211,6384.9,3,99.9707,0.0,0.312683,0.0139726,0.008274478,STRAIGHT,160.1820068359375,0.024653888403222596,159.27342,6,4.5,0.0,26.417036,-0.025868714,0.9007863,0.0,3,False,-0.025868713855743408,0.900786280632019,0.0,3,0,5.91531,13.2039,21.2326,38.188,73.8897,177.105,171.56,167.008,163.709,160.182,156.367,152.168,145.296,134.024,94.1129,58.0297,35.5487,23.2507,10.9861
2026-08-04T12:40:31+0200,396,0,7.462,56.0346,65.8768,67.36479949951172,-0.0560762993991375,1.1707299947738647,6449.56,3,99.9703,0.0,0.311701,0.0143465,0.009426843,STRAIGHT,159.61500549316406,0.02582367984692091,159.17767,6,4.5,0.0,26.702925,-0.038852766,0.8869454,0.0,3,False,-0.038852766156196594,0.8869454264640808,0.0,3,0,5.92603,13.2378,21.3032,38.3746,74.4935,176.5,170.979,166.445,163.144,159.615,155.796,151.592,144.703,133.336,93.6257,57.8284,35.4637,23.2092,10.9739
2026-08-04T12:40:31+0200,397,0,7.484,56.4482,66.2905,67.97560119628906,-0.11571499705314636,1.18326997756958,6500.08,3,99.97,0.0,0.310582,0.0155859,0.008219569,STRAIGHT,158.677001953125,0.029574532233330897,158.99243,6,4.5,0.0,27.033928,-0.04644405,0.87808436,0.0,3,False,-0.04644405096769333,0.8780843615531921,0.0,3,0,5.94326,13.3096,21.4726,38.8823,76.3184,175.539,170.066,165.558,162.235,158.677,154.822,150.565,143.547,131.556,92.1914,57.2625,35.2416,23.1099,10.9513
2026-08-04T12:40:31+0200,398,0,7.506,56.8655,66.7077,68.58190155029297,-0.14920100569725037,1.19582998752594,6554.4,3,99.9697,0.0,0.309309,0.0173795,0.0076222965,STRAIGHT,157.4929962158203,0.03535774901349025,158.73776,6,4.5,0.0,27.39834,-0.05024065,0.8716653,0.0,3,False,-0.0502406507730484,0.8716652989387512,0.0,3,0,5.96528,13.4077,21.7106,39.6183,79.0722,174.354,168.945,164.457,161.098,157.493,153.577,149.234,141.994,128.683,90.2119,56.4763,34.9337,22.9736,10.9217
2026-08-04T12:40:31+0200,399,0,7.528,57.2866,67.1288,69.1863021850586,-0.16656799614429474,1.2075300216674805,6612.53,3,99.9693,0.0,0.307855,0.0195081,0.0076494743,GENTLE_LEFT,156.1479949951172,0.04306145283431437,121.14274,5,5.5,0.55,27.796242,0.0017234161,0.6760143,0.0,3,False,0.0017234161496162415,0.6760143041610718,0.0,3,0,5.99105,13.5245,21.9971,40.5218,82.5885,173.041,167.703,163.218,159.811,156.148,152.151,147.694,140.149,124.361,87.9698,55.5716,34.5761,22.8147,10.8872
2026-08-04T12:40:31+0200,400,0,7.55,57.7111,67.5533,69.69709777832031,-0.03868189826607704,1.2162100076675415,6564.89,3,99.969,0.0,0.306333,0.0207805,0.0,GENTLE_LEFT,155.16200256347656,0.04784598856297711,120.98395,5,5.5,0.55,28.103617,0.03634251,0.7016605,0.0,3,False,0.03634250909090042,0.7016605138778687,0.0,3,0,6.01218,13.6079,22.1924,41.1188,84.9161,172.072,166.781,162.293,158.86,155.162,151.12,146.595,138.86,121.766,86.6367,55.0162,34.3483,22.7093,10.8613
2026-08-04T12:40:31+0200,401,0,7.572,58.1385,67.9808,70.15859985351562,0.09047800302505493,1.2200900316238403,6624.61,3,99.9687,0.0,0.304897,0.0203777,0.0,GENTLE_LEFT,154.91299438476562,0.046506480942080305,120.99277,5,5.5,0.55,28.283998,0.05866007,0.6855573,0.0,3,False,0.05866007134318352,0.6855573058128357,0.0,3,0,6.0221,13.619,22.1915,41.0415,84.3992,171.761,166.474,162.001,158.587,154.913,150.901,146.419,138.796,122.397,86.9268,55.1099,34.3696,22.7092,10.8535
2026-08-04T12:40:31+0200,402,0,7.594,58.5687,68.4109,70.62059783935547,0.18794600665569305,1.2240300178527832,6666.24,3,99.9684,0.0,0.303644,0.0185997,0.0,STRAIGHT,155.2570037841797,0.0401444099580239,158.4073,6,4.5,0.55,28.377533,0.07004958,0.8664714,0.0,3,False,0.07004957646131516,0.8664714097976685,0.0,3,0,6.02182,13.5686,22.0269,40.4121,81.6184,171.989,166.67,162.224,158.863,155.257,151.334,146.979,139.689,125.767,88.5851,55.7477,34.5996,22.7978,10.8617
2026-08-04T12:40:31+0200,403,0,7.616,59.0019,68.8442,71.17120361328125,0.23488099873065948,1.230929970741272,6822.19,3,99.9679,0.0,0.30261,0.0158586,0.01030131,STRAIGHT,155.98800659179688,0.031457032297815074,158.66338,6,4.5,0.0,28.470137,0.025829934,0.85475934,0.0,3,False,0.02582993358373642,0.8547593355178833,0.0,3,0,6.01367,13.4747,21.751,39.4324,77.5906,172.602,167.225,162.787,159.502,155.988,152.186,147.998,141.125,129.658,91.3397,56.8025,34.9855,22.9521,10.8818
2026-08-04T12:40:31+0200,404,0,7.638,59.4389,69.2811,71.79000091552734,0.11581800132989883,1.2406500577926636,6880.99,3,99.9675,0.0,0.301707,0.0134899,0.010510569,STRAIGHT,156.53199768066406,0.024872455417625464,158.83722,6,4.5,0.0,28.629566,-0.0039037764,0.88291585,0.0,3,False,-0.0039037764072418213,0.8829158544540405,0.0,3,0,6.00678,13.395,21.5193,38.6262,74.4271,173.073,167.647,163.193,159.969,156.532,152.827,148.771,142.205,131.932,93.8655,57.7479,35.3265,23.0872,10.8993
2026-08-04T12:40:31+0200,405,0,7.66,59.8796,69.7219,72.42849731445312,-0.0033301101066172123,1.25246000289917,6958.4,3,99.9671,0.0,0.300802,0.0124834,0.013014281,STRAIGHT,156.5,0.02229205700268863,158.86879,6,4.5,0.0,28.868061,-0.023536567,0.8953051,0.0,3,False,-0.023536566644906998,0.8953050971031189,0.0,3,0,6.00836,13.3716,21.4385,38.3228,73.2166,172.994,167.556,163.095,159.901,156.5,152.84,148.845,142.413,132.575,94.9447,58.1364,35.4594,23.1359,10.9024
2026-08-04T12:40:32+0200,406,0,7.682,60.3244,70.1666,73.08769989013672,-0.08315250277519226,1.2661999464035034,7031.19,3,99.9667,0.0,0.299819,0.012723,0.014504727,STRAIGHT,155.95799255371094,0.02304687791037864,158.78214,6,4.5,0.0,29.175508,-0.03596997,0.8814283,0.0,3,False,-0.035969968885183334,0.8814283013343811,0.0,3,0,6.01829,13.4001,21.4944,38.4603,73.6268,172.407,166.991,162.548,159.356,155.958,152.301,148.309,141.882,132.044,94.5982,57.99,35.395,23.103,10.8916
2026-08-04T12:40:32+0200,407,0,7.704,60.7732,70.6155,73.75170135498047,-0.1243240013718605,1.2803900241851807,7086.9,3,99.9663,0.0,0.298721,0.0138831,0.013382965,STRAIGHT,155.03799438476562,0.026297847133662944,158.6086,6,4.5,0.0,29.53091,-0.04325292,0.87315446,0.0,3,False,-0.04325291886925697,0.8731544613838196,0.0,3,0,6.03491,13.4684,21.6542,38.9317,75.2703,171.448,166.078,161.667,158.458,155.038,151.353,147.323,140.805,130.65,93.2112,57.4499,35.1844,23.0091,10.8702
2026-08-04T12:40:32+0200,408,0,7.726,61.2261,71.0683,74.41120147705078,-0.13967199623584747,1.293779969215393,7146.91,3,99.9659,0.0,0.297476,0.015652,0.01286788,STRAIGHT,153.86099243164062,0.03139453067399385,158.37215,6,4.5,0.0,29.91918,-0.046872392,0.86720854,0.0,3,False,-0.04687239229679108,0.8672085404396057,0.0,3,0,6.05665,13.5653,21.8881,39.6459,77.8641,170.247,164.941,160.561,157.32,153.861,150.126,146.025,139.342,128.558,91.199,56.6628,34.8791,22.8746,10.8411
2026-08-04T12:40:32+0200,409,0,7.748,61.6829,71.5252,75.068603515625,-0.139957994222641,1.305609941482544,7211.11,3,99.9654,0.0,0.296068,0.0178058,0.012982557,STRAIGHT,152.50900268554688,0.0379939712804266,158.08456,6,4.5,0.0,30.335894,-0.04790546,0.8627117,0.0,3,False,-0.04790546000003815,0.8627117276191711,0.0,3,0,6.08232,13.6827,22.1754,40.5421,81.2481,168.901,163.667,159.303,156.021,152.509,148.706,144.511,137.596,125.748,88.8662,55.736,34.5166,22.7147,10.8068
2026-08-04T12:40:32+0200,410,0,7.77,62.1438,71.986,75.72669982910156,-0.12882700562477112,1.3162699937820435,7278.5,3,99.965,0.0,0.294481,0.0201783,0.013543645,GENTLE_LEFT,151.04600524902344,0.04612955221386336,120.62807,5,5.5,0.55,30.783676,0.003882289,0.66863567,0.0,3,False,0.003882288932800293,0.6686356663703918,0.0,3,0,6.11108,13.8146,22.5006,41.5753,85.3203,167.479,162.322,157.951,154.619,151.046,147.161,142.85,135.636,121.799,86.4234,54.7461,34.1243,22.5402,10.7689
2026-08-04T12:40:32+0200,411,0,7.792,62.6084,72.4507,76.29389953613281,0.010933799669146538,1.3254300355911255,7207.24,3,99.9647,0.0,0.292811,0.0215938,0.0,GENTLE_LEFT,149.97500610351562,0.05146701831920884,120.45075,5,5.5,0.55,31.139118,0.03847579,0.6832647,0.0,3,False,0.03847578912973404,0.6832646727561951,0.0,3,0,6.13458,13.9084,22.7218,42.2582,88.0306,166.43,161.323,156.941,153.582,149.975,146.043,141.664,134.265,119.005,84.979,54.1408,33.8752,22.4247,10.7405
2026-08-04T12:40:32+0200,412,0,7.814,63.0762,72.9185,76.78839874267578,0.13194899260997772,1.3303500413894653,7263.06,3,99.9643,0.0,0.291223,0.0211763,0.0,GENTLE_LEFT,149.68699645996094,0.05007682250774763,120.45934,5,5.5,0.55,31.334852,0.060772896,0.6597609,0.0,3,False,0.06077289581298828,0.6597608923912048,0.0,3,0,6.14569,13.9215,22.7229,42.1786,87.4714,166.075,160.974,156.61,153.271,149.687,145.787,141.451,134.162,119.624,85.263,54.2307,33.8938,22.4225,10.7316
2026-08-04T12:40:32+0200,413,0,7.836,63.547,73.3893,77.2738037109375,0.2108290046453476,1.3354500532150269,7302.08,3,99.964,0.0,0.289808,0.0192368,0.0,GENTLE_LEFT,150.03900146484375,0.04336056813259936,120.61048,5,5.5,0.55,31.425127,0.07413046,0.6456308,0.0,3,False,0.07413046061992645,0.6456307768821716,0.0,3,0,6.14553,13.8655,22.5389,41.4692,84.2878,166.295,161.161,156.835,153.552,150.039,146.23,142.022,135.058,122.792,87.0195,54.9092,34.1387,22.5166,10.7398
2026-08-04T12:40:32+0200,414,0,7.858,64.0208,73.863,77.74649810791016,0.24850699305534363,1.3422399759292603,7343.36,3,99.9637,0.0,0.288634,0.0162224,0.0,STRAIGHT,150.80999755859375,0.034317724596909786,157.99965,6,4.5,0.0,31.46466,0.03105715,0.8535965,0.0,3,False,0.031057149171829224,0.8535965085029602,0.0,3,0,6.13649,13.7601,22.2282,40.3602,79.6824,166.932,161.737,157.432,154.228,150.81,147.125,143.087,136.529,126.099,89.9785,56.0462,34.5553,22.683,10.7613
2026-08-04T12:40:32+0200,415,0,7.88,64.4977,74.3399,78.3322982788086,0.11796899884939194,1.3517199754714966,7541.43,3,99.9632,0.0,0.287625,0.0135235,0.014699894,STRAIGHT,151.41600036621094,0.02701554487436886,158.20328,6,4.5,0.0,31.589138,0.0018891953,0.8718995,0.0,3,False,0.001889195293188095,0.8718994855880737,0.0,3,0,6.12814,13.6666,21.957,39.4173,75.9733,167.455,162.205,157.892,154.753,151.416,147.834,143.932,137.683,128.274,92.8126,57.1091,34.9391,22.8353,10.781
2026-08-04T12:40:32+0200,416,0,7.902,64.9786,74.8208,79.01519775390625,-0.014603300020098686,1.3629399538040161,7640.53,3,99.9627,0.0,0.286637,0.0121001,0.019682942,STRAIGHT,151.4949951171875,0.02343212129802594,158.26614,6,4.5,0.0,31.829466,-0.017588586,0.8868694,0.0,3,False,-0.01758858561515808,0.8868693709373474,0.0,3,0,6.12768,13.6266,21.8308,38.9635,74.2042,167.481,162.211,157.888,154.787,151.495,147.968,144.14,138.05,129.09,94.3494,57.6666,35.1329,22.9085,10.7877
2026-08-04T12:40:32+0200,417,0,7.924,65.4638,75.306,79.73139953613281,-0.09753250330686569,1.3771100044250488,7725.99,3,99.9622,0.0,0.285601,0.0119553,0.02206127,STRAIGHT,151.06500244140625,0.023200145572081356,158.20854,6,4.5,0.0,32.1504,-0.030119061,0.87501216,0.0,3,False,-0.03011906147003174,0.8750121593475342,0.0,3,0,6.13567,13.6405,21.8467,38.9691,74.1263,167.003,161.746,157.434,154.344,151.065,147.554,143.747,137.699,128.844,94.4399,57.6819,35.1272,22.8993,10.7806
2026-08-04T12:40:32+0200,418,0,7.946,65.9534,75.7956,80.45929718017578,-0.12966400384902954,1.3916200399398804,7786.18,3,99.9617,0.0,0.284476,0.012818,0.020840261,STRAIGHT,150.23800659179688,0.02557168507838758,158.05927,6,4.5,0.0,32.52869,-0.03762107,0.86710995,0.0,4,False,-0.03762106969952583,0.8671099543571472,0.0,4,0,6.15076,13.6976,21.9759,39.3371,75.3655,166.127,160.91,156.626,153.528,150.238,146.714,142.887,136.795,127.806,93.3744,57.2654,34.9625,22.8243,10.7621
2026-08-04T12:40:32+0200,419,0,7.968,66.4464,76.2887,80.70909881591797,-0.1437010020017624,1.4033900499343872,6322.43,4,99.9616,0.0,0.283228,0.0143563,0.0,STRAIGHT,149.14100646972656,0.029800267745352816,157.89616,6,4.5,0.0,32.7226,-0.041580416,0.87502986,0.0,4,False,-0.04158041626214981,0.8750298619270325,0.0,4,0,6.17124,13.7858,22.1856,39.9657,77.5889,164.991,159.83,155.579,152.458,149.141,145.582,141.708,135.509,126.193,91.5827,56.5691,34.6924,22.7047,10.7355
2026-08-04T12:40:32+0200,420,0,7.99,66.9395,76.7817,80.63729858398438,-0.14746899902820587,1.399150013923645,6338.4,4,99.9616,0.0,0.281819,0.0163542,0.0,STRAIGHT,147.8560028076172,0.03548659536344877,157.71706,6,4.5,0.0,32.79544,-0.043042332,0.87122196,0.0,4,False,-0.04304233193397522,0.8712219595909119,0.0,4,0,6.19612,13.8975,22.4563,40.7974,80.6438,163.687,158.594,154.367,151.213,147.856,144.245,140.3,133.94,124.091,89.3661,55.6971,34.3529,22.5549,10.703
2026-08-04T12:40:32+0200,421,0,8.01,67.3871,77.2293,80.59200286865234,-0.13751399517059326,1.3899600505828857,5996.64,4,99.9616,0.0,0.280402,0.0184419,0.0,GENTLE_LEFT,146.56900024414062,0.041743916163138384,120.45266,5,5.5,0.55,32.891956,0.0064933375,0.60027725,0.0,4,False,0.006493337452411652,0.6002772450447083,0.0,4,0,6.22178,14.0146,22.7435,41.6976,84.0837,162.41,157.385,153.162,149.972,146.569,142.899,138.873,132.32,121.742,87.1609,54.8148,34.0059,22.401,10.6696
2026-08-04T12:40:32+0200,422,0,8.03,67.835,77.6773,80.74559783935547,0.008746569976210594,1.3863099813461304,6116.91,4,99.9614,0.0,0.27893,0.0196448,0.0,GENTLE_LEFT,145.6320037841797,0.04562151273191938,120.34636,5,5.5,0.55,33.033882,0.039532527,0.61095226,0.0,4,False,0.03953252732753754,0.6109522581100464,0.0,4,0,6.24231,14.0957,22.9327,42.2714,86.2742,161.471,156.491,152.267,149.058,145.632,141.932,137.863,131.203,120.146,85.8931,54.2905,33.7915,22.3018,10.645
2026-08-04T12:40:32+0200,423,0,8.05,68.2844,78.1266,80.99700164794922,0.13818000257015228,1.3930000066757202,6136.1,4,99.9612,0.0,0.277549,0.0191436,0.0,GENTLE_LEFT,145.38699340820312,0.04425562552647112,120.3724,5,5.5,0.55,33.117256,0.06078243,0.5937734,0.0,4,False,0.060782428830862045,0.5937734246253967,0.0,4,0,6.251,14.1008,22.9168,42.147,85.5852,161.163,156.186,151.979,148.789,145.387,141.717,137.689,131.121,120.441,86.2825,54.4229,33.8278,22.3083,10.6387
2026-08-04T12:40:32+0200,424,0,8.07,68.735,78.5773,81.24210357666016,0.21527500450611115,1.4031699895858765,6149.43,4,99.9609,0.0,0.276343,0.0172657,0.0,STRAIGHT,145.6909942626953,0.0388765147004612,157.58414,6,4.5,0.0,33.11764,0.024511293,0.85835046,0.0,4,False,0.024511292576789856,0.8583504557609558,0.0,4,0,6.24926,14.0427,22.7335,41.4644,82.667,161.365,156.357,152.174,149.033,145.691,142.096,138.17,131.839,122.023,88.0551,55.099,34.0709,22.4022,10.6479
2026-08-04T12:40:32+0200,425,0,8.09,69.1872,79.0295,81.5833969116211,0.12179599702358246,1.413949966430664,6243.72,4,99.9606,0.0,0.275261,0.015368,0.0,STRAIGHT,145.98599243164062,0.03373413294162398,157.73863,6,4.5,0.0,33.1678,0.00012673438,0.88158005,0.0,4,False,0.00012673437595367432,0.8815800547599792,0.0,4,0,6.24634,13.9821,22.5476,40.7912,79.9076,161.576,156.536,152.365,149.271,145.986,142.463,138.633,132.515,123.363,89.9357,55.8069,34.3245,22.5007,10.6584
2026-08-04T12:40:32+0200,426,0,8.11,69.6417,79.4839,81.98829650878906,0.016309300437569618,1.425860047340393,6278.92,4,99.9603,0.0,0.274188,0.0144005,0.0,STRAIGHT,145.90699768066406,0.031283290515367476,157.79185,6,4.5,0.0,33.301605,-0.016057277,0.8971903,0.0,4,False,-0.016057277098298073,0.897190272808075,0.0,4,0,6.24936,13.9616,22.4704,40.4864,78.6301,161.439,156.39,152.225,149.159,145.907,142.425,138.648,132.644,123.811,90.8898,56.1525,34.4413,22.542,10.6594
2026-08-04T12:40:32+0200,427,0,8.13,70.0984,79.9406,82.4052963256836,-0.054403699934482574,1.437440037727356,6312.25,4,99.96,0.0,0.27307,0.0143756,0.0,STRAIGHT,145.45899963378906,0.03137606245344554,157.75497,6,4.5,0.0,33.492435,-0.02643356,0.88724935,0.0,4,False,-0.026433559134602547,0.8872493505477905,0.0,4,0,6.25882,13.982,22.5022,40.5393,78.7158,160.946,155.912,151.759,148.701,145.459,141.989,138.228,132.255,123.497,90.837,56.1134,34.4149,22.5238,10.6504
2026-08-04T12:40:32+0200,428,0,8.15,70.5574,80.3996,82.82230377197266,-0.0924748033285141,1.4470800161361694,6340.07,4,99.9597,0.0,0.271878,0.0150621,0.0,STRAIGHT,144.73500061035156,0.03337672195278761,157.6518,6,4.5,0.0,33.722248,-0.0326727,0.8800058,0.0,4,False,-0.0326726995408535,0.8800057768821716,0.0,4,0,6.27352,14.0343,22.6177,40.865,79.8325,160.184,155.184,151.047,147.984,144.735,141.257,137.484,131.481,122.631,90.0196,55.7822,34.2793,22.46,10.6333
2026-08-04T12:40:32+0200,429,0,8.17,71.0187,80.861,83.23500061035156,-0.11080499738454819,1.4533599615097046,6370.33,4,99.9594,0.0,0.270583,0.0162469,0.0,STRAIGHT,143.8159942626953,0.036783948730689554,157.50056,6,4.5,0.0,33.979134,-0.035965625,0.87496454,0.0,4,False,-0.03596562519669533,0.8749645352363586,0.0,4,0,6.29237,14.1103,22.7951,41.3939,81.7417,159.238,154.283,150.16,147.083,143.816,140.314,136.508,130.432,121.355,88.6929,55.2514,34.0676,22.3638,10.6103
2026-08-04T12:40:32+0200,430,0,8.19,71.4823,81.3245,83.64540100097656,-0.1127839982509613,1.456570029258728,6402.44,4,99.9591,0.0,0.269173,0.0177505,0.0,GENTLE_LEFT,142.76600646972656,0.041201344961511434,120.29974,5,5.5,0.55,34.256207,0.011178084,0.55370706,0.0,4,False,0.011178083717823029,0.5537070631980896,0.0,4,0,6.31435,14.203,23.0161,42.0689,84.2627,158.178,153.275,149.159,146.06,142.766,139.23,135.378,129.194,119.768,87.077,54.6008,33.8085,22.2467,10.5831
2026-08-04T12:40:32+0200,431,0,8.21,71.9479,81.7902,83.9354019165039,0.010944300331175327,1.4565800428390503,6340.63,4,99.9589,0.0,0.267721,0.0185656,0.0,GENTLE_LEFT,141.9810028076172,0.04376004465481197,120.21771,5,5.5,0.55,34.438526,0.042400688,0.5571492,0.0,4,False,0.04240068793296814,0.5571491718292236,0.0,4,0,6.33224,14.2671,23.1591,42.4829,85.7718,157.37,152.503,148.392,145.285,141.981,138.432,134.56,128.33,118.734,86.1772,54.2246,33.6511,22.1717,10.5627
2026-08-04T12:40:32+0200,432,0,8.23,72.4148,82.257,84.16190338134766,0.12657099962234497,1.4533799886703491,6361.3,4,99.9586,0.0,0.26637,0.017916,0.0,GENTLE_LEFT,141.7689971923828,0.04208599993819126,120.25386,5,5.5,0.55,34.503384,0.062377658,0.5424904,0.0,4,False,0.06237765774130821,0.5424904227256775,0.0,4,0,6.33965,14.2648,23.1241,42.2971,84.8555,157.092,152.225,148.131,145.046,141.769,138.252,134.424,128.288,118.985,86.7211,54.4163,33.7096,22.1875,10.558
2026-08-04T12:40:32+0200,433,0,8.25,72.8829,82.7251,84.38279724121094,0.20046700537204742,1.451449990272522,6376.71,4,99.9584,0.0,0.265197,0.0159878,0.0,STRAIGHT,142.0449981689453,0.03689123637357386,157.42502,6,4.5,0.0,34.4927,0.02630119,0.85627407,0.0,4,False,0.02630119025707245,0.8562740683555603,0.0,4,0,6.33714,14.2032,22.9331,41.5982,81.9492,157.277,152.379,148.305,145.266,142.045,138.598,134.862,128.929,120.212,88.5829,55.1197,33.9615,22.2849,10.5679
2026-08-04T12:40:32+0200,434,0,8.27,73.3526,83.1948,84.72360229492188,0.10718099772930145,1.4540300369262695,6491.33,4,99.9581,0.0,0.264153,0.0140136,0.0,STRAIGHT,142.32200622558594,0.03179023330391589,157.57788,6,4.5,0.0,34.540592,0.0019958727,0.8793413,0.0,4,False,0.0019958727061748505,0.8793413043022156,0.0,4,0,6.33324,14.1379,22.7365,40.8998,79.165,157.482,152.552,148.483,145.489,142.322,138.943,135.295,129.547,121.317,90.5893,55.8676,34.2282,22.3885,10.5795
2026-08-04T12:40:32+0200,435,0,8.29,73.8245,83.6668,85.14140319824219,0.0027876400854438543,1.4612400531768799,6530.5,4,99.9578,0.0,0.263135,0.0129323,0.0,STRAIGHT,142.2530059814453,0.029146775977823974,157.6361,6,4.5,0.0,34.675934,-0.014202887,0.8949141,0.0,4,False,-0.014202887192368507,0.8949140906333923,0.0,4,0,6.33496,14.1111,22.6443,40.5526,77.7691,157.359,152.418,148.353,145.387,142.253,138.915,135.319,129.677,121.705,91.6965,56.2666,34.3642,22.4379,10.5821
2026-08-04T12:40:32+0200,436,0,8.31,74.2988,84.141,85.5730972290039,-0.06631089746952057,1.4696400165557861,6567.06,4,99.9574,0.0,0.262084,0.0127985,0.0,STRAIGHT,141.8280029296875,0.02895604009457385,157.60703,6,4.5,0.0,34.869312,-0.02465349,0.8869929,0.0,4,False,-0.024653490632772446,0.886992871761322,0.0,4,0,6.34313,14.1255,22.6614,40.561,77.6975,156.885,151.958,147.904,144.949,141.828,138.505,134.927,129.323,121.432,91.7682,56.2752,34.3559,22.4276,10.5747
2026-08-04T12:40:32+0200,437,0,8.33,74.7755,84.6177,86.00759887695312,-0.10240200161933899,1.480299949645996,6595.99,4,99.957,0.0,0.260966,0.0134282,0.0,STRAIGHT,141.1179962158203,0.030723947309977833,157.50948,6,4.5,0.0,35.105583,-0.030979846,0.8797783,0.0,4,False,-0.03097984567284584,0.8797783255577087,0.0,4,0,6.35684,14.1739,22.7677,40.8567,78.6833,156.13,151.234,147.2,144.242,141.118,137.79,134.206,128.587,120.649,90.9948,55.9658,34.2301,22.3685,10.5588
2026-08-04T12:40:32+0200,438,0,8.35,75.2545,85.0967,86.43879699707031,-0.11204200237989426,1.49167001247406,6625.85,4,99.9566,0.0,0.259754,0.0145902,0.0,STRAIGHT,140.20799255371094,0.033913637438260626,157.36313,6,4.5,0.0,35.370876,-0.03435202,0.87480783,0.0,4,False,-0.03435201942920685,0.8748078346252441,0.0,4,0,6.37488,14.2474,22.9393,41.364,80.4689,155.182,150.331,146.316,143.347,140.208,136.862,133.253,127.579,119.499,89.6588,55.4399,34.0228,22.275,10.5368
2026-08-04T12:40:32+0200,439,0,8.37,75.7359,85.5782,86.86759948730469,-0.106174997985363,1.5023599863052368,6657.4,4,99.9563,0.0,0.258431,0.0160767,0.0,STRAIGHT,139.1719970703125,0.038057196903943095,157.18445,6,4.5,0.0,35.655914,-0.035633247,0.8714347,0.0,4,False,-0.03563324734568596,0.8714346885681152,0.0,4,0,6.39607,14.3379,23.1547,42.0163,82.8405,154.119,149.321,145.32,142.332,139.172,135.798,132.152,126.397,118.099,88.0183,54.7899,33.7668,22.1603,10.5105
2026-08-04T12:40:32+0200,440,0,8.39,76.2198,86.062,87.29519653320312,-0.09483160078525543,1.511579990386963,6690.12,4,99.9559,0.0,0.25698,0.0177576,0.0,GENTLE_LEFT,138.05499267578125,0.04287859175618613,120.045876,5,5.5,0.55,35.955517,0.011880301,0.4933928,0.0,4,False,0.0118803009390831,0.49339279532432556,0.0,4,0,6.41974,14.4403,23.4009,42.7737,85.6803,152.991,148.249,144.253,141.243,138.055,134.647,130.956,125.099,116.514,86.2334,54.0736,33.4826,22.0326,10.4814
2026-08-04T12:40:32+0200,441,0,8.41,76.7056,86.5479,87.57510375976562,0.03632479906082153,1.5180399417877197,6603.48,4,99.9557,0.0,0.255486,0.0186454,0.0,GENTLE_LEFT,137.23399353027344,0.04560183360456434,119.96041,5,5.5,0.55,36.139893,0.04339018,0.49537686,0.0,4,False,0.0433901809155941,0.495376855134964,0.0,4,0,6.43858,14.509,23.5558,43.2259,87.3409,152.146,147.441,143.448,140.431,137.234,133.813,130.104,124.207,115.49,85.2687,53.671,33.3149,21.9529,10.4599
2026-08-04T12:40:32+0200,442,0,8.43,77.1927,87.0349,87.77310180664062,0.1483220010995865,1.5189000368118286,6621.59,4,99.9555,0.0,0.254086,0.0179657,0.0,GENTLE_LEFT,137.00399780273438,0.0439018671169387,119.99992,5,5.5,0.55,36.189583,0.06354123,0.48245266,0.0,4,False,0.0635412335395813,0.4824526607990265,0.0,4,0,6.44613,14.5058,23.5173,43.0257,86.3588,151.849,147.145,143.17,140.175,137.004,133.616,129.949,124.139,115.659,85.8315,53.8695,33.3755,21.9693,10.4551
2026-08-04T12:40:32+0200,443,0,8.45,77.6808,87.523,87.9656982421875,0.2152079939842224,1.5182499885559082,6635.21,4,99.9553,0.0,0.252874,0.0159277,0.0,STRAIGHT,137.2760009765625,0.03852584096212326,157.10289,6,4.5,0.0,36.157288,0.028520562,0.8528764,0.0,4,False,0.02852056175470352,0.8528764247894287,0.0,4,0,6.44301,14.4387,23.3105,42.272,83.2308,152.027,147.292,143.341,140.392,137.276,133.955,130.376,124.752,116.749,87.7815,54.6064,33.6396,22.0715,10.4656
2026-08-04T12:40:32+0200,444,0,8.47,78.1704,88.0127,88.30509948730469,0.11285500228404999,1.5203399658203125,6772.99,4,99.9549,0.0,0.251799,0.0137781,0.0,STRAIGHT,137.57200622558594,0.0330622090935177,157.26915,6,4.5,0.0,36.193157,0.004809983,0.87545514,0.0,4,False,0.00480998307466507,0.8754551410675049,0.0,4,0,6.438,14.365,23.0908,41.4965,80.1562,152.248,147.479,143.537,140.633,137.572,134.318,130.824,125.375,117.787,89.9561,55.4168,33.9289,22.1843,10.4785
2026-08-04T12:40:32+0200,445,0,8.49,78.6623,88.5045,88.73870086669922,0.00021234700398053974,1.5269900560379028,6814.3,4,99.9546,0.0,0.250763,0.0124929,0.0,STRAIGHT,137.54200744628906,0.029954362329466057,157.34232,6,4.5,0.0,36.325047,-0.011107795,0.89083695,0.0,4,False,-0.01110779494047165,0.8908369541168213,0.0,4,0,6.43842,14.3289,22.9738,41.069,78.4694,152.163,147.379,143.442,140.568,137.542,134.331,130.891,125.55,118.2,91.2819,55.8961,34.0939,22.2454,10.4829
2026-08-04T12:40:32+0200,446,0,8.51,79.1567,88.9989,89.1874008178711,-0.07205689698457718,1.5353100299835205,6852.06,4,99.9542,0.0,0.249707,0.0121712,0.0,STRAIGHT,137.16099548339844,0.029303163943736624,157.3277,6,4.5,0.0,36.517918,-0.021474462,0.886415,0.0,4,False,-0.021474462002515793,0.8864150047302246,0.0,4,0,6.44537,14.3352,22.9692,41.007,78.1419,151.732,146.958,143.031,140.171,137.161,133.97,130.554,125.26,118.006,91.5619,55.9819,34.1137,22.2466,10.4774
2026-08-04T12:40:32+0200,447,0,8.53,79.6535,89.4957,89.64029693603516,-0.10398299992084503,1.545490026473999,6882.65,4,99.9538,0.0,0.248597,0.012622,0.0,STRAIGHT,136.5030059814453,0.03059175987381499,157.24492,6,4.5,0.0,36.755733,-0.027841482,0.87942386,0.0,4,False,-0.027841482311487198,0.8794238567352295,0.0,4,0,6.45789,14.3759,23.0551,41.236,78.8737,151.025,146.279,142.369,139.511,136.503,133.314,129.9,124.607,117.349,90.9815,55.7462,34.0154,22.1989,10.4635
2026-08-04T12:40:32+0200,448,0,8.55,80.1528,89.9951,90.09040069580078,-0.11111599951982498,1.5561100244522095,6913.41,4,99.9534,0.0,0.247405,0.0136301,0.0,STRAIGHT,135.6439971923828,0.033317306728502354,157.11261,6,4.5,0.0,37.024437,-0.0313238,0.87457466,0.0,4,False,-0.03132380172610283,0.8745746612548828,0.0,4,0,6.47483,14.4429,23.2091,41.6835,80.4148,150.12,145.416,141.526,138.661,135.644,132.444,129.015,123.691,116.356,89.799,55.2821,33.8319,22.1155,10.4432
2026-08-04T12:40:32+0200,449,0,8.57,80.6546,90.4969,90.53810119628906,-0.10004399716854095,1.5660200119018555,6946.53,4,99.953,0.0,0.246117,0.0149958,0.0,STRAIGHT,134.6540069580078,0.037027640239891746,156.94669,6,4.5,0.0,37.314465,-0.03274512,0.8712905,0.0,4,False,-0.0327451191842556,0.8712905049324036,0.0,4,0,6.49503,14.5279,23.41,42.2848,82.5571,149.093,144.438,140.564,137.687,134.654,131.434,127.98,122.601,115.135,88.2652,54.6786,33.5947,22.0091,10.4186
2026-08-04T12:40:32+0200,450,0,8.59,81.159,91.0012,90.9844970703125,-0.08286839723587036,1.5743399858474731,6980.81,4,99.9527,0.0,0.244711,0.0165738,0.0,GENTLE_LEFT,133.58200073242188,0.04140734470425762,119.87399,5,5.5,0.55,37.619434,0.01349356,0.43518928,0.0,4,False,0.013493560254573822,0.43518927693367004,0.0,4,0,6.51775,14.6254,23.6431,42.9943,85.1602,147.996,143.394,139.529,136.635,133.582,130.337,126.849,121.4,113.758,86.5589,53.9996,33.3265,21.8887,10.3909
2026-08-04T12:40:32+0200,451,0,8.61,81.6653,91.5075,91.25279998779297,0.04707369953393936,1.5799000263214111,6868.25,4,99.9525,0.0,0.243268,0.0173871,0.0,GENTLE_LEFT,132.78199768066406,0.04382145642015144,119.797356,5,5.5,0.55,37.79492,0.044124156,0.43524012,0.0,4,False,0.04412415623664856,0.43524011969566345,0.0,4,0,6.5357,14.69,23.7874,43.4096,86.6453,147.162,142.596,138.739,135.84,132.782,129.53,126.033,120.56,112.855,85.6542,53.6248,33.1705,21.8144,10.3707
2026-08-04T12:40:32+0200,452,0,8.63,82.1726,92.0149,91.4198989868164,0.15584500133991241,1.5792700052261353,6883.55,4,99.9523,0.0,0.241927,0.0166381,0.0,GENTLE_LEFT,132.54600524902344,0.042014864365310406,119.84187,5,5.5,0.55,37.82657,0.06365858,0.4244201,0.0,4,False,0.06365858018398285,0.4244200885295868,0.0,4,0,6.54221,14.6822,23.7381,43.179,85.5774,146.859,142.294,138.454,135.578,132.546,129.325,125.868,120.475,112.952,86.3012,53.8541,33.2426,21.8358,10.3671
2026-08-04T12:40:32+0200,453,0,8.65,82.681,92.5232,91.58200073242188,0.21357199549674988,1.5775200128555298,6895.18,4,99.9522,0.0,0.240767,0.0145151,0.0,STRAIGHT,132.79200744628906,0.036629957559096926,156.89946,6,4.5,0.0,37.77523,0.029305078,0.851188,0.0,4,False,0.029305078089237213,0.8511880040168762,0.0,4,0,6.53789,14.6095,23.5187,42.3955,82.421,147.023,142.427,138.606,135.773,132.792,129.634,126.255,121.021,113.852,88.3859,54.6341,33.5211,21.9438,10.3787
2026-08-04T12:40:32+0200,454,0,8.67,83.1907,93.0329,91.91899871826172,0.10051900148391724,1.5793299674987793,7058.14,4,99.9518,0.0,0.239758,0.0122774,0.0,STRAIGHT,133.06300354003906,0.031124353492458703,157.06711,6,4.5,0.0,37.805458,0.0059728175,0.8734461,0.0,4,False,0.005972817540168762,0.8734461069107056,0.0,4,0,6.53155,14.5299,23.2861,41.5908,79.324,147.23,142.599,138.782,135.992,133.063,129.966,126.664,121.581,114.728,90.7158,55.4926,33.8262,22.0629,10.3929
2026-08-04T12:40:33+0200,455,0,8.69,83.7026,93.5448,92.36859893798828,-0.016546599566936493,1.5867199897766113,7102.5,4,99.9514,0.0,0.238797,0.0108969,0.0,STRAIGHT,133.0240020751953,0.027868595201074427,157.14326,6,4.5,0.0,37.94072,-0.009757558,0.8883497,0.0,4,False,-0.00975755788385868,0.888349711894989,0.0,4,0,6.53057,14.4878,23.1555,41.1288,77.5653,147.141,142.496,138.68,135.919,133.024,129.968,126.717,121.731,115.07,92.1925,56.0214,34.0083,22.1311,10.3988
2026-08-04T12:40:33+0200,456,0,8.71,84.2171,94.0594,92.83509826660156,-0.08948370069265366,1.5962400436401367,7140.96,4,99.951,0.0,0.237826,0.0104898,0.0,STRAIGHT,132.64700317382812,0.02701906182310019,157.13306,6,4.5,0.0,38.13903,-0.0200567,0.8854196,0.0,4,False,-0.020056700333952904,0.8854196071624756,0.0,4,0,6.53618,14.4885,23.1383,41.0318,77.1319,146.714,142.077,138.27,135.525,132.647,129.612,126.385,121.445,114.872,92.5862,56.1483,34.0435,22.1391,10.3948
2026-08-04T12:40:33+0200,457,0,8.73,84.7343,94.5766,93.30690002441406,-0.11779800057411194,1.6078799962997437,7172.7,4,99.9507,0.0,0.236807,0.0108821,0.0,STRAIGHT,131.9949951171875,0.028116488704873772,157.05417,6,4.5,0.0,38.384815,-0.026421078,0.878543,0.0,4,False,-0.02642107754945755,0.8785430192947388,0.0,4,0,6.54754,14.525,23.2144,41.2309,77.7487,146.009,141.399,137.611,134.869,131.995,128.965,125.744,120.812,114.25,92.0611,55.9376,33.9559,22.0965,10.3823
2026-08-04T12:40:33+0200,458,0,8.75,85.2541,95.0963,93.77639770507812,-0.11615999788045883,1.6199699640274048,7204.4,4,99.9503,0.0,0.235721,0.0118379,0.0,STRAIGHT,131.1510009765625,0.030612005417340975,156.92686,6,4.5,0.0,38.662228,-0.029941019,0.8738206,0.0,4,False,-0.029941018670797348,0.8738206028938293,0.0,4,0,6.56328,14.5877,23.3584,41.6458,79.1414,145.11,140.54,136.776,134.03,131.151,128.114,124.884,119.935,113.331,90.906,55.4922,33.7819,22.0181,10.3635
2026-08-04T12:40:33+0200,459,0,8.77,85.7765,95.6187,94.2427978515625,-0.10000000149011612,1.6308599710464478,7238.19,4,99.9499,0.0,0.234538,0.0131683,0.0,STRAIGHT,130.17599487304688,0.03408981402295717,156.76608,6,4.5,0.0,38.961468,-0.03141769,0.8706045,0.0,4,False,-0.031417690217494965,0.8706045150756836,0.0,4,0,6.58241,14.6692,23.551,42.2172,81.1234,144.085,139.564,135.821,133.066,130.176,127.125,123.877,118.891,112.208,89.3662,54.8975,33.5512,21.9155,10.3401
2026-08-04T12:40:33+0200,460,0,8.79,86.3014,96.1436,94.70770263671875,-0.07396499812602997,1.6396700143814087,7274.28,4,99.9495,0.0,0.233246,0.0147165,0.0,STRAIGHT,129.1219940185547,0.03820689333522215,156.58382,6,4.5,0.0,39.275513,-0.031449378,0.8684836,0.0,4,False,-0.03144937753677368,0.8684836030006409,0.0,4,0,6.60402,14.7633,23.776,42.8954,83.5415,142.99,138.522,134.795,132.027,129.122,126.053,122.781,117.746,110.955,87.6413,54.2235,33.2884,21.7986,10.3138
2026-08-04T12:40:33+0200,461,0,8.81,86.8289,96.6711,95.1720962524414,-0.04600220173597336,1.6465799808502197,7311.3,4,99.949,0.0,0.231835,0.016366,0.0,GENTLE_LEFT,128.0279998779297,0.04270729595426565,119.59161,5,5.5,0.55,39.59896,0.014625624,0.36702338,0.0,4,False,0.01462562382221222,0.36702337861061096,0.0,4,0,6.62744,14.8653,24.0206,43.6417,86.2755,141.866,137.453,133.733,130.951,128.028,124.938,121.638,116.546,109.629,85.8696,53.5207,33.0116,21.6746,10.2855
2026-08-04T12:40:33+0200,462,0,8.83,87.3585,97.2007,95.42330169677734,0.08475670218467712,1.650689959526062,7166.14,4,99.9489,0.0,0.23038,0.0171639,0.0,GENTLE_LEFT,127.2249984741211,0.04504785949075946,119.51828,5,5.5,0.55,39.768078,0.04514131,0.36571392,0.0,4,False,0.0451413094997406,0.3657139241695404,0.0,4,0,6.64548,14.93,24.1648,44.0553,87.7476,141.024,136.646,132.934,130.149,127.225,124.13,120.826,115.722,108.77,84.9834,53.1534,32.8585,21.6015,10.2654
2026-08-04T12:40:33+0200,463,0,8.85,87.889,97.7312,95.55020141601562,0.18305400013923645,1.6489700078964233,7177.72,4,99.9487,0.0,0.229021,0.0163362,0.0,GENTLE_LEFT,126.97899627685547,0.043079650573197105,119.57059,5,5.5,0.55,39.774826,0.064557664,0.35714427,0.0,4,False,0.06455766409635544,0.3571442663669586,0.0,4,0,6.65152,14.9184,24.105,43.7893,86.5435,140.711,136.333,132.64,129.878,126.979,123.917,120.651,115.621,108.823,85.7029,53.4098,32.9404,21.6269,10.2623
2026-08-04T12:40:33+0200,464,0,8.87,88.4202,98.2625,95.67250061035156,0.22682400047779083,1.6466399431228638,7186.45,4,99.9486,0.0,0.227856,0.0140878,0.0,STRAIGHT,127.21099853515625,0.03747481578479525,156.55704,6,4.5,0.0,39.693707,0.031144757,0.8477998,0.0,4,False,0.031144756823778152,0.8477997779846191,0.0,4,0,6.64615,14.8387,23.867,42.9466,83.1805,140.862,136.453,132.781,130.061,127.211,124.207,121.014,116.125,109.61,87.9106,54.2341,33.2346,21.7412,10.275
2026-08-04T12:40:33+0200,465,0,8.89,88.9526,98.7948,96.00379943847656,0.09948480129241943,1.6487799882888794,7380.39,4,99.9482,0.0,0.226848,0.0116826,0.0,STRAIGHT,127.47899627685547,0.03164164318274473,156.73718,6,4.5,0.0,39.70908,0.008333582,0.86967593,0.0,4,False,0.008333582431077957,0.8696759343147278,0.0,4,0,6.63842,14.7501,23.6113,42.0703,79.8466,141.067,136.623,132.957,130.279,127.479,124.533,121.412,116.659,110.405,90.4248,55.1573,33.5625,21.8695,10.2906
2026-08-04T12:40:33+0200,466,0,8.91,89.4873,99.3295,96.47039794921875,-0.029689600691199303,1.6571300029754639,7428.5,4,99.9477,0.0,0.225893,0.0101182,0.0,STRAIGHT,127.45500183105469,0.02799314800413444,156.82558,6,4.5,0.0,39.841885,-0.0071557947,0.8842094,0.0,4,False,-0.007155794650316238,0.884209394454956,0.0,4,0,6.63599,14.6989,23.4573,41.5366,77.8525,140.995,136.535,132.869,130.221,127.455,124.55,121.478,116.817,110.731,92.119,55.7623,33.7715,21.9486,10.2984
2026-08-04T12:40:33+0200,467,0,8.93,90.0247,99.8669,96.95649719238281,-0.10520999878644943,1.6685800552368164,7467.27,4,99.9473,0.0,0.224943,0.00952919,0.0,STRAIGHT,127.10700225830078,0.026722915623337846,156.82802,6,4.5,0.0,40.040974,-0.017396096,0.8842389,0.0,4,False,-0.017396096140146255,0.8842388987541199,0.0,4,0,6.64015,14.691,23.4178,41.371,77.1874,140.597,136.142,132.485,129.854,127.107,124.225,121.18,116.568,110.571,92.7295,55.9667,33.8346,21.9679,10.2963
2026-08-04T12:40:33+0200,468,0,8.95,90.5648,100.407,97.44920349121094,-0.13208000361919403,1.6821600198745728,7500.43,4,99.9468,0.0,0.223965,0.00975126,0.0,STRAIGHT,126.49400329589844,0.027388980831996524,156.76172,6,4.5,0.0,40.29005,-0.023815721,0.87753046,0.0,4,False,-0.02381572127342224,0.8775304555892944,0.0,4,0,6.65004,14.7193,23.4731,41.5047,77.5701,139.927,135.496,131.856,129.232,126.494,123.621,120.586,115.993,110.024,92.3974,55.8285,33.7739,21.9367,10.2859
2026-08-04T12:40:33+0200,469,0,8.97,91.1077,100.95,97.94000244140625,-0.12802700698375702,1.6958999633789062,7532.64,4,99.9463,0.0,0.222928,0.010579,0.0,STRAIGHT,125.68299865722656,0.029523172375771164,156.64433,6,4.5,0.0,40.574123,-0.027444582,0.8728881,0.0,4,False,-0.02744458243250847,0.8728880882263184,0.0,4,0,6.66455,14.7757,23.601,41.8671,78.7579,139.057,134.663,131.047,128.423,125.683,122.809,119.773,115.175,109.194,91.3706,55.4354,33.6204,21.8671,10.2688
2026-08-04T12:40:33+0200,470,0,8.99,91.6532,101.495,98.42720031738281,-0.10288400202989578,1.7077699899673462,7567.53,4,99.9459,0.0,0.221814,0.0118027,0.0,STRAIGHT,124.74299621582031,0.03265419959403255,156.49278,6,4.5,0.0,40.88125,-0.029056055,0.86976784,0.0,4,False,-0.02905605547130108,0.8697678446769714,0.0,4,0,6.68247,14.8515,23.7792,42.3901,80.5326,138.058,133.71,130.118,127.488,124.743,121.861,118.815,114.197,108.175,89.9216,54.882,33.407,21.7724,10.2472
2026-08-04T12:40:33+0200,471,0,9.01,92.2015,102.044,98.91210174560547,-0.07151450216770172,1.7169100046157837,7605.27,4,99.9454,0.0,0.220598,0.0132635,0.0,STRAIGHT,123.72200012207031,0.03644048131372744,156.31917,6,4.5,0.0,41.203865,-0.029230462,0.867687,0.0,4,False,-0.02923046238720417,0.8676869869232178,0.0,4,0,6.70294,14.9407,23.9914,43.0235,82.7398,136.985,132.688,129.115,126.477,123.722,120.828,117.768,113.12,107.038,88.256,54.2396,33.1584,21.6623,10.2224
2026-08-04T12:40:33+0200,472,0,9.03,92.7525,102.595,99.39669799804688,-0.03695100173354149,1.723140001296997,7644.86,4,99.945,0.0,0.219264,0.0148501,0.0,STRAIGHT,122.65599822998047,0.04063672554435121,156.13205,6,4.5,0.55,41.537025,0.013853325,0.86635053,0.0,4,False,0.013853324577212334,0.866350531578064,0.0,4,0,6.72537,15.0386,24.2259,43.7317,85.2714,135.876,131.631,128.07,125.423,122.656,119.749,116.67,111.987,105.832,86.5113,53.5568,32.8918,21.5435,10.1955
2026-08-04T12:40:33+0200,473,0,9.05,93.3061,103.148,99.88269805908203,0.0962316021323204,1.7277599573135376,7684.44,4,99.9445,0.0,0.217893,0.0156581,0.0,GENTLE_LEFT,121.84100341796875,0.04291972318939185,119.30379,5,5.5,0.55,41.824306,0.04404284,0.29410338,0.0,4,False,0.04404284060001373,0.29410338401794434,0.0,4,0,6.7428,15.1023,24.3684,44.1396,86.6944,135.014,130.806,127.254,124.607,121.841,118.933,115.853,111.166,104.999,85.599,53.1849,32.7388,21.4712,10.1761
2026-08-04T12:40:33+0200,474,0,9.07,93.8619,103.704,100.11199951171875,0.1901019960641861,1.7300200462341309,7498.94,4,99.9444,0.0,0.216609,0.0149001,0.0,GENTLE_LEFT,121.53199768066406,0.041191015532396826,119.34098,5,5.5,0.55,41.885952,0.06326701,0.28527844,0.0,4,False,0.06326700747013092,0.28527843952178955,0.0,4,0,6.74859,15.0921,24.3145,43.9008,85.6391,134.641,130.436,126.902,124.276,121.532,118.651,115.605,110.978,104.922,86.2721,53.4209,32.813,21.4936,10.1728
2026-08-04T12:40:33+0200,475,0,9.09,94.4184,104.261,100.18499755859375,0.22384199500083923,1.7269400358200073,7503.92,4,99.9442,0.0,0.215507,0.0127157,0.0,STRAIGHT,121.6760025024414,0.03589490405875193,156.25087,6,4.5,0.0,41.782425,0.031015817,0.8461091,0.0,4,False,0.03101581707596779,0.8461090922355652,0.0,4,0,6.74292,15.0133,24.0818,43.0886,82.4821,134.714,130.482,126.966,124.376,121.676,118.845,115.86,111.346,105.495,88.47,54.2314,33.1002,21.6049,10.1852
2026-08-04T12:40:33+0200,476,0,9.11,94.9758,104.818,100.50900268554688,0.09196259826421738,1.7268099784851074,7733.75,4,99.9437,0.0,0.214565,0.0103142,0.0,STRAIGHT,121.8740005493164,0.030282109363366966,156.42377,6,4.5,0.0,41.794888,0.0089504495,0.867239,0.0,4,False,0.008950449526309967,0.8672389984130859,0.0,4,0,6.73445,14.9228,23.8237,42.2179,79.2516,134.859,130.595,127.082,124.53,121.874,119.095,116.17,111.769,106.115,90.8781,55.1657,33.43,21.7338,10.2013
2026-08-04T12:40:33+0200,477,0,9.13,95.5356,105.378,100.99299621582031,-0.0427778996527195,1.7355999946594238,7786.86,4,99.9433,0.0,0.213687,0.00868042,0.0,STRAIGHT,121.81900024414062,0.026827983903050488,156.50284,6,4.5,0.0,41.93977,-0.006099919,0.88104135,0.0,4,False,-0.006099918857216835,0.8810413479804993,0.0,4,0,6.73077,14.8666,23.6588,41.6593,77.2224,134.76,130.48,126.967,124.443,121.819,119.077,116.198,111.876,106.359,92.093,55.8101,33.6521,21.8182,10.2102
2026-08-04T12:40:33+0200,478,0,9.15,96.0982,105.94,101.4990005493164,-0.12246300280094147,1.746500015258789,7828.8,4,99.9428,0.0,0.212819,0.00800355,0.0,STRAIGHT,121.46199798583984,0.025584517608425818,156.50148,6,4.5,0.0,42.150883,-0.016110176,0.881966,0.0,4,False,-0.016110176220536232,0.8819659948348999,0.0,4,0,6.73356,14.8529,23.6064,41.4591,76.4622,134.354,130.079,126.573,124.067,121.462,118.743,115.89,111.616,106.177,92.3776,56.0585,33.731,21.8444,10.2097
2026-08-04T12:40:33+0200,479,0,9.17,96.6636,106.506,102.01300048828125,-0.14863699674606323,1.7601100206375122,7864.06,4,99.9423,0.0,0.21193,0.00815663,0.0,STRAIGHT,120.8479995727539,0.026121771123598363,156.43663,6,4.5,0.0,42.411034,-0.022426607,0.875427,0.0,4,False,-0.022426607087254524,0.8754270076751709,0.0,4,0,6.74222,14.8765,23.6508,41.5614,76.7383,133.68,129.429,125.941,123.443,120.848,118.14,115.3,111.047,105.642,92.0098,55.952,33.6829,21.8189,10.2007
2026-08-04T12:40:33+0200,480,0,9.19,97.2319,107.074,102.5260009765625,-0.1369599997997284,1.7745100259780884,7896.43,4,99.9417,0.0,0.210994,0.00892384,0.0,STRAIGHT,120.04499816894531,0.027975261962900445,156.32587,6,4.5,0.0,42.70447,-0.026031347,0.8709768,0.0,4,False,-0.02603134699165821,0.8709768056869507,0.0,4,0,6.75549,14.9283,23.7683,41.8914,77.7963,132.811,128.596,125.133,122.638,120.045,117.34,114.502,110.253,104.851,91.1922,55.5834,33.5406,21.7549,10.1851
2026-08-04T12:40:33+0200,481,0,9.21,97.803,107.645,103.03600311279297,-0.10647500306367874,1.7884299755096436,7931.85,4,99.9412,0.0,0.209981,0.0101095,0.0,STRAIGHT,119.11299896240234,0.030777924246350088,156.18253,6,4.5,0.0,43.02115,-0.02765883,0.8679899,0.0,4,False,-0.02765882946550846,0.8679898977279663,0.0,4,0,6.77234,15.0007,23.9384,42.3871,79.4411,131.812,127.642,124.205,121.708,119.113,116.404,113.563,109.305,103.885,90.062,55.0421,33.3344,21.6642,10.1648
2026-08-04T12:40:33+0200,482,0,9.23,98.3769,108.219,103.54299926757812,-0.06737340241670609,1.800379991531372,7970.37,4,99.9407,0.0,0.208877,0.011562,0.0,STRAIGHT,118.09600067138672,0.034260723194107584,156.01619,6,4.5,0.0,43.354416,-0.027861428,0.8660288,0.0,4,False,-0.027861427515745163,0.8660287857055664,0.0,4,0,6.79188,15.0875,24.1455,43.0014,81.5336,130.732,126.613,123.199,120.697,118.096,115.381,112.531,108.256,102.804,88.7098,54.3981,33.0886,21.5564,10.1411
2026-08-04T12:40:33+0200,483,0,9.25,98.9537,108.796,104.04900360107422,-0.024906300008296967,1.8094199895858765,8011.18,4,99.9401,0.0,0.207654,0.0131537,0.0,STRAIGHT,117.03399658203125,0.03819224255182517,155.83499,6,4.5,0.0,43.699368,-0.027059952,0.8647926,0.0,4,False,-0.027059951797127724,0.8647925853729248,0.0,4,0,6.81348,15.1837,24.3764,43.6941,83.951,129.614,125.547,122.15,119.642,117.034,114.31,111.449,107.153,101.66,87.2073,53.7077,32.8227,21.4391,10.1151
2026-08-04T12:40:33+0200,484,0,9.27,99.5332,109.375,104.55500030517578,0.01569480076432228,1.8159699440002441,8053.61,4,99.9396,0.0,0.206311,0.014788,0.0,GENTLE_LEFT,115.95500183105469,0.04297500929573177,119.00685,5,5.5,0.55,44.067345,0.017128652,0.2163292,0.0,4,False,0.017128651961684227,0.2163292020559311,0.0,4,0,6.83651,15.2853,24.6201,44.4317,87.6374,128.486,124.472,121.085,118.571,115.955,113.222,110.349,106.029,100.492,85.6092,53.0117,32.5512,21.3183,10.0878
2026-08-04T12:40:33+0200,485,0,9.29,100.115,109.957,104.75900268554688,0.14334100484848022,1.818660020828247,7823.4,4,99.9395,0.0,0.204925,0.0155227,0.0,GENTLE_LEFT,115.1500015258789,0.06895545873361113,118.29523,5,5.5,0.55,44.84147,0.04637611,0.20187981,0.0,4,False,0.04637610912322998,0.2018798142671585,0.0,4,0,6.85364,15.3463,24.7554,44.8147,135.902,127.63,123.65,120.273,117.762,115.15,112.42,109.552,105.238,99.7073,84.7978,52.6701,32.4094,21.2506,10.069
2026-08-04T12:40:33+0200,486,0,9.31,100.697,110.539,104.77300262451172,0.22288699448108673,1.8136199712753296,7821.4,4,99.9395,0.0,0.20364,0.0145667,0.0,GENTLE_LEFT,114.86199951171875,0.06752298584168012,118.3415,5,5.5,0.55,44.802708,0.064895004,0.19841778,0.0,4,False,0.06489500403404236,0.1984177827835083,0.0,4,0,6.85796,15.3264,24.6753,44.4899,135.546,127.274,123.296,119.939,117.449,114.862,112.16,109.325,105.072,99.6421,85.4653,52.9794,32.5107,21.2841,10.0676
2026-08-04T12:40:33+0200,487,0,9.33,101.279,111.121,104.78199768066406,0.23639899492263794,1.8083699941635132,7822.13,4,99.9394,0.0,0.202547,0.0121164,0.0,STRAIGHT,115.01799774169922,0.03692457741396966,155.84885,6,4.5,0.0,43.99696,0.033154868,0.8418343,0.0,4,False,0.033154867589473724,0.841834306716919,0.0,4,0,6.85012,15.2337,24.4062,43.563,82.9766,127.362,123.355,120.018,117.564,115.018,112.365,109.586,105.434,100.175,87.072,53.8911,32.8344,21.4103,10.0825
2026-08-04T12:40:33+0200,488,0,9.35,101.861,111.704,105.08999633789062,0.07841409742832184,1.809309959411621,8096.61,4,99.9389,0.0,0.201626,0.00943898,0.0,STRAIGHT,115.22699737548828,0.031367167078144555,156.0214,6,4.5,0.0,43.998295,0.01127547,0.8628215,0.0,4,False,0.01127547025680542,0.8628215193748474,0.0,4,0,6.83929,15.1289,24.1116,42.5817,79.3909,127.521,123.48,120.148,117.732,115.227,112.622,109.9,105.848,100.753,88.5165,54.9388,33.204,21.5552,10.1012
2026-08-04T12:40:33+0200,489,0,9.37,102.447,112.289,105.59100341796875,-0.07498650252819061,1.81905996799469,8154.71,4,99.9383,0.0,0.200777,0.0075575,0.0009349837,STRAIGHT,115.18800354003906,0.02774856660819619,156.1043,6,4.5,0.0,44.146255,-0.0037853736,0.8754795,0.0,4,False,-0.003785373643040657,0.875479519367218,0.0,4,0,6.83347,15.0601,23.9153,41.9302,77.0763,127.441,123.382,120.049,117.661,115.188,112.619,109.94,105.961,100.984,89.2919,55.6917,33.4637,21.6548,10.1128
2026-08-04T12:40:33+0200,490,0,9.39,103.035,112.877,106.11799621582031,-0.1622460037469864,1.8336000442504883,8194.68,4,99.9378,0.0,0.19996,0.00667579,0.0010399921,STRAIGHT,114.85099792480469,0.0262412268898598,156.10959,6,4.5,0.0,44.36263,-0.013913777,0.8789814,0.0,4,False,-0.013913776725530624,0.8789814114570618,0.0,4,0,6.83434,15.036,23.8371,41.6541,76.0791,127.057,123.0,119.673,117.303,114.851,112.307,109.654,105.723,100.819,89.4342,56.0325,33.5752,21.6943,10.1147
2026-08-04T12:40:33+0200,491,0,9.41,103.626,113.468,106.65499877929688,-0.18655599653720856,1.8511899709701538,8229.57,4,99.9373,0.0,0.199142,0.00667031,0.00033251476,STRAIGHT,114.25900268554688,0.026486130857677474,156.05196,6,4.5,0.0,44.630512,-0.020396523,0.87294096,0.0,4,False,-0.02039652317762375,0.8729409575462341,0.0,4,0,6.84129,15.0512,23.8608,41.6947,76.1502,126.405,122.368,119.058,116.699,114.259,111.728,109.092,105.186,100.321,89.0867,55.9967,33.5531,21.6799,10.1079
2026-08-04T12:40:33+0200,492,0,9.43,104.22,114.063,107.19000244140625,-0.1674019992351532,1.8687000274658203,8261.86,4,99.9367,0.0,0.198289,0.00731567,0.0,STRAIGHT,113.47899627685547,0.02802664172804705,155.94907,6,4.5,0.0,44.932236,-0.024181489,0.86875623,0.0,4,False,-0.024181488901376724,0.8687562346458435,0.0,4,0,6.85306,15.0961,23.9614,41.9726,77.0175,125.555,121.553,118.267,115.913,113.479,110.955,108.325,104.431,99.5823,88.3949,55.6795,33.431,21.6248,10.0942
2026-08-04T12:40:33+0200,493,0,9.45,104.817,114.66,107.72100067138672,-0.127143993973732,1.8832800388336182,8298.81,4,99.9362,0.0,0.197376,0.00840396,0.0,STRAIGHT,112.57099914550781,0.03048637449221947,155.8146,6,4.5,0.0,45.257065,-0.025987355,0.8658308,0.0,4,False,-0.025987355038523674,0.8658307790756226,0.0,4,0,6.86845,15.1624,24.1168,42.4205,78.4698,124.574,120.614,117.356,115.004,112.571,110.048,107.42,103.528,98.6802,87.4727,55.176,33.2413,21.5418,10.0758
2026-08-04T12:40:33+0200,494,0,9.47,105.417,115.26,108.24800109863281,-0.0779016986489296,1.8933600187301636,8339.81,4,99.9357,0.0,0.196387,0.00977479,0.0,STRAIGHT,111.58100128173828,0.033845393729592034,155.64923,6,4.5,0.0,45.604828,-0.026360527,0.86386555,0.0,4,False,-0.02636052668094635,0.8638655543327332,0.0,4,0,6.88653,15.2435,24.3101,42.9886,80.8118,123.511,119.6,116.367,114.014,111.581,109.057,106.427,102.531,97.6739,86.4017,54.5609,33.0094,21.441,10.0539
2026-08-04T12:40:33+0200,495,0,9.49,106.02,115.863,108.7750015258789,-0.02609819918870926,1.9011199474334717,8382.48,4,99.9351,0.0,0.195293,0.0112947,0.0,GENTLE_LEFT,110.5459976196289,0.06241860737965525,118.2146,5,5.5,0.55,46.641453,0.015666291,0.1399517,0.0,4,False,0.015666291117668152,0.1399517059326172,0.0,4,0,6.90661,15.3342,24.5274,43.6347,130.44,122.409,118.549,115.336,112.981,110.546,108.019,105.386,101.482,96.6109,85.2481,53.8939,32.7558,21.3301,10.0298
2026-08-04T12:40:33+0200,496,0,9.51,106.625,116.468,108.94400024414062,0.11022999882698059,1.9034600257873535,8110.9,4,99.9351,0.0,0.194167,0.0120129,0.0,GENTLE_LEFT,109.73799896240234,0.0631409769731316,118.18927,5,5.5,0.55,46.739388,0.043482453,0.1378788,0.0,4,False,0.043482452630996704,0.13787880539894104,0.0,4,0,6.92136,15.3889,24.6499,43.9795,129.496,121.538,117.713,114.517,112.167,109.738,107.217,104.591,100.699,95.8441,84.5275,53.5566,32.6206,21.2673,10.0133
2026-08-04T12:40:33+0200,497,0,9.53,107.231,117.073,108.9020004272461,0.1924780011177063,1.8960200548171997,8107.85,4,99.935,0.0,0.193135,0.0111211,0.0,GENTLE_LEFT,109.38600158691406,0.062067073056947766,118.22858,5,5.5,0.55,46.68185,0.06109759,0.13649985,0.0,4,False,0.06109758839011192,0.13649985194206238,0.0,4,0,6.9239,15.3672,24.5719,43.6836,129.079,121.127,117.305,114.125,111.794,109.386,106.89,104.292,100.448,95.6678,84.6586,53.8662,32.722,21.302,10.0134
2026-08-04T12:40:33+0200,498,0,9.55,107.835,117.678,108.86000061035156,0.19962699711322784,1.8875499963760376,8104.89,4,99.9349,0.0,0.192304,0.00871591,0.0,GENTLE_LEFT,109.4540023803711,0.05939440396819147,118.30951,5,5.5,0.55,46.58252,0.07114011,0.13679565,0.0,4,False,0.0711401104927063,0.13679565489292145,0.0,4,0,6.91405,15.2725,24.3064,42.8055,129.157,121.147,117.3,114.127,111.827,109.454,106.998,104.446,100.68,96.0208,85.498,54.812,33.0539,21.4317,10.03
2026-08-04T12:40:33+0200,499,0,9.57,108.44,118.282,108.81800079345703,0.13896499574184418,1.883970022201538,8102.48,4,99.9348,0.0,0.191743,0.00508754,0.0,STRAIGHT,109.84500122070312,0.025795679564651588,155.91594,6,4.5,0.0,45.640106,0.034805074,0.83965313,0.0,4,False,0.03480507433414459,0.8396531343460083,0.0,4,0,6.89345,15.1192,23.8973,41.5136,74.977,121.525,117.628,114.434,112.174,109.845,107.438,104.943,101.274,96.7626,86.7901,56.3395,33.5883,21.6435,10.0612
2026-08-04T12:40:33+0200,500,0,9.59,109.045,118.888,109.13400268554688,-0.07439179718494415,1.8890700340270996,8421.29,4,99.9343,0.0,0.191407,0.00158229,0.0,STRAIGHT,110.18199920654297,0.019574850640548588,156.1055,6,4.5,0.0,45.62662,0.009478103,0.8626005,0.0,4,False,0.009478103369474411,0.8626005053520203,0.0,4,0,6.87202,14.9706,23.5098,40.3293,71.1602,121.877,117.931,114.7,112.47,110.182,107.821,105.377,101.796,97.4136,87.8899,57.9104,34.1281,21.8564,10.0935
2026-08-04T12:40:33+0200,501,0,9.61,109.653,119.495,109.65299987792969,-0.25,1.9011499881744385,8482.42,4,99.9338,0.0,0.19119,-0.000707909,0.0026264992,STRAIGHT,110.177001953125,0.01577136483234292,156.18715,6,4.5,0.0,45.7804,-0.00807824,0.8745439,0.0,4,False,-0.008078239858150482,0.8745439052581787,0.0,4,0,6.85813,14.8752,23.2635,39.5919,68.8714,121.877,117.906,114.656,112.436,110.177,107.849,105.443,101.923,97.6311,88.4007,58.986,34.4907,21.998,10.1147
2026-08-04T12:40:33+0200,502,0,9.63,110.264,120.106,110.2030029296875,-0.32757699489593506,1.91798996925354,8520.37,4,99.9332,0.0,0.191035,-0.00167845,0.0023366804,STRAIGHT,109.81600189208984,0.014302679328152157,156.18265,6,4.5,0.0,46.01353,-0.019924585,0.8748154,0.0,4,False,-0.0199245847761631,0.8748154044151306,0.0,4,0,6.85281,14.8364,23.1626,39.2908,67.951,121.484,117.515,114.267,112.056,109.816,107.509,105.127,101.646,97.41,88.3525,59.451,34.645,22.0575,10.1233
2026-08-04T12:40:34+0200,503,0,9.65,110.878,120.72,110.76100158691406,-0.32512399554252625,1.9374899864196777,8551.05,4,99.9325,0.0,0.190902,-0.00152947,0.0009704788,STRAIGHT,109.15899658203125,0.014731611591439405,156.11023,6,4.5,0.0,46.303127,-0.027499478,0.8683358,0.0,4,False,-0.027499478310346603,0.8683357834815979,0.0,4,0,6.85494,14.8452,23.1825,39.3443,68.1038,120.758,116.815,113.587,111.388,109.159,106.864,104.495,101.036,96.8307,87.8617,59.3714,34.6167,22.0455,10.1206
2026-08-04T12:40:34+0200,504,0,9.67,111.495,121.337,111.31700134277344,-0.25422000885009766,1.956470012664795,8586.42,4,99.9319,0.0,0.190762,-0.000703946,9.311938e-05,STRAIGHT,108.32499694824219,0.01630794557168955,155.99763,6,4.5,0.0,46.62403,-0.031958696,0.85812455,0.0,4,False,-0.031958695501089096,0.8581245541572571,0.0,4,0,6.86178,14.8833,23.2762,39.6141,68.9117,119.832,115.928,112.732,110.548,108.325,106.037,103.676,100.228,96.0389,87.1125,58.9629,34.4777,21.9899,10.1111
2026-08-04T12:40:34+0200,505,0,9.69,112.115,121.957,111.86699676513672,-0.1867160052061081,1.9711799621582031,8623.58,4,99.9313,0.0,0.190581,0.000550404,0.0,STRAIGHT,107.37799835205078,0.018653858505481635,155.85884,6,4.5,0.0,46.963997,-0.03417552,0.8419225,0.0,4,False,-0.03417551890015602,0.8419225215911865,0.0,4,0,6.87193,14.9409,23.4192,40.0296,70.1733,118.783,114.927,111.769,109.598,107.378,105.094,102.737,99.295,95.1137,86.2024,58.3544,34.2695,21.9066,10.0969
2026-08-04T12:40:34+0200,506,0,9.71,112.738,122.58,112.40899658203125,-0.1186710000038147,1.9802000522613525,8662.79,4,99.9307,0.0,0.190311,0.00219156,0.0,STRAIGHT,106.33000183105469,0.021759093258827845,155.69475,6,4.5,0.0,47.321735,-0.034735374,0.82646936,0.0,4,False,-0.03473537415266037,0.826469361782074,0.0,4,0,6.88555,15.0176,23.6098,40.588,71.921,117.627,113.825,110.712,108.549,106.33,104.047,101.69,98.2494,94.068,85.147,57.5751,34.0,21.7979,10.0781
2026-08-04T12:40:34+0200,507,0,9.73,113.364,123.206,112.94000244140625,-0.04756209999322891,1.9834599494934082,8700.92,4,99.9301,0.0,0.189924,0.00411585,0.0,EXIT,105.20700073242188,0.05345961734860228,109.0686,4,5.0,0.35,48.48672,-0.008861013,0.0,0.010047505,4,False,-0.008861012756824493,0.0,0.010047504678368568,4,0,6.90219,15.1099,23.8393,41.2661,124.198,116.397,112.654,109.588,107.427,105.207,102.922,100.565,97.1208,92.9338,83.9843,56.684,33.6873,21.6706,10.0555
2026-08-04T12:40:34+0200,508,0,9.75,113.993,123.835,113.45999908447266,0.020045600831508636,1.987220048904419,8736.44,4,99.9295,0.0,0.18939,0.00622305,0.0,EXIT,104.03500366210938,0.05535027877634829,108.98652,4,5.0,0.35,48.803097,0.009138063,0.0,0.010311541,4,False,0.009138062596321106,0.0,0.010311541147530079,4,0,6.92146,15.2143,24.0989,42.0403,122.791,115.123,111.443,108.419,106.256,104.035,101.747,99.3867,95.9376,91.7414,82.7508,55.7337,33.3482,21.5309,10.0301
2026-08-04T12:40:34+0200,509,0,9.77,114.624,124.466,113.52899932861328,0.13111500442028046,1.9881099462509155,8399.99,4,99.9294,0.0,0.188732,0.00787337,0.0,EXIT,102.97899627685547,0.056849149170048664,108.94834,4,5.0,0.35,48.876114,0.02179945,0.0,0.010371302,4,False,0.021799450740218163,0.0,0.010371302254498005,4,0,6.93868,15.3015,24.3132,42.6792,121.536,113.981,110.354,107.361,105.199,102.979,100.693,98.334,94.8868,90.6919,81.694,54.9999,33.0806,21.4184,10.0082
2026-08-04T12:40:34+0200,510,0,9.79,115.254,125.096,113.34500122070312,0.20710699260234833,1.9796799421310425,8384.45,4,99.9293,0.0,0.188031,0.00856072,0.0,EXIT,102.17400360107422,0.05742266911467903,108.952156,4,5.0,0.35,48.792583,0.030473204,0.0,0.010300095,4,False,0.03047320432960987,0.0,0.010300095193088055,4,0,6.94953,15.3461,24.4164,42.9734,120.586,113.105,109.512,106.54,104.386,102.174,99.8977,97.5489,94.1183,89.9464,81.0135,54.6801,32.9585,21.3642,9.99558
2026-08-04T12:40:34+0200,511,0,9.81,115.883,125.725,113.16300201416016,0.22942399978637695,1.971500039100647,8370.43,4,99.9293,0.0,0.187352,0.00822203,0.0,EXIT,101.63500213623047,0.05698452046122267,108.98078,4,5.0,0.35,48.68183,0.035981875,0.0,0.010207463,4,False,0.03598187491297722,0.0,0.010207463055849075,4,0,6.95295,15.3434,24.3962,42.882,119.953,112.505,108.927,105.971,103.831,101.635,99.3757,97.0463,93.6475,89.5209,80.7253,54.79,32.9901,21.3725,9.99319
2026-08-04T12:40:34+0200,512,0,9.83,116.511,126.353,112.9800033569336,0.1973470002412796,1.9684699773788452,8356.83,4,99.9292,0.0,0.186747,0.00697826,0.0,EXIT,101.32499694824219,0.05566776051377846,109.03084,4,5.0,0.35,48.54656,0.03892397,0.0,0.01009566,4,False,0.038923971354961395,0.0,0.010095659643411636,4,0,6.94935,15.2981,24.2665,42.4527,119.598,112.145,108.567,105.621,103.5,101.325,99.0901,96.7875,93.4324,89.3685,80.7638,55.2864,33.1598,21.437,10.0003
2026-08-04T12:40:34+0200,513,0,9.85,117.138,126.98,112.7979965209961,0.1291539967060089,1.9711899757385254,8343.47,4,99.9291,0.0,0.186256,0.00498648,0.0,EXIT,101.19999694824219,0.05365784461959588,109.0973,4,5.0,0.35,48.393387,0.03977302,0.0,0.009970185,4,False,0.03977302089333534,0.0,0.009970185346901417,4,0,6.93954,15.2173,24.0478,41.7595,119.471,111.985,108.393,105.446,103.349,101.2,98.9934,96.7228,93.4199,89.4302,81.048,56.1244,33.4492,21.5501,10.0159
2026-08-04T12:40:34+0200,514,0,9.87,117.764,127.607,112.61499786376953,0.042051300406455994,1.9774099588394165,8330.19,4,99.929,0.0,0.185925,0.00247861,0.0,EXIT,101.19599914550781,0.051214740324679854,109.17355,4,5.0,0.35,48.229,0.038962815,0.0,0.0098363925,4,False,0.03896281495690346,0.0,0.009836392477154732,4,0,6.92484,15.1117,23.7702,40.9053,119.507,111.966,108.35,105.389,103.317,101.196,99.0205,96.7845,93.5377,89.6275,81.4771,57.2315,33.8295,21.6996,10.0381
2026-08-04T12:40:34+0200,515,0,9.89,118.389,128.232,112.43299865722656,-0.0471016988158226,1.9842499494552612,8316.94,4,99.929,0.0,0.185788,-0.000325903,0.0,EXIT,101.25599670410156,0.04856753559657772,109.253555,4,5.0,0.35,48.06111,0.036894977,0.0,0.009700458,4,False,0.03689497709274292,0.0,0.009700457565486431,4,0,6.90657,14.9912,23.4609,39.98,119.641,112.032,108.386,105.401,103.348,101.256,99.112,96.9112,93.7212,89.8904,81.9659,58.5353,34.2725,21.874,10.065
2026-08-04T12:40:34+0200,516,0,9.91,119.013,128.856,112.2509994506836,-0.1288450062274933,1.9918999671936035,8303.67,4,99.9289,0.0,0.185872,-0.00324292,0.0,STRAIGHT,101.33300018310547,0.01527834197622411,155.98064,6,4.5,0.0,47.0287,0.009042557,0.83562195,0.0,4,False,0.009042557328939438,0.8356219530105591,0.0,4,0,6.88581,14.8639,23.1415,39.0508,67.3215,112.134,108.455,105.445,103.397,101.333,99.2203,97.0539,93.919,90.1646,82.4512,59.9683,34.7528,22.0627,10.0953
2026-08-04T12:40:34+0200,517,0,9.93,119.637,129.479,112.06999969482422,-0.19639599323272705,1.9978100061416626,8290.41,4,99.9288,0.0,0.186187,-0.00613326,0.0,STRAIGHT,101.39399719238281,0.010513069603926258,156.16525,6,4.5,0.0,46.806824,-0.010545827,0.85918295,0.0,4,False,-0.010545827448368073,0.8591829538345337,0.0,4,0,6.86346,14.7358,22.8271,38.161,64.3555,112.236,108.524,105.488,103.431,101.394,99.3112,97.1775,94.0947,90.4119,82.8911,61.4713,35.2492,22.2575,10.1274
2026-08-04T12:40:34+0200,518,0,9.95,120.26,130.102,112.34500122070312,-0.3185740113258362,2.0021800994873047,8667.78,4,99.9283,0.0,0.186675,-0.00823776,0.0,STRAIGHT,101.26100158691406,0.007353047397901309,156.24358,6,4.5,0.0,46.859562,-0.02434897,0.8540907,0.0,4,False,-0.024348970502614975,0.854090690612793,0.0,4,0,6.84513,14.6393,22.5963,37.5261,62.5861,112.125,108.394,105.345,103.279,101.261,99.2026,97.0956,94.0553,90.4301,83.061,62.6275,35.6275,22.4064,10.1533
2026-08-04T12:40:34+0200,519,0,9.97,120.885,130.728,112.8740005493164,-0.3832490146160126,2.009200096130371,8730.92,4,99.9276,0.0,0.187244,-0.00905789,0.0026435324,STRAIGHT,100.8219985961914,0.006190014535621585,156.22409,6,4.5,0.0,47.095737,-0.033735715,0.8334141,0.0,4,False,-0.033735714852809906,0.8334140777587891,0.0,4,0,6.83484,14.5952,22.4971,37.2668,61.8934,111.654,107.931,104.888,102.826,100.822,98.78,96.6919,93.6812,90.0961,82.8297,63.1098,35.7885,22.4722,10.1666
2026-08-04T12:40:34+0200,520,0,9.99,121.514,131.356,113.43199920654297,-0.36729198694229126,2.019010066986084,8755.58,4,99.927,0.0,0.18783,-0.00870608,0.0008176264,STRAIGHT,100.10700225830078,0.006797482388194397,156.139,6,4.5,0.0,47.396687,-0.039663427,0.8165334,0.0,4,False,-0.03966342657804489,0.8165333867073059,0.0,4,0,6.83227,14.5992,22.5166,37.3395,62.1253,110.856,107.163,104.145,102.099,100.107,98.0764,96.0006,93.009,89.4496,82.2476,62.9459,35.7442,22.4596,10.168
2026-08-04T12:40:34+0200,521,0,10.01,122.146,131.988,113.97899627685547,-0.30037200450897217,2.032399892807007,8770.55,4,99.9264,0.0,0.188383,-0.00742364,0.0,STRAIGHT,99.17610168457031,0.00891379730259025,156.0021,6,4.5,0.0,47.735397,-0.042874616,0.8002802,0.0,4,False,-0.042874615639448166,0.8002802133560181,0.0,4,0,6.83624,14.6423,22.6322,37.6812,63.2263,109.803,106.158,103.178,101.159,99.1761,97.1525,95.0839,92.104,88.5596,81.3946,62.2746,35.537,22.3843,10.1595
2026-08-04T12:40:34+0200,522,0,10.03,122.781,132.623,114.50299835205078,-0.20776499807834625,2.0431299209594727,8797.2,4,99.9258,0.0,0.188847,-0.0054854,0.0,EXIT,98.09380340576172,0.04270218713916239,109.22634,4,5.0,0.35,48.97712,-0.01951645,0.0,0.010475822,4,False,-0.01951644942164421,0.0,0.010475821793079376,4,0,6.84542,14.7148,22.82,38.2283,116.067,108.577,104.992,102.06,100.073,98.0938,96.074,94.0097,91.0361,87.5002,80.3536,61.2687,35.2176,22.2647,10.1435
2026-08-04T12:40:34+0200,523,0,10.05,123.419,133.261,115.00700378417969,-0.10913199931383133,2.0491199493408203,8829.59,4,99.9253,0.0,0.189178,-0.00313954,0.0,EXIT,96.91729736328125,0.04442749081239245,109.14418,4,5.0,0.35,49.2872,-0.0030800924,0.0,0.010734486,5,False,-0.0030800923705101013,0.0,0.010734486393630505,5,0,6.85855,14.808,23.0586,38.9242,114.598,107.251,103.733,100.855,98.8942,96.9173,94.8996,92.8376,89.8677,86.3361,79.1976,60.0835,34.8324,22.1175,10.1223
2026-08-04T12:40:34+0200,524,0,10.07,124.058,133.9,115.05599975585938,0.02992990054190159,2.046070098876953,8512.17,4,99.9252,0.0,0.189382,-0.00103998,0.0,EXIT,95.79750061035156,0.0460020726757333,109.10024,4,5.0,0.35,49.35875,0.0087557975,0.0,0.010792948,4,False,0.008755797520279884,0.0,0.010792948305606842,4,0,6.87118,14.8942,23.2793,39.5741,113.215,106.001,102.544,99.7146,97.7712,95.7975,93.7835,91.7255,88.7617,85.2382,78.1169,59.0571,34.4924,21.9859,10.1027
2026-08-04T12:40:34+0200,525,0,10.09,124.697,134.539,114.8949966430664,0.14040300250053406,2.0297799110412598,7636.31,5,99.9252,0.0,0.189511,0.000305623,0.0,EXIT,94.85330200195312,0.046967817029672426,109.087425,4,5.0,0.35,49.304405,0.017199045,0.0,0.010745914,5,False,0.017199045047163963,0.0,0.010745913721621037,5,0,6.87933,14.95,23.4231,40.0024,112.068,104.954,101.544,98.752,96.8201,94.8533,92.8469,90.7971,87.8462,84.3398,77.26,58.4179,34.2781,21.9024,10.0903
2026-08-04T12:40:34+0200,526,0,10.11,125.335,135.177,114.75599670410156,0.19464799761772156,2.014810085296631,7625.03,5,99.9252,0.0,0.189613,0.00074923,0.0,EXIT,94.11710357666016,0.04716426519137872,109.092224,4,5.0,0.35,49.239243,0.022935238,0.0,0.010690657,5,False,0.022935237735509872,0.0,0.010690657421946526,5,0,6.88152,14.9675,23.4692,40.1428,111.19,104.14,100.76,97.9934,96.0728,94.1171,92.1226,90.0859,87.1557,83.6767,76.6655,58.2131,34.2098,21.8762,10.0866
2026-08-04T12:40:34+0200,527,0,10.13,125.972,135.814,114.61299896240234,0.19376300275325775,2.0078299045562744,7625.75,5,99.9252,0.0,0.189729,0.000377268,0.0,EXIT,93.56639862060547,0.04665442764948184,109.11476,4,5.0,0.35,49.15206,0.026456786,0.0,0.010617719,5,False,0.026456786319613457,0.0,0.010617719031870365,5,0,6.87797,14.9491,23.4247,40.0151,110.549,103.532,100.169,97.4154,95.5076,93.5664,91.5876,89.5683,86.665,83.2221,76.3017,58.3946,34.2729,21.9019,10.0914
2026-08-04T12:40:34+0200,528,0,10.15,126.608,136.45,114.44499969482422,0.1551939994096756,2.009740114212036,7613.18,5,99.9252,0.0,0.189895,-0.000670955,0.0,EXIT,93.16649627685547,0.045586494558545895,109.152664,4,5.0,0.35,49.036625,0.028160043,0.0,0.010521788,5,False,0.02816004306077957,0.0,0.010521788150072098,5,0,6.86936,14.9007,23.3048,39.6672,110.102,103.093,99.7343,96.9852,95.0907,93.1665,91.2064,89.2072,86.3357,82.935,76.1208,58.8559,34.4472,21.9718,10.1034
2026-08-04T12:40:34+0200,529,0,10.17,127.243,137.086,114.2770004272461,0.09196049720048904,2.0203800201416016,7602.1,5,99.9252,0.0,0.190152,-0.00221372,0.0,EXIT,92.87429809570312,0.04417155573769579,109.19859,4,5.0,0.35,48.91216,0.028399477,0.0,0.010418885,5,False,0.028399476781487465,0.0,0.010418885387480259,5,0,6.85663,14.8296,23.1301,39.1653,109.797,102.777,99.4149,96.6632,94.7796,92.8743,90.9344,88.9573,86.1203,82.7656,76.0657,59.4391,34.7074,22.0757,10.1212
2026-08-04T12:40:34+0200,530,0,10.19,127.878,137.72,114.10900115966797,0.022764399647712708,2.0324900150299072,7591.06,5,99.9252,0.0,0.190525,-0.00407632,0.0,GENTLE_LEFT,92.64859771728516,0.04258129288767884,118.35211,5,5.5,0.55,48.78376,0.04146056,0.06293481,0.0,5,False,0.0414605587720871,0.06293480843305588,0.0,5,0,6.8408,14.7437,22.9208,38.5727,109.586,102.543,99.1705,96.4117,94.5344,92.6486,90.7298,88.7756,85.9743,82.6669,76.0833,60.0562,35.0287,22.2036,10.1434
2026-08-04T12:40:34+0200,531,0,10.21,128.511,138.353,113.94300079345703,-0.045456498861312866,2.042829990386963,7580.51,5,99.9252,0.0,0.191037,-0.00610664,0.0,GENTLE_LEFT,92.45490264892578,0.04094080061189376,118.40595,5,5.5,0.55,48.65617,0.04869192,0.065652065,0.0,5,False,0.048691920936107635,0.06565206497907639,0.0,5,0,6.82274,14.6491,22.6938,37.9414,109.425,102.351,98.9664,96.1982,94.3211,92.4549,90.5574,88.6261,85.8605,82.6,76.1308,60.6495,35.3888,22.3467,10.1686
2026-08-04T12:40:34+0200,532,0,10.23,129.144,138.986,113.81999969482422,-0.06839150190353394,2.0504300594329834,7592.02,5,99.9252,0.0,0.191737,-0.00850223,0.0,STRAIGHT,92.33489990234375,0.03911912833081742,154.90904,6,4.5,0.0,48.547005,0.0137662515,0.77151704,0.0,5,False,0.013766251504421234,0.7715170383453369,0.0,5,0,6.80077,14.5373,22.4289,37.2175,109.373,102.254,98.85,96.0669,94.1815,92.3349,90.4593,88.5518,85.8228,82.6105,76.2572,61.2936,35.8259,22.5198,10.1993
2026-08-04T12:40:34+0200,533,0,10.25,129.776,139.618,113.7229995727539,-0.09977559745311737,2.056839942932129,7586.45,5,99.9252,0.0,0.192695,-0.0114319,0.0,STRAIGHT,92.32240295410156,0.03703936445608904,154.98344,6,4.5,0.0,48.445904,-0.010479175,0.7932272,0.0,5,False,-0.010479174554347992,0.7932271957397461,0.0,5,0,6.77323,14.4009,22.1099,36.363,109.484,102.297,98.8635,96.0577,94.1575,92.3224,90.4699,88.5873,85.8968,82.7347,76.5007,62.0386,36.3781,22.7369,10.2381
2026-08-04T12:40:34+0200,534,0,10.27,130.408,140.25,113.9280014038086,-0.2457759976387024,2.0627501010894775,7797.06,5,99.9248,0.0,0.193846,-0.0138175,0.0,STRAIGHT,92.1874008178711,0.03540931393438196,155.0086,6,4.5,0.0,48.51301,-0.02750177,0.79050064,0.0,5,False,-0.027501769363880157,0.7905006408691406,0.0,5,0,6.74785,14.285,21.8463,35.678,109.438,102.204,98.7509,95.9298,94.0198,92.1874,90.3557,88.4953,85.839,82.721,76.5914,62.5401,36.8515,22.9238,10.273
2026-08-04T12:40:34+0200,535,0,10.29,131.042,140.884,114.29299926757812,-0.3312680125236511,2.068739891052246,7829.19,5,99.9243,0.0,0.195081,-0.0147775,0.0,STRAIGHT,91.7488021850586,0.03468888829775836,154.9844,6,4.5,0.0,48.687954,-0.039109103,0.773411,0.0,5,False,-0.03910910338163376,0.773410975933075,0.0,5,0,6.73123,14.2252,21.721,35.3751,108.966,101.744,98.2963,95.4807,93.5748,91.7488,89.9329,88.0894,85.4591,82.3749,76.3238,62.5648,37.0692,23.0147,10.2938
2026-08-04T12:40:34+0200,536,0,10.31,131.678,141.52,114.66899871826172,-0.3367759883403778,2.07453989982605,7848.82,5,99.9238,0.0,0.19632,-0.0143583,0.0,STRAIGHT,91.02220153808594,0.034786686563541364,154.93048,6,4.5,0.0,48.891777,-0.04650433,0.7589042,0.0,5,False,-0.04650432989001274,0.758904218673706,0.0,5,0,6.72361,14.2198,21.7275,35.4285,108.082,100.927,97.5112,94.7214,92.8327,91.0222,89.2178,87.387,84.7758,81.7163,75.7224,62.1667,37.0289,23.0092,10.3001
2026-08-04T12:40:34+0200,537,0,10.33,132.316,142.158,115.03600311279297,-0.2801010012626648,2.0785999298095703,7865.14,5,99.9234,0.0,0.197496,-0.01286,0.0,STRAIGHT,90.07350158691406,0.03553595565795959,154.85532,6,4.5,0.0,49.109283,-0.05061666,0.7467523,0.0,5,False,-0.050616659224033356,0.7467523217201233,0.0,5,0,6.72356,14.2583,21.8395,35.7667,106.883,99.8379,96.4733,93.7246,91.8633,90.0735,88.2776,86.4561,83.8592,80.8182,74.8672,61.4563,36.7865,22.9272,10.2943
2026-08-04T12:40:34+0200,538,0,10.35,132.956,142.799,115.38999938964844,-0.196151003241539,2.0802600383758545,7884.77,5,99.9229,0.0,0.198544,-0.0106037,0.0,STRAIGHT,88.97019958496094,0.03679005749936595,154.765,6,4.5,0.0,49.333977,-0.0522068,0.73637867,0.0,5,False,-0.052206799387931824,0.7363786697387695,0.0,5,0,6.7296,14.3298,22.0309,36.3233,105.474,98.5667,95.266,92.5684,90.7413,88.9702,87.1811,85.3668,82.7812,79.7549,73.8376,60.5366,36.4063,22.7915,10.2796
2026-08-04T12:40:34+0200,539,0,10.37,133.598,143.441,115.73300170898438,-0.10071799904108047,2.07915997505188,7906.56,5,99.9225,0.0,0.199413,-0.00784744,0.0,STRAIGHT,87.76609802246094,0.03844075858103288,154.66348,6,4.5,0.0,49.563564,-0.0518949,0.7272934,0.0,5,False,-0.0518948994576931,0.7272933721542358,0.0,5,0,6.74052,14.426,22.2817,37.0487,103.938,97.1855,93.9559,91.3154,89.5263,87.7661,85.9826,84.1744,81.5986,78.5847,72.6962,59.4859,35.9411,22.6206,10.2582
2026-08-04T12:40:34+0200,540,0,10.39,134.242,144.085,116.06900024414062,-0.004839660134166479,2.076590061187744,7929.32,5,99.9221,0.0,0.200066,-0.00480036,0.0,STRAIGHT,86.50399780273438,0.04038797263329477,154.55414,6,4.5,0.55,49.797028,-0.011567377,0.7190797,0.0,5,False,-0.011567376554012299,0.7190796732902527,0.0,5,0,6.75531,14.5397,22.5752,37.9018,102.342,95.7501,92.5951,90.0142,88.2595,86.504,84.7257,82.9234,80.3564,77.3545,71.4929,58.3657,35.4326,22.4294,10.2321
2026-08-04T12:40:34+0200,541,0,10.41,134.888,144.73,116.39800262451172,0.08187460154294968,2.077970027923584,7951.85,5,99.9217,0.0,0.200469,-0.00159536,0.0,GENTLE_LEFT,85.21109771728516,0.04256080124936424,118.10101,5,5.5,0.55,50.032146,0.016004678,0.025445087,0.0,5,False,0.01600467786192894,0.025445086881518364,0.0,5,0,6.77345,14.6669,22.9013,38.8585,100.724,94.2952,91.2154,88.6949,86.9617,85.2111,83.4381,81.6415,79.0836,76.0934,70.2588,57.2144,34.9057,22.2268,10.2026
2026-08-04T12:40:34+0200,542,0,10.43,135.536,145.378,116.72799682617188,0.24893899261951447,2.084089994430542,7972.0,5,99.9213,0.0,0.200684,0.000829577,0.0,EXIT,84.07740020751953,0.04426825506292359,108.948166,4,5.0,0.35,50.253536,0.021313975,0.0,0.011549989,5,False,0.021313974633812904,0.0,0.011549988761544228,5,0,6.78806,14.7664,23.1574,39.6205,99.33,93.0334,90.0151,87.5438,85.8209,84.0774,82.3121,80.524,77.9792,75.0058,69.21,56.2923,34.5151,22.0746,10.1797
2026-08-04T12:40:34+0200,543,0,10.45,136.185,146.027,116.76899719238281,0.3430840075016022,2.0906600952148438,7780.01,5,99.9213,0.0,0.200832,0.00163536,0.0,EXIT,83.27120208740234,0.044807249151159856,108.93081,4,5.0,0.35,50.291462,0.025201317,0.0,0.011581815,5,False,0.02520131692290306,0.0,0.011581814847886562,5,0,6.79228,14.7984,23.2416,39.8766,98.3628,92.1415,89.1587,86.7157,85.0033,83.2712,81.5181,79.743,77.2183,74.2709,68.5347,55.82,34.3896,22.0259,10.1728
2026-08-04T12:40:34+0200,544,0,10.47,136.833,146.675,116.61199951171875,0.31580600142478943,2.0911900997161865,7756.71,5,99.9213,0.0,0.200979,0.00120954,0.0,EXIT,82.71179962158203,0.0444325351984929,108.95079,4,5.0,0.35,50.20055,0.027489025,0.0,0.011504741,5,False,0.02748902514576912,0.0,0.01150474138557911,5,0,6.78813,14.7773,23.1904,39.7296,97.7116,91.5241,88.5579,86.1289,84.4298,82.7118,80.974,79.2153,76.7155,73.8,68.1371,55.671,34.4623,22.0558,10.1783
2026-08-04T12:40:34+0200,545,0,10.49,137.48,147.323,116.43499755859375,0.24063600599765778,2.090519905090332,7744.73,5,99.9213,0.0,0.201156,4.08888e-05,0.0,EXIT,82.29840087890625,0.043522982415765146,108.985306,4,5.0,0.35,50.08416,0.02832215,0.0,0.011406547,5,False,0.02832215093076229,0.0,0.011406547389924526,5,0,6.77869,14.7239,23.0578,39.3426,97.2484,91.0701,88.109,85.6849,84.0006,82.2984,80.5772,78.8365,76.3639,73.4833,67.8997,55.6976,34.6568,22.1339,10.1917
2026-08-04T12:40:34+0200,546,0,10.51,138.127,147.969,116.25900268554688,0.14568200707435608,2.098449945449829,7733.05,5,99.9213,0.0,0.201404,-0.00161447,0.0,GENTLE_LEFT,81.97740173339844,0.04228830256891104,118.11296,5,5.5,0.55,49.95958,0.041873127,0.02738253,0.0,5,False,0.04187312722206116,0.02738253027200699,0.0,5,0,6.7654,14.6489,22.8725,38.8071,96.9081,90.7225,87.7593,85.3342,83.6632,81.9774,80.2738,78.5516,76.1074,73.263,67.7608,55.8234,34.936,22.2454,10.2107
2026-08-04T12:40:34+0200,547,0,10.53,138.772,148.614,116.08499908447266,0.05167889967560768,2.1054298877716064,7721.83,5,99.9213,0.0,0.201756,-0.00355236,0.0,GENTLE_LEFT,81.7074966430664,0.04089131703178037,118.16197,5,5.5,0.55,49.832287,0.04949106,0.030449003,0.0,5,False,0.04949105903506279,0.030449002981185913,0.0,5,0,6.74939,14.561,22.6575,38.1952,96.6396,90.4372,87.4676,85.0378,83.3767,81.7075,80.0216,78.3183,75.9026,73.0943,67.6732,55.9923,35.2704,22.3786,10.2337
2026-08-04T12:40:34+0200,548,0,10.55,139.416,149.259,115.94200134277344,0.003779039951041341,2.11149001121521,7723.45,5,99.9213,0.0,0.202276,-0.00596972,0.0,STRAIGHT,81.52539825439453,0.039213078841997207,154.58865,6,4.5,0.0,49.714306,0.014964052,0.72351426,0.0,5,False,0.01496405154466629,0.7235142588615417,0.0,5,0,6.72886,14.4512,22.3925,37.4541,96.495,90.2592,87.2754,84.8351,83.1774,81.5254,79.8577,78.1736,75.7871,73.0157,67.6765,56.2482,35.699,22.5485,10.2631
2026-08-04T12:40:34+0200,549,0,10.57,140.06,149.902,115.81700134277344,-0.05844559893012047,2.116460084915161,7716.08,5,99.9213,0.0,0.203034,-0.00899388,0.0,STRAIGHT,81.4531021118164,0.03720155844996894,154.6654,6,4.5,0.0,49.597958,-0.009057097,0.74429697,0.0,5,False,-0.009057097136974335,0.7442969679832458,0.0,5,0,6.70247,14.3142,22.0664,36.5606,96.5101,90.2192,87.2116,84.7529,83.0874,81.4531,79.8041,78.14,75.7835,73.0496,67.7935,56.6144,36.2531,22.7667,10.3011
2026-08-04T12:40:34+0200,550,0,10.59,140.704,150.546,115.99700164794922,-0.22711899876594543,2.1212899684906006,7926.81,5,99.9209,0.0,0.203983,-0.0114903,0.0,STRAIGHT,81.27449798583984,0.0355896662863935,154.69437,6,4.5,0.0,49.651325,-0.025975794,0.74322355,0.0,5,False,-0.025975793600082397,0.7432235479354858,0.0,5,0,6.67813,14.1972,21.795,35.8389,96.3919,90.0636,87.0401,84.5694,82.8963,81.2745,79.643,77.9972,75.6683,72.9691,67.7889,56.8325,36.7331,22.9561,10.3356
2026-08-04T12:40:34+0200,551,0,10.61,141.349,151.191,116.33499908447266,-0.3260059952735901,2.127769947052002,7956.58,5,99.9205,0.0,0.205008,-0.0125393,0.0,STRAIGHT,80.8197021484375,0.03487523134920239,154.67467,6,4.5,0.0,49.812187,-0.037545774,0.72731674,0.0,5,False,-0.03754577413201332,0.7273167371749878,0.0,5,0,6.66271,14.1374,21.6658,35.5157,95.8946,89.5799,86.5637,84.0995,82.4309,80.8197,79.203,77.5729,75.2676,72.598,67.4826,56.7131,36.9577,23.0486,10.3555
2026-08-04T12:40:34+0200,552,0,10.63,141.997,151.839,116.68399810791016,-0.3347170054912567,2.1348700523376465,7974.24,5,99.92,0.0,0.20604,-0.0122013,0.0,STRAIGHT,80.1061019897461,0.034973293945954574,154.62535,6,4.5,0.0,50.002228,-0.044943243,0.7138328,0.0,5,False,-0.04494324326515198,0.7138327956199646,0.0,5,0,6.65626,14.1324,21.6701,35.5583,95.0347,88.7827,85.7962,83.3561,81.7037,80.1061,78.5021,76.8855,74.6005,71.9565,66.8973,56.2884,36.9268,23.0448,10.3608
2026-08-04T12:40:34+0200,553,0,10.65,142.646,152.488,117.0250015258789,-0.28133198618888855,2.141930103302002,7988.62,5,99.9195,0.0,0.20701,-0.0107638,0.0,STRAIGHT,79.1906967163086,0.03572840448254639,154.45667,6,4.5,0.0,50.287704,-0.049073454,0.70000577,0.0,5,False,-0.04907345399260521,0.7000057697296143,0.0,5,0,6.65747,14.1721,21.7827,35.8966,93.8942,87.7428,84.8032,82.4007,80.7737,79.1907,77.5979,75.9934,73.7267,71.1057,66.0972,55.6328,36.6926,22.9635,10.3539
2026-08-04T12:40:34+0200,554,0,10.67,143.297,153.139,117.35399627685547,-0.19404000043869019,2.150099992752075,8006.0,5,99.9192,0.0,0.207855,-0.00855711,0.0,STRAIGHT,78.13680267333984,0.036986205786571136,154.24318,6,4.5,0.0,50.605934,-0.050686352,0.6871488,0.0,5,False,-0.05068635195493698,0.6871488094329834,0.0,5,0,6.66479,14.2452,21.9761,36.4601,92.5679,86.5416,83.66,81.3042,79.7082,78.1368,76.5545,74.9613,72.7117,70.1125,65.152,54.8238,36.3203,22.8281,10.3378
2026-08-04T12:40:35+0200,555,0,10.69,143.95,153.792,117.6709976196289,-0.09643019735813141,2.1555299758911133,8024.52,5,99.9188,0.0,0.208528,-0.00586309,0.0,STRAIGHT,76.99710083007812,0.03861415688551945,154.00908,6,4.5,0.0,50.93708,-0.05040747,0.675298,0.0,5,False,-0.050407469272613525,0.6752979755401611,0.0,5,0,6.67683,14.3423,22.2279,37.1913,91.1347,85.2472,82.43,80.1258,78.5589,76.9971,75.4251,73.8429,71.6102,69.0324,64.1191,53.9248,35.8661,22.6586,10.3154
2026-08-04T12:40:35+0200,556,0,10.71,144.604,154.447,117.97899627685547,-0.0017619399586692452,2.1573801040649414,8044.11,5,99.9184,0.0,0.208986,-0.00287271,0.0,GENTLE_LEFT,75.80699920654297,0.04052262663979319,117.58258,5,5.5,0.55,51.276306,-0.010814145,0.0,0.0,5,False,-0.01081414520740509,0.0,0.0,5,0,6.69278,14.4573,22.5231,38.0539,89.6475,83.905,81.1549,78.9046,77.3591,75.807,74.2454,72.6745,70.4587,67.9025,63.0368,52.9771,35.3675,22.4683,10.2882
2026-08-04T12:40:35+0200,557,0,10.73,145.261,155.103,118.27799987792969,0.08824969828128815,2.1572399139404297,8063.55,5,99.918,0.0,0.209189,0.000261262,0.0,GENTLE_LEFT,74.59420013427734,0.04263611165756178,117.388306,5,5.5,0.55,51.618374,0.016791593,0.0,0.0,5,False,0.01679159328341484,0.0,0.0,5,0,6.712,14.5852,22.8496,39.017,88.1452,82.5487,79.8663,77.6699,76.1364,74.5942,73.0435,71.4838,69.2855,66.7515,61.9347,52.0123,34.8524,22.2676,10.2576
2026-08-04T12:40:35+0200,558,0,10.75,145.918,155.76,118.29499816894531,0.2489369958639145,2.1625099182128906,7874.54,5,99.918,0.0,0.209206,0.00263283,0.0,EXIT,73.52059936523438,0.04438038511880963,108.2221,4,5.0,0.35,51.787064,0.022154866,0.0,0.01285742,5,False,0.02215486578643322,0.0,0.01285742036998272,5,0,6.72784,14.6861,23.1073,39.9124,86.835,81.3581,78.7316,76.5748,75.0517,73.5206,71.9817,70.4348,68.2558,65.7459,60.9822,51.2066,34.4689,22.1158,10.2335
2026-08-04T12:40:35+0200,559,0,10.77,146.575,156.417,118.14900207519531,0.35530298948287964,2.1629300117492676,7862.66,5,99.918,0.0,0.20916,0.00347321,0.0,EXIT,72.7208023071289,0.045162346194602965,108.14541,4,5.0,0.35,51.81376,0.026119597,0.0,0.012879703,5,False,0.026119597256183624,0.0,0.01287970319390297,5,0,6.73392,14.7232,23.2016,40.4721,85.8785,80.4747,77.8827,75.7502,74.2391,72.7208,71.1954,69.6629,67.5054,65.0224,60.3169,50.6989,34.3336,22.0616,10.2246
2026-08-04T12:40:35+0200,560,0,10.79,147.231,157.073,117.9800033569336,0.33158600330352783,2.161129951477051,7846.5,5,99.918,0.0,0.20912,0.00303446,0.0,EXIT,72.14559936523438,0.0450213743300357,108.11246,4,5.0,0.35,51.778526,0.028463498,0.0,0.012848386,5,False,0.028463497757911682,0.0,0.012848385609686375,5,0,6.73129,14.705,23.1542,40.5747,85.2078,79.8396,77.2649,75.148,73.6501,72.1456,70.6347,69.1176,66.983,64.5287,59.8841,50.4279,34.4023,22.0887,10.2287
2026-08-04T12:40:35+0200,561,0,10.81,147.886,157.728,117.7959976196289,0.25184398889541626,2.160409927368164,7834.26,5,99.918,0.0,0.209116,0.00180495,0.0,GENTLE_LEFT,71.70580291748047,0.044266823957114884,117.11613,5,5.5,0.55,51.703964,0.043331347,0.0,0.0,5,False,0.04333134740591049,0.0,0.0,5,0,6.72301,14.6523,23.0191,40.3119,84.7104,79.3551,76.7875,74.6805,73.196,71.7058,70.21,68.7086,66.5974,64.172,59.5888,50.2928,34.5994,22.167,10.2412
2026-08-04T12:40:35+0200,562,0,10.83,148.54,158.382,117.61299896240234,0.14923399686813354,2.161979913711548,7822.12,5,99.918,0.0,0.209185,6.23614e-05,0.0,GENTLE_LEFT,71.3511962890625,0.043109100029128766,117.12859,5,5.5,0.55,51.61011,0.05194509,0.0,0.0,5,False,0.05194509029388428,0.0,0.0,5,0,6.7107,14.5768,22.8284,39.7862,84.3249,78.9679,76.4005,74.2976,72.8269,71.3512,69.8703,68.3847,66.297,63.9004,59.378,50.2377,34.8849,22.2804,10.2596
2026-08-04T12:40:35+0200,563,0,10.85,149.192,159.035,117.4530029296875,0.08331599831581116,2.165220022201538,7816.33,5,99.918,0.0,0.209397,-0.00231791,0.0,GENTLE_LEFT,71.10070037841797,0.04146051474727581,117.16107,5,5.5,0.55,51.50469,0.0560902,0.0,0.0,5,False,0.05609019845724106,0.0,0.0,5,0,6.693,14.4729,22.5695,38.9413,84.0798,78.7024,76.1268,74.0191,72.5621,71.1007,69.635,68.1652,66.1009,63.7328,59.2702,50.2808,35.2861,22.4395,10.2859
2026-08-04T12:40:35+0200,564,0,10.87,149.845,159.687,117.30599975585938,0.0012152299750596285,2.169029951095581,7806.64,5,99.918,0.0,0.209834,-0.0054583,0.0,STRAIGHT,70.9728012084961,0.039304328448574094,153.28238,6,4.5,0.0,51.38082,0.019081928,0.6621001,0.0,5,False,0.019081927835941315,0.662100076675415,0.0,5,0,6.66848,14.3352,22.2324,37.7906,84.0053,78.5846,75.9904,73.8686,72.4197,70.9728,69.5223,68.0682,66.0271,63.6873,59.2834,50.4388,35.8119,22.6559,10.3223
2026-08-04T12:40:35+0200,565,0,10.89,150.496,160.338,117.15899658203125,-0.10043100267648697,2.1721301078796387,7796.92,5,99.918,0.0,0.210555,-0.00917558,0.0,STRAIGHT,70.93450164794922,0.03689715028378067,153.37112,6,4.5,0.0,51.24304,-0.0068984404,0.68298286,0.0,5,False,-0.006898440420627594,0.682982861995697,0.0,5,0,6.63803,14.1719,21.8403,36.5122,84.0654,78.5829,75.9618,73.8193,72.367,70.9345,69.4989,68.0604,66.042,63.7298,59.3829,50.6765,36.3852,22.9215,10.3675
2026-08-04T12:40:35+0200,566,0,10.91,151.147,160.989,117.31400299072266,-0.2969540059566498,2.1797499656677246,7998.24,5,99.9176,0.0,0.211506,-0.012218,0.0,STRAIGHT,70.77799987792969,0.03507773725812945,153.39107,6,4.5,0.0,51.294315,-0.025365628,0.6846753,0.0,5,False,-0.02536562830209732,0.6846752762794495,0.0,5,0,6.61032,14.0345,21.5194,35.5795,83.9782,78.4533,75.8142,73.6579,72.1977,70.778,69.3567,67.9331,65.9366,63.6509,59.3585,50.7841,36.806,23.1504,10.4079
2026-08-04T12:40:35+0200,567,0,10.93,151.8,161.642,117.61399841308594,-0.40444299578666687,2.189810037612915,8024.02,5,99.9173,0.0,0.212571,-0.0135963,0.0,STRAIGHT,70.34390258789062,0.034349034866305986,153.32295,6,4.5,0.0,51.482033,-0.03811183,0.66831464,0.0,5,False,-0.03811182826757431,0.6683146357536316,0.0,5,0,6.59254,13.9618,21.3597,35.2485,83.5111,77.995,75.3611,73.2095,71.7528,70.3439,68.9362,67.5268,65.5512,63.2911,59.0516,50.6064,36.9347,23.2677,10.4318
2026-08-04T12:40:35+0200,568,0,10.95,152.454,162.296,117.92500305175781,-0.4072380065917969,2.2006900310516357,8040.44,5,99.9169,0.0,0.213668,-0.0134277,0.0,STRAIGHT,69.6572036743164,0.03460700791087455,153.18826,6,4.5,0.0,51.73029,-0.046365097,0.65351045,0.0,5,False,-0.04636509716510773,0.6535104513168335,0.0,5,0,6.58443,13.9489,21.3458,35.5124,82.6904,77.2311,74.6243,72.4947,71.0529,69.6572,68.2627,66.8672,64.9122,62.6772,58.4902,50.1742,36.8102,23.2769,10.4394
2026-08-04T12:40:35+0200,569,0,10.97,153.11,162.952,118.22799682617188,-0.342305988073349,2.2100300788879395,8052.55,5,99.9165,0.0,0.214727,-0.0120491,0.0,STRAIGHT,68.77739715576172,0.03581506203248679,152.99792,6,4.5,0.0,52.02205,-0.051089145,0.6400448,0.0,5,False,-0.05108914524316788,0.6400448083877563,0.0,5,0,6.5844,13.9837,21.4475,36.5188,81.6001,76.2342,73.671,71.5765,70.1583,68.7774,67.3961,66.0145,64.08,61.8704,57.7364,49.5516,36.4995,23.2001,10.4338
2026-08-04T12:40:35+0200,570,0,10.99,153.768,163.61,118.51899719238281,-0.24208100140094757,2.219399929046631,8066.17,5,99.9161,0.0,0.215674,-0.00982381,0.0,STRAIGHT,67.76570129394531,0.038789809648259864,152.73083,6,4.5,0.0,52.373535,-0.05308771,0.6267782,0.0,5,False,-0.053087711334228516,0.6267781853675842,0.0,5,0,6.5908,14.0543,21.6355,39.7259,80.3312,75.0826,72.5737,70.5231,69.1334,67.7657,66.3978,65.0302,63.1167,60.9329,56.8532,48.8028,36.067,23.0632,10.4182
2026-08-04T12:40:35+0200,571,0,11.01,154.427,164.269,118.7979965209961,-0.13339999318122864,2.2283198833465576,8081.82,5,99.9157,0.0,0.21645,-0.0070532,0.0,GENTLE_LEFT,66.6720962524414,0.06976093745202237,115.83409,5,5.5,0.55,53.549656,-0.015733488,0.0,0.06005877,5,False,-0.015733487904071808,0.0,0.06005876883864403,5,0,6.60224,14.1508,21.8863,91.8805,78.9587,73.8403,71.3921,69.3899,68.0268,66.6721,65.3179,63.9648,62.0729,59.9156,55.8915,47.9787,35.5623,22.8877,10.3955
2026-08-04T12:40:35+0200,572,0,11.03,155.088,164.93,119.06600189208984,-0.027125900611281395,2.232029914855957,8098.97,5,99.9154,0.0,0.217004,-0.00395261,0.0,GENTLE_LEFT,65.53160095214844,0.07047612025350206,115.684395,5,5.5,0.55,53.834984,0.0103768855,0.0,0.061286315,5,False,0.010376885533332825,0.0,0.0612863153219223,5,0,6.61783,14.2664,22.1837,90.0864,77.534,72.5522,70.1672,68.2159,66.873,65.5316,64.1918,62.8535,60.9837,58.8538,54.8869,47.1147,35.0192,22.6892,10.3677
2026-08-04T12:40:35+0200,573,0,11.05,155.749,165.592,118.96099853515625,0.15657399594783783,2.228480100631714,7897.24,5,99.9154,0.0,0.217385,-0.00143816,0.0,GENTLE_LEFT,64.48719787597656,0.07105854713844469,115.57822,5,5.5,0.55,53.904102,0.02887528,0.0,0.061489128,5,False,0.028875280171632767,0.0,0.061489127576351166,5,0,6.63118,14.3631,22.4333,88.4836,76.2464,71.3821,69.0517,67.1438,65.8147,64.4872,63.1616,61.8385,59.9912,57.8888,53.9792,46.3459,34.5579,22.5297,10.3447
2026-08-04T12:40:35+0200,574,0,11.07,156.409,166.251,118.63700103759766,0.28936201333999634,2.2153899669647217,7872.57,5,99.9154,0.0,0.217695,-0.000258446,0.0,GENTLE_LEFT,63.651798248291016,0.07124349500137157,115.51996,5,5.5,0.55,53.82109,0.041638575,0.0,0.060991634,5,False,0.0416385754942894,0.0,0.06099163368344307,5,0,6.63636,14.4065,22.5487,87.2642,75.2378,70.4538,68.1611,66.2818,64.9657,63.6518,62.3407,61.0325,59.2072,57.1315,53.2771,45.775,34.2651,22.4581,10.3352
2026-08-04T12:40:35+0200,575,0,11.09,157.067,166.91,118.31099700927734,0.3320310115814209,2.202199935913086,7850.18,5,99.9154,0.0,0.218027,-0.00057292,0.0,GENTLE_LEFT,63.044898986816406,0.07096620345822476,115.495094,5,5.5,0.55,53.700344,0.049757265,0.0,0.06034931,5,False,0.04975726455450058,0.0,0.06034931167960167,5,0,6.63146,14.3873,22.5058,86.453,74.5274,69.7842,67.5115,65.6488,64.3454,63.0449,61.7475,60.4537,58.6494,56.5991,52.7967,45.4148,34.1484,22.4848,10.3412
2026-08-04T12:40:35+0200,576,0,11.11,157.724,167.566,117.98600006103516,0.2879599928855896,2.1943199634552,7828.38,5,99.9154,0.0,0.218458,-0.00225475,0.0,GENTLE_LEFT,62.6416015625,0.07027909299923693,115.49916,5,5.5,0.55,53.548405,0.054012164,0.0,0.059589315,5,False,0.05401216447353363,0.0,0.059589315205812454,5,0,6.6167,14.3096,22.3174,86.0077,74.0841,69.3468,67.0778,65.2206,63.9295,62.6416,61.3574,60.0772,58.2928,56.2664,52.5117,45.2383,34.1818,22.6034,10.3624
2026-08-04T12:40:35+0200,577,0,11.13,158.378,168.22,117.66300201416016,0.18032699823379517,2.192199945449829,7807.39,5,99.9154,0.0,0.219051,-0.00503545,0.0,GENTLE_LEFT,62.39780044555664,0.06929738042906886,115.5245,5,5.5,0.55,53.374294,0.055070784,0.0,0.058747206,5,False,0.05507078394293785,0.0,0.05874720588326454,5,0,6.59346,14.1851,22.0157,85.8577,73.8557,69.0956,66.8174,64.9539,63.6737,62.3978,61.126,59.8586,58.0927,56.0884,52.3779,45.2022,34.3268,22.8,10.3965
2026-08-04T12:40:35+0200,578,0,11.15,159.031,168.873,117.33999633789062,0.04227609932422638,2.20032000541687,7786.2,5,99.9154,0.0,0.219864,-0.00856929,0.0,GENTLE_LEFT,62.259700775146484,0.06816465603018688,115.562065,5,5.5,0.55,53.187077,0.05357498,0.0,0.0,5,False,0.053574979305267334,0.0,0.0,5,0,6.56367,14.0288,21.6418,85.9168,73.7783,68.9751,66.6784,64.8007,63.524,62.2597,60.9996,59.7443,57.9959,56.0123,52.3426,45.2561,34.5398,23.0559,10.4407
2026-08-04T12:40:35+0200,579,0,11.17,159.682,169.524,117.02100372314453,-0.10139500349760056,2.20986008644104,7765.57,5,99.9154,0.0,0.220953,-0.012538,0.0,GENTLE_LEFT,62.17959976196289,0.06699906722125579,115.603615,5,5.5,0.55,52.99761,0.050132513,0.0,0.0,5,False,0.05013251304626465,0.0,0.0,5,0,6.52908,13.8539,21.2314,86.1061,73.7936,68.9343,66.6133,64.717,63.433,62.1796,60.9307,59.687,57.9552,55.9911,52.3599,45.3561,34.784,23.3535,10.4925
2026-08-04T12:40:35+0200,580,0,11.19,160.331,170.173,116.80999755859375,-0.2302580028772354,2.217859983444214,7773.65,5,99.9154,0.0,0.22235,-0.0166858,0.0,GENTLE_LEFT,62.11980056762695,0.06589036492304706,115.63469,5,5.5,0.55,52.868538,0.045280576,0.0,0.0,5,False,0.0452805757522583,0.0,0.0,5,0,6.49118,13.671,20.811,86.3602,73.8535,68.9314,66.5831,64.6659,63.3683,62.1198,60.8818,59.6492,57.9333,55.9881,52.3936,45.4683,35.0308,23.6777,10.5495
2026-08-04T12:40:35+0200,581,0,11.21,160.979,170.821,116.66200256347656,-0.34036898612976074,2.224410057067871,7763.97,5,99.9154,0.0,0.224082,-0.0207816,0.0,GENTLE_LEFT,62.047000885009766,0.0648986736404727,115.65405,5,5.5,0.55,52.78071,0.039513327,0.0,0.0,5,False,0.039513327181339264,0.0,0.0,5,0,6.45121,13.4885,20.4016,86.6152,73.9118,68.9265,66.5508,64.6125,63.3015,62.047,60.8197,59.5979,57.8977,55.9707,52.4122,45.5632,35.2558,24.0134,10.6094
2026-08-04T12:40:35+0200,582,0,11.23,161.627,171.469,116.51599884033203,-0.42075300216674805,2.2297298908233643,7754.44,5,99.9154,0.0,0.226154,-0.0246211,0.0,GENTLE_LEFT,61.936500549316406,0.0640561285664986,115.66344,5,5.5,0.55,52.704548,0.033283968,0.0,0.0,5,False,0.03328396752476692,0.0,0.0,5,0,6.41043,13.3136,20.0194,86.8119,73.9261,68.8829,66.4825,64.5253,63.202,61.9365,60.7163,59.5053,57.8205,55.9119,52.3889,45.6159,35.4383,24.3328,10.6702
2026-08-04T12:40:35+0200,583,0,11.25,162.273,172.116,116.37000274658203,-0.46588999032974243,2.2367000579833984,7744.91,5,99.9154,0.0,0.228565,-0.0280892,0.0,GENTLE_LEFT,61.77730178833008,0.06336706231963,115.66193,5,5.5,0.55,52.640137,0.026957853,0.0,0.0,5,False,0.026957852765917778,0.0,0.0,5,0,6.36947,13.1497,19.671,86.9129,73.8703,68.7787,66.3576,64.3849,63.0518,61.7773,60.5567,59.3565,57.6873,55.7969,52.3099,45.6135,35.568,24.6067,10.7303
2026-08-04T12:40:35+0200,584,0,11.27,162.919,172.762,116.22599792480469,-0.48785701394081116,2.238879919052124,7735.36,5,99.9154,0.0,0.231292,-0.0311097,0.0,GENTLE_LEFT,61.55730056762695,0.06281091371421575,115.64896,5,5.5,0.55,52.58891,0.02082048,0.0,0.0,5,False,0.020820479840040207,0.0,0.0,5,0,6.32891,12.9988,19.36,86.8908,73.7259,68.598,66.162,64.1781,62.838,61.5573,60.3322,59.1425,57.489,55.6173,52.1666,45.5484,35.6388,24.8307,10.7887
2026-08-04T12:40:35+0200,585,0,11.29,163.564,173.407,116.08200073242188,-0.4858430027961731,2.2351200580596924,7725.83,5,99.9154,0.0,0.23431,-0.0336582,0.0,GENTLE_LEFT,61.27159881591797,0.062354710396969104,115.62531,5,5.5,0.55,52.54909,0.0150743155,0.0,0.0,5,False,0.01507431548088789,0.0,0.0,5,0,6.28902,12.8614,19.0857,86.7337,73.4851,68.3345,65.8897,63.8995,62.5556,61.2716,60.0438,58.8615,57.224,55.3711,51.9577,45.4197,35.6503,25.0047,10.8446
2026-08-04T12:40:35+0200,586,0,11.31,164.208,174.051,115.94000244140625,-0.46818798780441284,2.224869966506958,7716.34,5,99.9154,0.0,0.237588,-0.0357547,0.0,GENTLE_LEFT,60.922401428222656,0.061973999529143745,115.591896,5,5.5,0.55,52.520573,0.009840615,0.0,0.0,5,False,0.009840615093708038,0.0,0.0,5,0,6.24986,12.7366,18.8448,86.4441,73.1503,67.9904,65.5429,63.5512,62.2067,60.9224,59.6946,58.5174,56.8963,55.0627,51.6873,45.2314,35.6067,25.132,10.8978
2026-08-04T12:40:35+0200,587,0,11.33,164.852,174.694,115.79900360107422,-0.4396739900112152,2.2128400802612305,7706.95,5,99.9154,0.0,0.241088,-0.0374117,0.0,GENTLE_LEFT,60.51089859008789,0.061649833732832386,115.54967,5,5.5,0.55,52.501846,0.0051932745,0.0,0.0,5,False,0.0051932744681835175,0.0,0.0,5,0,6.2116,12.6238,18.6349,86.0228,72.7228,67.5671,65.1228,63.1345,61.7925,60.5109,59.2858,58.1134,56.5088,54.6951,51.3586,44.9868,35.5111,25.2149,10.9481
2026-08-04T12:40:35+0200,588,0,11.35,165.494,175.337,115.65799713134766,-0.4007120132446289,2.202929973602295,7697.64,5,99.9154,0.0,0.244771,-0.0386555,0.0,GENTLE_LEFT,60.04059982299805,0.061367939904897625,115.49967,5,5.5,0.55,52.491283,0.0011670468,0.0,0.0,5,False,0.0011670468375086784,0.0,0.0,5,0,6.17433,12.5223,18.4534,85.4766,72.2076,67.0689,64.6338,62.6532,61.3168,60.0406,58.8209,57.6539,56.0665,54.2728,50.9762,44.6907,35.3678,25.2569,10.9954
2026-08-04T12:40:35+0200,589,0,11.37,166.136,175.978,115.51799774169922,-0.35679998993873596,2.1959099769592285,7688.38,5,99.9154,0.0,0.248602,-0.0395113,0.0,GENTLE_LEFT,59.515499114990234,0.061115769401946345,115.44278,5,5.5,0.55,52.488403,-0.0022285958,0.0,0.0,5,False,-0.002228595782071352,0.0,0.0,5,0,6.13815,12.4313,18.298,84.8132,71.6104,66.5009,64.0801,62.1117,60.7835,59.5155,58.3035,57.1443,55.5736,53.8007,50.5449,44.3477,35.1813,25.2612,11.0394
2026-08-04T12:40:35+0200,590,0,11.39,166.777,176.619,115.37899780273438,-0.30782100558280945,2.1962599754333496,7679.18,5,99.9154,0.0,0.252545,-0.0400126,0.0,GENTLE_LEFT,58.94060134887695,0.060888594621311264,115.37983,5,5.5,0.55,52.492306,-0.00500551,1.2043854e-05,0.0,5,False,-0.0050055100582540035,1.204385443998035e-05,0.0,5,0,6.10312,12.3502,18.17,84.0431,70.9387,65.8693,63.468,61.5155,60.1982,58.9406,57.7387,56.5891,55.0357,53.2839,50.0697,43.9628,34.956,25.2313,11.0803
2026-08-04T12:40:35+0200,591,0,11.41,167.417,177.259,115.23999786376953,-0.25628700852394104,2.2018299102783203,7669.99,5,99.9154,0.0,0.256569,-0.0402159,0.0,GENTLE_LEFT,58.324798583984375,0.06068613971811806,115.31191,5,5.5,0.55,52.50131,-0.007203741,0.001039243,0.0,5,False,-0.0072037409991025925,0.00103924295399338,0.0,5,0,6.06912,12.2773,18.0762,83.1848,70.2056,65.1856,62.8077,60.8744,59.5701,58.3248,57.1348,55.9966,54.461,52.7307,49.559,43.5438,34.6989,25.1725,11.1183
2026-08-04T12:40:35+0200,592,0,11.43,168.056,177.899,115.10099792480469,-0.20734000205993652,2.2070798873901367,7660.82,5,99.9154,0.0,0.260641,-0.0401616,0.0,GENTLE_LEFT,57.67430114746094,0.060506436982666625,115.23988,5,5.5,0.55,52.51451,-0.008871763,0.0020032532,0.0,5,False,-0.00887176301330328,0.0020032532047480345,0.0,5,0,6.03618,12.2118,18.0173,82.2519,69.4205,64.4574,62.1065,60.195,58.9055,57.6743,56.4978,55.3725,53.8551,52.1467,49.0183,43.0962,34.4148,25.0882,11.1537
2026-08-04T12:40:35+0200,593,0,11.45,168.695,178.537,114.96299743652344,-0.15978500247001648,2.2111001014709473,7651.96,5,99.9154,0.0,0.264738,-0.0398929,0.0,GENTLE_LEFT,56.99610137939453,0.06035029273827134,115.164444,5,5.5,0.55,52.5316,-0.01006604,0.0029009655,0.0,5,False,-0.010066039860248566,0.0029009655117988586,0.0,5,0,6.00422,12.1525,17.9936,81.2591,68.5938,63.6938,61.3726,59.4853,58.2119,56.9961,55.8343,54.7229,53.2245,51.5384,48.4537,42.6257,34.1087,24.9823,11.1867
2026-08-04T12:40:35+0200,594,0,11.47,169.333,179.175,114.82599639892578,-0.1162630021572113,2.2134199142456055,7643.14,5,99.9154,0.0,0.268835,-0.0394374,0.0,GENTLE_LEFT,56.294498443603516,0.06021841076103274,115.08613,5,5.5,0.55,52.552006,-0.010838412,0.003740936,0.0,5,False,-0.010838411748409271,0.003740936052054167,0.0,5,0,5.97328,12.0989,18.0074,80.2164,67.7321,62.9004,60.6113,58.7497,57.4937,56.2945,55.1484,54.0521,52.573,50.9096,47.8692,42.136,33.7838,24.8572,11.2174
2026-08-04T12:40:35+0200,595,0,11.49,169.97,179.812,114.68900299072266,-0.07235980033874512,2.2220799922943115,7634.48,5,99.9154,0.0,0.272908,-0.0388124,0.0,GENTLE_LEFT,55.5724983215332,0.06011489628799324,115.005356,5,5.5,0.55,52.57482,-0.011231383,0.0045443275,0.0,5,False,-0.011231383308768272,0.00454432750120759,0.0,5,0,5.94343,12.0509,18.0625,79.1301,66.8399,62.081,59.8259,57.9918,56.7542,55.5725,54.443,53.3625,51.9033,50.2626,47.2671,41.6296,33.4424,24.7148,11.2458
2026-08-04T12:40:35+0200,596,0,11.51,170.606,180.448,114.55400085449219,-0.03348660096526146,2.2295000553131104,7625.77,5,99.9154,0.0,0.276943,-0.0380716,0.0,GENTLE_LEFT,54.837799072265625,0.06004117852560893,114.92273,5,5.5,0.55,52.600307,-0.0113046905,0.0052916454,0.0,5,False,-0.01130469050258398,0.005291645415127277,0.0,5,0,5.91451,12.0069,18.1604,78.0172,65.929,61.2456,59.0256,57.22,56.0015,54.8378,53.7256,52.6615,51.2221,49.6045,46.6541,41.1124,33.0896,24.559,11.2724
2026-08-04T12:40:35+0200,597,0,11.53,171.242,181.084,114.41999816894531,0.0015228800475597382,2.2325398921966553,7617.09,5,99.9154,0.0,0.280925,-0.0372662,0.0,GENTLE_LEFT,54.09749984741211,0.0600004218679154,114.83899,5,5.5,0.55,52.627228,-0.011127359,0.0060079773,0.0,5,False,-0.011127359233796597,0.006007977295666933,0.0,5,0,5.88633,11.9656,18.3034,76.8927,65.0098,60.4031,58.2189,56.442,55.2428,54.0975,53.0027,51.9552,50.5358,48.9414,46.0361,40.5902,32.73,24.3931,11.2978
2026-08-04T12:40:35+0200,598,0,11.55,171.877,181.719,114.28600311279297,0.030000299215316772,2.2309200763702393,7608.2,5,99.9154,0.0,0.284845,-0.0364346,0.0,GENTLE_LEFT,53.3567008972168,0.05999657009174963,114.75462,5,5.5,0.55,52.654594,-0.010767042,0.0067109973,0.0,5,False,-0.010767041705548763,0.006710997316986322,0.0,5,0,5.85877,11.9261,18.4959,75.7675,64.09,59.5599,57.4115,55.6636,54.4836,53.3567,52.2793,51.2484,49.8489,48.2776,45.4175,40.0667,32.367,24.2196,11.3222
2026-08-04T12:40:35+0200,599,0,11.57,172.511,182.353,114.15299987792969,0.05197890102863312,2.2264599800109863,7599.63,5,99.9154,0.0,0.288697,-0.035593,0.0,GENTLE_LEFT,52.617401123046875,0.06003563252660928,114.66963,5,5.5,0.55,52.682873,-0.010277298,0.0073903697,0.0,5,False,-0.010277298279106617,0.007390369661152363,0.0,5,0,5.83177,11.8878,18.7463,74.6461,63.1727,58.7189,56.6061,54.8868,53.7261,52.6174,51.5574,50.543,49.1632,47.6151,44.8,39.5436,32.0018,24.0398,11.3459
2026-08-04T12:40:35+0200,600,0,11.59,173.144,182.986,114.02100372314453,0.06833860278129578,2.2207999229431152,7591.13,5,99.9154,0.0,0.292473,-0.0347488,0.0,GENTLE_LEFT,51.88050079345703,0.06012673568496801,114.5839,5,5.5,0.55,52.712196,-0.009696897,0.008044312,0.0,5,False,-0.009696897119283676,0.00804431177675724,0.0,5,0,5.80538,11.8515,19.0677,73.5304,62.2591,57.881,55.8035,54.1126,52.9711,51.8805,50.8378,49.8397,48.4796,46.9545,44.1842,39.0215,31.6351,23.8541,11.3688
2026-08-04T12:40:35+0200,601,0,11.61,173.777,183.619,113.88999938964844,0.08275920152664185,2.2152099609375,7582.43,5,99.9154,0.0,0.296172,-0.033929,0.0,GENTLE_LEFT,51.14929962158203,0.060286372191512255,114.49728,5,5.5,0.55,52.74269,-0.009067496,0.008670634,0.0,5,False,-0.009067496284842491,0.008670633658766747,0.0,5,0,5.77945,11.826,19.4757,72.427,61.3541,57.0502,55.0075,53.3448,52.222,51.1493,50.1235,49.1413,47.8008,46.2988,43.573,38.5027,31.2689,23.6643,11.3914
2026-08-04T12:40:35+0200,602,0,11.63,174.409,184.251,113.75900268554688,0.09036370366811752,2.210360050201416,7574.03,5,99.9154,0.0,0.29979,-0.0331386,0.0,GENTLE_LEFT,50.42399978637695,0.06053400528343661,114.40938,5,5.5,0.55,52.77433,-0.008418848,0.009278289,0.0,5,False,-0.008418847806751728,0.009278289042413235,0.0,5,0,5.75399,11.8144,19.9986,71.3366,60.458,56.2271,54.2185,52.5834,51.479,50.424,49.4149,48.4482,47.1273,45.6481,42.9665,37.9876,30.9033,23.4705,11.4135
2026-08-04T12:40:35+0200,603,0,11.65,175.04,184.882,113.62899780273438,0.09661959856748581,2.2144200801849365,7565.69,5,99.9154,0.0,0.303328,-0.0323848,0.0,GENTLE_LEFT,49.7052001953125,0.06090086369161889,114.31931,5,5.5,0.55,52.80848,-0.007774853,0.009839867,0.0,5,False,-0.0077748531475663185,0.009839867241680622,0.0,5,0,5.72896,11.8177,20.6844,70.2605,59.5718,55.4125,53.4374,51.8292,50.743,49.7052,48.7126,47.7611,46.4596,45.0032,42.3654,37.4767,30.5389,23.2733,11.4354
2026-08-04T12:40:35+0200,604,0,11.67,175.67,185.513,113.5,0.10039100050926208,2.2188799381256104,7557.13,5,99.9154,0.0,0.306791,-0.0316886,0.0,GENTLE_LEFT,48.995399475097656,0.0614450942852005,114.22571,5,5.5,0.55,52.846603,-0.0071642553,0.010335467,0.0,5,False,-0.007164255250245333,0.01033546682447195,0.0,5,0,5.70421,11.8358,21.6249,69.2035,58.6991,54.6092,52.6667,51.0849,50.0164,48.9954,48.0187,47.0821,45.8,44.366,41.7716,36.9716,30.1769,23.0738,11.4572
2026-08-04T12:40:36+0200,605,0,11.69,176.3,186.142,113.37100219726562,0.09872610121965408,2.222130060195923,7548.86,5,99.9154,0.0,0.310181,-0.0310369,0.0,MEDIUM_LEFT,48.292701721191406,0.06232975464141262,80.7647,4,7.0,0.55,52.89295,-0.011784409,0.0,0.38411415,4,False,-0.011784409172832966,0.0,0.384114146232605,4,0,5.67979,11.8704,23.0849,68.1618,57.8369,53.815,51.9044,50.3484,49.2972,48.2927,47.3318,46.4095,45.1467,43.7351,41.1836,36.471,29.8165,22.8715,11.4754
2026-08-04T12:40:36+0200,606,0,11.71,176.929,186.771,113.24299621582031,0.09787890315055847,2.22406005859375,7540.37,5,99.9154,0.0,0.313497,-0.0304305,0.0,MEDIUM_LEFT,47.5968017578125,0.09967982883451579,80.039635,4,7.0,0.55,53.90421,-0.014539443,0.0,0.39226422,5,False,-0.014539442956447601,0.0,0.3922642171382904,5,0,5.65571,11.9229,96.2776,67.1347,56.985,53.0296,51.1501,49.6194,48.5853,47.5968,46.6513,45.7433,44.4995,43.1101,40.601,35.9746,29.4574,22.6664,11.4872
2026-08-04T12:40:36+0200,607,0,11.73,177.556,187.398,112.48899841308594,0.08853399753570557,2.2220098972320557,8302.66,4,99.9153,0.0,0.316734,-0.0297747,0.0028651748,MEDIUM_LEFT,46.89870071411133,0.09944439932860531,80.02544,4,7.0,0.55,53.56613,-0.015983565,0.0,0.38723147,4,False,-0.015983564779162407,0.0,0.3872314691543579,4,0,5.63252,11.998,94.6983,66.1022,56.1295,52.2411,50.3932,48.8878,47.8708,46.8987,45.9688,45.075,43.8503,42.483,40.0163,35.4757,29.094,22.4548,11.4916
2026-08-04T12:40:36+0200,608,0,11.75,178.178,188.02,111.33599853515625,0.08928699791431427,2.210750102996826,8286.91,4,99.9152,0.0,0.319858,-0.0290578,0.018469522,MEDIUM_LEFT,46.200599670410156,0.09922181230134433,80.0342,4,7.0,0.55,53.004353,-0.016486268,0.0,0.3791555,4,False,-0.016486268490552902,0.0,0.3791554868221283,4,0,5.61056,12.098,93.1099,65.0673,55.2729,51.4521,49.6359,48.1562,47.1564,46.2006,45.2863,44.4068,43.2011,41.856,39.4312,34.9756,28.7276,22.2373,11.4886
2026-08-04T12:40:36+0200,609,0,11.77,178.792,188.634,110.10900115966797,0.09634929895401001,2.1877100467681885,7960.38,4,99.9152,0.0,0.322891,-0.0282736,0.017404849,MEDIUM_LEFT,45.50400161743164,0.09901084776152859,80.04749,4,7.0,0.55,52.40112,-0.016313007,0.0,0.37051508,4,False,-0.016313007101416588,0.0,0.3705150783061981,4,0,5.58968,12.2245,91.5146,64.0313,54.4169,50.664,48.8797,47.4258,46.4432,45.504,44.6054,43.7399,42.5532,41.2301,38.8472,34.4756,28.3592,22.0149,11.4786
2026-08-04T12:40:36+0200,610,0,11.79,179.4,189.242,108.83499908447266,0.10948300361633301,2.163219928741455,7857.99,4,99.9152,0.0,0.32581,-0.0274013,0.010631488,MEDIUM_LEFT,44.80649948120117,0.09881215148917206,80.06371,4,7.0,0.55,51.7718,-0.0156207,0.0,0.36151794,4,False,-0.015620700083673,0.0,0.36151793599128723,4,0,5.57017,12.3811,89.9041,62.99,53.5581,49.874,48.122,46.6942,45.7291,44.8065,43.9238,43.0722,41.9045,40.6034,38.2622,33.9739,27.9875,21.7869,11.4616
2026-08-04T12:40:36+0200,611,0,11.81,180.0,189.842,107.57099914550781,0.1253719925880432,2.1419100761413574,7766.86,4,99.9152,0.0,0.328619,-0.0264397,0.0034732895,MEDIUM_LEFT,44.1088981628418,0.09862750328785758,80.079605,4,7.0,0.55,51.148224,-0.014515555,0.0,0.35259783,4,False,-0.014515555463731289,0.0,0.35259783267974854,4,0,5.55202,12.5707,88.2806,61.9448,52.6974,49.083,47.3635,45.962,45.0146,44.1089,43.242,42.4044,41.2556,39.9764,37.6767,33.4712,27.6131,21.5537,11.4381
2026-08-04T12:40:36+0200,612,0,11.83,180.594,190.436,106.33999633789062,0.14105400443077087,2.124690055847168,7683.23,4,99.9152,0.0,0.331317,-0.0254062,0.0,MEDIUM_LEFT,43.412899017333984,0.0984614604626736,80.09392,4,7.0,0.55,50.543053,-0.013081986,0.0,0.34392825,4,False,-0.013081986457109451,0.0,0.3439282476902008,4,0,5.53662,12.7959,86.6536,60.8998,51.8379,48.2934,46.6066,45.2315,44.3019,43.4129,42.5621,41.7383,40.6083,39.3509,37.0925,32.9691,27.2373,21.3166,11.4085
2026-08-04T12:40:36+0200,613,0,11.85,181.181,191.023,105.14800262451172,0.15640099346637726,2.1104800701141357,7604.85,4,99.9152,0.0,0.33389,-0.0243442,0.0,MEDIUM_LEFT,42.72269821166992,0.09832398179036575,80.10645,4,7.0,0.55,49.959305,-0.011408061,0.0,0.33555225,4,False,-0.011408060789108276,0.0,0.33555224537849426,4,0,5.52802,13.0592,85.0419,59.8638,50.9857,47.5103,45.856,44.5071,43.595,42.7227,41.8879,41.0774,39.9662,38.7305,36.5129,32.4704,26.8625,21.0773,11.3734
2026-08-04T12:40:36+0200,614,0,11.87,181.761,191.604,103.99299621582031,0.16937799751758575,2.0984199047088623,7529.44,4,99.9152,0.0,0.336345,-0.0233225,0.0,MEDIUM_LEFT,42.045101165771484,0.09822582132222224,80.11755,4,7.0,0.55,49.39547,-0.009604882,0.0,0.32745117,4,False,-0.009604882448911667,0.0,0.3274511694908142,4,0,5.52603,13.3614,83.4733,58.8503,50.1503,46.7422,45.1195,43.7959,42.901,42.0451,41.2255,40.4281,39.3354,38.1209,35.9434,31.9799,26.4925,20.8386,11.334
2026-08-04T12:40:36+0200,615,0,11.89,182.336,192.178,102.87000274658203,0.17598199844360352,2.0861799716949463,7454.98,4,99.9152,0.0,0.338692,-0.0223959,0.0,MEDIUM_LEFT,41.38460159301758,0.09817373774272889,80.12762,4,7.0,0.55,48.848553,-0.0077875834,0.0,0.31958535,4,False,-0.0077875833958387375,0.0,0.3195853531360626,4,0,5.53017,13.7041,81.9681,57.8694,49.3391,45.9953,44.4027,43.1036,42.2251,41.3846,40.5797,39.7951,38.7205,37.5268,35.3884,31.5015,26.1306,20.6029,11.2909
2026-08-04T12:40:36+0200,616,0,11.91,182.904,192.746,101.7490005493164,0.1716340035200119,2.113759994506836,7381.29,4,99.9152,0.0,0.34094,-0.0215647,0.0,MEDIUM_LEFT,40.74140167236328,0.09816963392501439,80.1383,4,7.0,0.55,48.302067,-0.0060291393,0.0,0.31172863,4,False,-0.006029139272868633,0.0,0.3117286264896393,4,0,5.54033,14.0926,80.5238,56.9199,48.5514,45.269,43.7052,42.4296,41.5667,40.7414,39.9502,39.1782,38.1212,36.9478,34.8473,31.0349,25.7763,20.3701,11.2446
2026-08-04T12:40:36+0200,617,0,11.93,183.465,193.308,100.677001953125,0.16496099531650543,2.141010046005249,7308.15,4,99.9152,0.0,0.343084,-0.0208267,0.0,MEDIUM_LEFT,40.11389923095703,0.09821839017093341,80.146736,4,7.0,0.55,47.782097,-0.004378926,0.0,0.3042375,4,False,-0.004378926008939743,0.0,0.3042375147342682,4,0,5.55652,14.5345,79.1359,56.0,47.7856,44.5619,43.0259,41.7726,40.9249,40.1139,39.336,38.5762,37.5365,36.3828,34.3193,30.5792,25.4292,20.1399,11.1951
2026-08-04T12:40:36+0200,618,0,11.95,184.022,193.864,99.63809967041016,0.15656399726867676,2.158829927444458,7237.98,4,99.9152,0.0,0.345132,-0.0198431,0.0,MEDIUM_LEFT,39.503700256347656,0.09837015045842111,80.153,4,7.0,0.55,47.280872,-0.0026039223,0.0,0.29700068,4,False,-0.0026039222721010447,0.0,0.2970006763935089,4,0,5.57848,15.0378,77.8107,55.1125,47.0439,43.8761,42.3663,41.1344,40.301,39.5037,38.7385,37.9906,36.9677,35.8332,33.8057,30.1355,25.09,19.9132,11.1428
2026-08-04T12:40:36+0200,619,0,11.97,184.586,194.428,98.62850189208984,0.1457110047340393,2.163490056991577,7169.29,4,99.9152,0.0,0.346773,-0.0128378,0.0,MEDIUM_LEFT,38.91210174560547,0.09932535060083451,80.1465,4,7.0,0.55,46.810154,0.0039763134,0.0,0.2901084,4,False,0.0039763133972883224,0.0,0.29010841250419617,4,0,5.60587,15.6129,76.5522,54.2597,46.3278,43.2128,41.7278,40.5161,39.6963,38.9121,38.159,37.4227,36.4161,35.3002,33.3075,29.7046,24.7596,19.6904,11.0881
2026-08-04T12:40:36+0200,620,0,11.99,185.144,194.987,97.64430236816406,0.13067300617694855,2.1528100967407227,7101.26,4,99.9152,0.0,0.347759,-0.00601742,0.0,MEDIUM_LEFT,38.33700180053711,0.10034843893647794,80.14153,4,7.0,0.55,46.34938,0.0135838725,0.0,0.2833733,4,False,0.013583872467279434,0.0,0.28337329626083374,4,0,5.63866,16.2788,75.3519,53.4375,45.6347,42.5695,41.1083,39.9158,39.109,38.337,37.5955,36.8705,35.8797,34.782,32.8229,29.2852,24.4368,19.4711,11.0312
2026-08-04T12:40:36+0200,621,0,12.01,185.697,195.539,96.67250061035156,0.1262349933385849,2.161060094833374,7045.17,4,99.9152,0.0,0.348127,0.000529587,0.0,MEDIUM_LEFT,37.785701751708984,0.10145495770367073,80.138824,4,7.0,0.55,45.89149,0.024993232,0.0,0.27669814,4,False,0.024993231520056725,0.0,0.27669814229011536,4,0,5.67608,17.0515,74.2396,52.6606,44.975,41.9554,40.5159,39.3411,38.5463,37.7857,37.0552,36.341,35.3654,34.2849,32.358,28.8824,24.1259,19.2581,10.9729
2026-08-04T12:40:36+0200,622,0,12.03,186.245,196.087,95.72100067138672,0.12619200348854065,2.2021100521087646,6981.0,4,99.9152,0.0,0.347923,0.00662094,0.0,MEDIUM_LEFT,37.27320098876953,0.10267021827139787,80.13826,4,7.0,0.55,45.440514,0.037262097,0.0,0.27013955,4,False,0.037262097001075745,0.0,0.27013954520225525,4,0,5.71656,17.9392,73.2757,51.959,44.3702,41.3892,39.9682,38.8085,38.0239,37.2732,36.5524,35.8483,34.8867,33.8223,31.9253,28.507,23.8351,19.0576,10.9153
2026-08-04T12:40:36+0200,623,0,12.05,186.786,196.629,94.77110290527344,0.13008800148963928,2.280139923095703,6911.57,4,99.9152,0.0,0.347218,0.0120984,0.0,MEDIUM_LEFT,36.8119010925293,0.1040172807755549,80.14093,4,7.0,0.55,44.98628,0.04965139,0.0,0.2635573,4,False,0.04965139180421829,0.0,0.2635573148727417,4,0,5.75839,18.9557,72.5114,51.3579,43.8386,40.8865,39.4796,38.3315,37.5549,36.8119,36.0992,35.4042,34.4552,33.4052,31.5349,28.168,23.5715,18.8743,10.8603
2026-08-04T12:40:36+0200,624,0,12.07,187.323,197.165,93.86869812011719,0.1276780068874359,2.327399969100952,6843.85,4,99.9152,0.0,0.346068,0.0168391,0.0,MEDIUM_LEFT,36.41109848022461,0.10552939605108248,80.14397,4,7.0,0.55,44.554203,0.061576802,0.0,0.2572994,4,False,0.06157680228352547,0.0,0.25729939341545105,4,0,5.80012,20.1307,71.9866,50.8764,43.3936,40.459,39.0609,37.9204,37.149,36.4111,35.7043,35.017,34.079,33.0415,31.1941,27.8714,23.34,18.7119,10.809
2026-08-04T12:40:36+0200,625,0,12.09,187.854,197.697,92.99019622802734,0.11548800021409988,2.346100091934204,6779.24,4,99.9152,0.0,0.344541,0.0207907,0.0,MEDIUM_LEFT,36.07469940185547,0.10726913102875595,80.14747,4,7.0,0.55,44.132984,0.07261491,0.0,0.25120202,4,False,0.07261490821838379,0.0,0.2512020170688629,4,0,5.84059,21.5583,71.7219,50.5232,43.0414,40.1116,38.7168,37.5794,36.8102,36.0747,35.3707,34.6899,33.7609,32.7337,30.9056,27.6196,23.1423,18.5717,10.7624
2026-08-04T12:40:36+0200,626,0,12.11,188.381,198.223,92.13189697265625,0.09080149978399277,2.344170093536377,6717.82,4,99.9152,0.0,0.342705,0.0239591,0.0,MEDIUM_LEFT,35.802398681640625,0.10948862950271447,80.14652,4,7.0,0.55,43.726765,0.082490385,0.0,0.24529088,4,False,0.08249038457870483,0.0,0.2452908754348755,4,0,5.87905,23.7274,71.7224,50.2988,42.7816,39.8442,38.4469,37.3081,36.5384,35.8024,35.0982,34.4213,33.4996,32.4807,30.668,27.4115,22.9776,18.4536,10.7206
2026-08-04T12:40:36+0200,627,0,12.13,188.902,198.745,91.29340362548828,0.05621790140867233,2.3256900310516357,6658.28,4,99.9152,0.0,0.340617,0.0264039,0.0,HAIRPIN_LEFT,35.59000015258789,0.16986932395531978,41.303375,2,9.0,0.55,44.497826,0.096949734,0.0,0.84228736,3,False,0.0969497337937355,0.0,0.8422873616218567,3,0,5.91518,189.223,71.9802,50.1962,42.6087,39.6516,38.2466,37.1021,36.3289,35.59,34.8831,34.2062,33.2901,32.2776,30.4767,27.2431,22.843,18.3555,10.6833
2026-08-04T12:40:36+0200,628,0,12.15,189.419,199.261,90.46320343017578,0.02310759946703911,2.3305699825286865,6610.82,4,99.9152,0.0,0.338331,0.0282384,0.0,HAIRPIN_LEFT,35.429298400878906,0.17332354471750255,41.297134,2,9.0,0.55,44.107292,0.108455844,0.0,0.8329389,4,False,0.1084558442234993,0.0,0.8329389095306396,4,0,5.94914,197.532,72.472,50.2009,42.5115,39.5241,38.1064,36.9526,36.1735,35.4293,34.7177,34.0366,33.1239,32.1161,30.3242,27.1079,22.7335,18.2741,10.65
2026-08-04T12:40:36+0200,629,0,12.17,189.93,199.772,89.12699890136719,-0.0929884985089302,2.3667500019073486,7978.29,3,99.9152,0.0,0.33588,0.0298474,0.18778999,HAIRPIN_LEFT,35.289398193359375,0.17526401565395805,41.32026,2,9.0,0.55,43.404263,0.1178851,0.0,0.81706023,3,False,0.11788509786128998,0.0,0.8170602321624756,3,0,5.98319,200.0,73.0669,50.2486,42.4443,39.4223,37.9903,36.8257,36.0398,35.2894,34.5721,33.886,32.9724,31.9689,30.1848,26.9837,22.6322,18.1981,10.6174
2026-08-04T12:40:36+0200,630,0,12.19,190.431,200.273,87.46820068359375,-0.27079200744628906,2.395819902420044,7964.79,3,99.9152,0.0,0.333171,0.0318896,0.49518886,HAIRPIN_LEFT,35.11309814453125,0.176595321110759,41.357765,2,9.0,0.55,42.51444,0.1264602,0.0,0.79714787,3,False,0.12646019458770752,0.0,0.7971478700637817,3,0,6.02294,200.0,73.5018,50.2179,42.322,39.2737,37.8311,36.6586,35.8678,35.1131,34.392,33.7024,32.7863,31.7882,30.0141,26.8322,22.5094,18.1064,10.5793
2026-08-04T12:40:36+0200,631,0,12.21,190.923,200.765,85.78790283203125,-0.43720701336860657,2.388540029525757,6897.09,3,99.9152,0.0,0.330166,0.0343725,0.9893909,HAIRPIN_LEFT,34.89820098876953,0.17793865369896386,41.39528,2,9.0,0.55,41.617252,0.13495709,0.0,0.7770135,3,False,0.13495709002017975,0.0,0.7770134806632996,3,0,6.06888,200.0,73.756,50.1021,42.1407,39.0753,37.6259,36.4488,35.6553,34.8982,34.1751,33.4839,32.566,31.5735,29.8114,26.6529,22.3645,17.999,10.5353
2026-08-04T12:40:36+0200,632,0,12.23,191.405,201.247,84.10459899902344,-0.5864440202713013,2.359060049057007,6526.14,3,99.9152,0.0,0.326861,0.0372121,1.0,HAIRPIN_LEFT,34.65129852294922,0.1792812676635657,41.432613,2,9.0,0.55,40.722153,0.14379537,0.0,0.7568735,3,False,0.14379537105560303,0.0,0.7568734884262085,3,0,6.12063,200.0,73.8504,49.9135,41.9096,38.8348,37.3824,36.2035,35.409,34.6513,33.9278,33.2365,32.3186,31.3311,29.5828,26.4507,22.2016,17.8785,10.4863
2026-08-04T12:40:36+0200,633,0,12.25,191.877,201.72,82.42259979248047,-0.7140200138092041,2.317620038986206,6180.91,3,99.9152,0.0,0.323256,0.0403597,1.0,HAIRPIN_LEFT,34.3760986328125,0.18061676494031084,41.46982,2,9.0,0.55,39.831093,0.15319957,0.0,0.73677576,3,False,0.15319956839084625,0.0,0.7367757558822632,3,0,6.17797,200.0,73.7956,49.6588,41.6339,38.557,37.1048,35.9266,35.1329,34.3761,33.6537,32.9635,32.0475,31.0648,29.3318,26.2292,22.0233,17.7465,10.4327
2026-08-04T12:40:36+0200,634,0,12.27,192.34,202.182,80.74030303955078,-0.8169400095939636,2.269890069961548,5872.96,3,99.9152,0.0,0.319359,0.0438032,0.0,HAIRPIN_LEFT,34.07350158691406,0.1819389032274883,41.507008,2,9.0,0.55,38.94305,0.16330408,0.0,0.71669936,3,False,0.16330407559871674,0.0,0.7166993618011475,3,0,6.24089,200.0,73.5904,49.3392,41.3147,38.243,36.7942,35.6192,34.8279,34.0735,33.3536,32.666,31.7536,30.7763,29.06,25.9893,21.8304,17.604,10.3748
2026-08-04T12:40:36+0200,635,0,12.29,192.793,202.635,79.06189727783203,-0.8905329704284668,2.219860076904297,5607.12,3,99.9152,0.0,0.315189,0.0475334,0.0,HAIRPIN_LEFT,33.74480056762695,0.18324248569743878,41.544106,2,9.0,0.55,38.06019,0.174186,0.0,0.6966936,3,False,0.17418600618839264,0.0,0.6966935992240906,3,0,6.30931,200.0,73.2345,48.9563,40.9533,37.894,36.4518,35.2825,34.4952,33.7448,33.0289,32.345,31.4379,30.4668,28.7687,25.7325,21.624,17.4516,10.3129
2026-08-04T12:40:36+0200,636,0,12.31,193.235,203.078,77.35350036621094,-0.9323549866676331,2.1984798908233643,5439.03,3,99.9152,0.0,0.310764,0.0514955,0.0,HAIRPIN_LEFT,33.39500045776367,0.18452568445097417,41.58225,2,9.0,0.55,37.164013,0.18584462,0.0,0.6763464,2,False,0.18584461510181427,0.0,0.6763464212417603,2,0,6.38286,200.0,72.7492,48.5203,40.5575,37.5165,36.0836,34.922,34.1401,33.395,32.6841,32.0053,31.1048,30.1411,28.462,25.4624,21.4071,17.2914,10.2477
2026-08-04T12:40:36+0200,637,0,12.33,193.668,203.511,75.64299774169922,-0.9451190233230591,2.183759927749634,5318.44,3,99.9152,0.0,0.3061,0.0556799,0.0,HAIRPIN_LEFT,33.02539825439453,0.18578587997374463,41.620636,2,9.0,0.55,36.269615,0.1982661,0.0,0.655995,3,False,0.19826610386371613,0.0,0.6559950113296509,3,0,6.46146,200.0,72.1384,48.0339,40.1289,37.1121,35.6911,34.5393,33.7641,33.0254,32.3208,31.6479,30.7555,29.8006,28.1415,25.1802,21.1807,17.1242,10.1794
2026-08-04T12:40:36+0200,638,0,12.35,194.091,203.934,73.96269989013672,-0.9356840252876282,2.1569700241088867,6689.45,2,99.9152,0.0,0.301228,0.0600486,0.0,HAIRPIN_LEFT,32.640098571777344,0.1870230231158216,41.658367,2,9.0,0.55,35.39417,0.2113971,0.0,0.6360274,2,False,0.21139709651470184,0.0,0.6360273957252502,2,0,6.5447,200.0,71.4199,47.5055,39.6734,36.6859,35.2789,34.1387,33.3713,32.6401,31.9426,31.2767,30.3935,29.4485,27.81,24.8887,20.9468,16.9515,10.1086
2026-08-04T12:40:36+0200,639,0,12.37,194.505,204.347,72.3124008178711,-0.9086740016937256,2.1182401180267334,6683.53,2,99.9152,0.0,0.296164,0.0645613,0.0,HAIRPIN_LEFT,32.24300003051758,0.1882384352643843,41.695526,2,9.0,0.55,34.537262,0.22516161,0.0,0.6164379,2,False,0.225161612033844,0.0,0.6164379119873047,2,0,6.63222,200.0,70.6131,46.9437,39.1972,36.2431,34.8519,33.7246,32.9659,32.243,31.5535,30.8952,30.0221,29.088,27.4709,24.5905,20.7079,16.7748,10.0359
2026-08-04T12:40:36+0200,640,0,12.39,194.908,204.751,70.68599700927734,-0.8678960204124451,2.0713999271392822,6265.55,2,99.9152,0.0,0.290924,0.0691814,0.0,HAIRPIN_LEFT,31.83769989013672,0.18943275059704165,41.732353,2,9.0,0.55,33.69539,0.23947358,0.0,0.5971508,2,False,0.23947358131408691,0.0,0.5971508026123047,2,0,6.72375,200.0,69.7366,46.3564,38.7056,35.7881,34.4142,33.3008,32.5516,31.8377,31.1568,30.5066,29.6444,28.722,27.1268,24.2882,20.4654,16.5955,9.96167
2026-08-04T12:40:36+0200,641,0,12.41,195.303,205.145,69.07879638671875,-0.8169860243797302,2.019320011138916,6131.55,2,99.9152,0.0,0.285533,0.0738724,0.0,HAIRPIN_LEFT,31.427799224853516,0.19060835170657953,41.769028,2,9.0,0.55,32.86591,0.25423953,0.0,0.57810843,2,False,0.2542395293712616,0.0,0.5781084299087524,2,0,6.81883,200.0,68.8084,45.7518,38.2041,35.3256,33.97,32.8715,32.1322,31.4278,30.7559,30.1143,29.2635,28.3532,26.7803,23.9838,20.2215,16.4148,9.88641
2026-08-04T12:40:36+0200,642,0,12.43,195.688,205.53,67.48690032958984,-0.7585669755935669,1.9646300077438354,6028.88,2,99.9152,0.0,0.280003,0.0786033,0.0,HAIRPIN_LEFT,31.01609992980957,0.19176638422164605,41.805717,2,9.0,0.55,32.04663,0.2693677,0.0,0.55926234,2,False,0.26936769485473633,0.0,0.5592623353004456,2,0,6.91719,200.0,67.8441,45.1361,37.6972,34.8594,33.5229,32.4397,31.7107,31.0161,30.3535,29.7209,28.8818,27.9841,26.4335,23.6794,19.9774,16.2339,9.81049
2026-08-04T12:40:36+0200,643,0,12.45,196.064,205.906,65.90809631347656,-0.6947749853134155,1.909000039100647,5956.72,2,99.9152,0.0,0.274345,0.0833492,0.0,HAIRPIN_LEFT,30.604999542236328,0.19290767047258825,41.84252,2,9.0,0.55,31.23628,0.28477356,0.0,0.5405851,2,False,0.2847735583782196,0.0,0.5405851006507874,2,0,7.01859,200.0,66.856,44.5147,37.1882,34.3924,33.0753,32.008,31.2896,30.605,29.9519,29.3284,28.5013,27.6163,26.0883,23.3763,19.7343,16.0534,9.73415
2026-08-04T12:40:36+0200,644,0,12.47,196.43,206.272,64.34040069580078,-0.6273369789123535,1.8542100191116333,5913.12,2,99.9152,0.0,0.268584,0.0880866,0.0,HAIRPIN_LEFT,30.19659996032715,0.1940342597106918,41.87949,2,9.0,0.55,30.43383,0.30037725,0.0,0.522053,2,False,0.3003772497177124,0.0,0.5220530033111572,2,0,7.12265,200.0,65.8555,43.8925,36.6808,33.9274,32.6302,31.5788,30.871,30.1966,29.5531,28.9387,28.1238,27.2516,25.7461,23.076,19.4933,15.8742,9.65776
2026-08-04T12:40:36+0200,645,0,12.49,196.788,206.63,62.78020095825195,-0.557856023311615,1.8038400411605835,5898.67,2,99.9152,0.0,0.262733,0.0927913,0.0,HAIRPIN_LEFT,29.79290008544922,0.19514538468028794,41.916767,2,9.0,0.55,29.63733,0.3161027,0.0,0.5036223,2,False,0.3161027133464813,0.0,0.50362229347229,2,0,7.22903,200.0,64.8538,43.2741,36.1778,33.4672,32.1898,31.1543,30.4572,29.7929,29.1591,28.5539,27.751,26.8918,25.4085,22.7797,19.2554,15.697,9.5816
2026-08-04T12:40:36+0200,646,0,12.51,197.136,206.978,61.223201751708984,-0.4875139892101288,1.7616900205612183,5916.42,2,99.9152,0.0,0.256816,0.0974371,0.0,HAIRPIN_LEFT,29.396299362182617,0.19624203932037848,41.954487,2,9.0,0.55,28.844564,0.33187348,0.0,0.48947963,2,False,0.33187347650527954,0.0,0.4894796311855316,2,0,7.33731,200.0,63.8614,42.6644,35.6826,33.0144,31.7567,30.737,30.0505,29.3963,28.772,28.1758,27.3849,26.5384,25.077,22.4888,19.0217,15.5226,9.50596
2026-08-04T12:40:36+0200,647,0,12.53,197.476,207.318,59.68939971923828,-0.41797399520874023,1.7180399894714355,5931.84,2,99.9152,0.0,0.250835,0.102008,0.0,HAIRPIN_LEFT,29.007699966430664,0.19732467243677107,41.99208,2,9.0,0.55,28.065834,0.34762013,0.0,0.48917198,2,False,0.3476201295852661,0.0,0.48917198181152344,2,0,7.44727,200.0,62.8854,42.0658,35.1971,32.5706,31.3322,30.3281,29.652,29.0077,28.3928,27.8055,27.0264,26.1923,24.7525,22.2039,18.7927,15.3514,9.43098
2026-08-04T12:40:36+0200,648,0,12.55,197.806,207.649,58.191001892089844,-0.35170501470565796,1.6683399677276611,5935.18,2,99.9152,0.0,0.244813,0.106465,0.0,HAIRPIN_LEFT,28.6299991607666,0.19839372782034065,42.029213,2,9.0,0.55,27.307274,0.36325365,0.0,0.4888681,2,False,0.363253653049469,0.0,0.4888680875301361,2,0,7.55828,200.0,61.9397,41.4848,34.7255,32.1393,30.9198,29.9308,29.2648,28.63,28.0242,27.4456,26.6778,25.856,24.437,21.9269,18.5698,15.1842,9.35705
2026-08-04T12:40:36+0200,649,0,12.57,198.129,207.971,56.723899841308594,-0.292603999376297,1.6175800561904907,5899.05,2,99.9152,0.0,0.238761,0.110745,0.0,HAIRPIN_LEFT,28.26759910583496,0.19944989473077152,42.066116,2,9.0,0.55,26.566473,0.37865257,0.0,0.48856604,2,False,0.37865257263183594,0.0,0.4885660409927368,2,0,7.66948,200.0,61.0466,40.931,34.2744,31.7263,30.5245,29.5498,28.8934,28.2676,27.6704,27.1,26.343,25.5327,24.1336,21.6604,18.3549,15.0227,9.28461
2026-08-04T12:40:36+0200,650,0,12.59,198.442,208.285,55.28049850463867,-0.24267199635505676,1.5686299800872803,5833.11,2,99.9152,0.0,0.232686,0.114821,0.0,HAIRPIN_LEFT,27.922000885009766,0.20034740326559144,42.104343,2,9.0,0.55,25.837627,0.3937119,0.0,0.48825315,2,False,0.3937118947505951,0.0,0.4882531464099884,2,0,7.78036,199.484,60.2135,40.4076,33.8461,31.3335,30.1481,29.1867,28.5392,27.922,27.3328,26.77,26.0232,25.2237,23.8435,21.4053,18.1488,14.8671,9.21386
2026-08-04T12:40:36+0200,651,0,12.61,198.748,208.59,53.85649871826172,-0.20152400434017181,1.5224599838256836,5743.59,2,99.9152,0.0,0.226606,0.118706,0.0,HAIRPIN_LEFT,27.591899871826172,0.20038118129015123,42.150215,2,9.0,0.55,25.1103,0.40837565,0.0,0.48787773,2,False,0.40837565064430237,0.0,0.4878777265548706,2,0,7.89076,195.978,59.4347,39.9122,33.4389,30.9592,29.7894,28.8404,28.2012,27.5919,27.0103,26.4547,25.7174,24.9279,23.5658,21.1609,17.9509,14.7172,9.14476
2026-08-04T12:40:36+0200,652,0,12.63,199.045,208.887,52.45050048828125,-0.16751399636268616,1.4791300296783447,5634.33,2,99.9152,0.0,0.220525,0.122439,0.0,HAIRPIN_LEFT,27.27440071105957,0.20047140066613378,42.195477,2,9.0,0.55,24.395412,0.42264667,0.0,0.48750728,2,False,0.4226466715335846,0.0,0.48750728368759155,2,0,8.00101,192.787,58.6955,39.4384,33.0483,30.5999,29.4446,28.5075,27.8762,27.2744,26.7,26.1512,25.4229,24.6431,23.2982,20.9251,17.7598,14.5721,9.07705
2026-08-04T12:40:36+0200,653,0,12.65,199.334,209.176,51.06060028076172,-0.1391420066356659,1.4380899667739868,5507.37,2,99.9152,0.0,0.214456,0.126054,0.0,HAIRPIN_LEFT,26.966999053955078,0.20057755924102358,42.240433,2,9.0,0.55,23.691563,0.43656018,0.0,0.48713928,2,False,0.43656018376350403,0.0,0.4871392846107483,2,0,8.11129,189.768,57.9836,38.9805,32.6703,30.252,29.1109,28.1851,27.5615,26.967,26.3994,25.8572,25.1377,24.3672,23.039,20.6966,17.5742,14.4308,9.01055
2026-08-04T12:40:37+0200,654,0,12.67,199.615,209.458,49.68299865722656,-0.11551299691200256,1.3988399505615234,5369.68,2,99.9152,0.0,0.208403,0.129574,0.0,HAIRPIN_LEFT,26.667999267578125,0.2006818579232158,42.285294,2,9.0,0.55,22.996655,0.4501629,0.0,0.48677218,2,False,0.4501628875732422,0.0,0.48677217960357666,2,0,8.22176,186.849,57.2921,38.5354,32.303,29.9139,28.7865,27.8717,27.2555,26.668,26.1072,25.5714,24.8603,24.0989,22.7868,20.4743,17.3935,14.293,8.94514
2026-08-04T12:40:37+0200,655,0,12.69,199.889,209.731,48.31489944458008,-0.09605029970407486,1.3605999946594238,5235.99,2,99.9152,0.0,0.202379,0.132999,0.0,HAIRPIN_LEFT,26.377399444580078,0.20078244154048294,42.330116,2,9.0,0.55,22.309263,0.46348485,0.0,0.48640534,2,False,0.46348485350608826,0.0,0.4864053428173065,2,0,8.33228,184.026,56.6204,38.103,31.946,29.5853,28.471,27.567,26.9581,26.3774,25.8231,25.2936,24.5907,23.8381,22.5416,20.2582,17.2176,14.1586,8.88087
2026-08-04T12:40:37+0200,656,0,12.71,200.154,209.996,46.95429992675781,-0.08030900359153748,1.3229399919509888,5235.99,2,99.9152,0.0,0.196384,0.136322,0.0,HAIRPIN_LEFT,26.095500946044922,0.2008871068284046,42.374905,2,9.0,0.55,21.628433,0.47653952,0.0,0.4860387,2,False,0.4765395224094391,0.0,0.4860387146472931,2,0,8.44263,181.319,55.9705,37.6838,31.5998,29.2665,28.1651,27.2715,26.6695,26.0955,25.5475,25.024,24.3291,23.585,22.3037,20.0483,17.0467,14.0277,8.81778
2026-08-04T12:40:37+0200,657,0,12.73,200.412,210.254,45.60100173950195,-0.06774549931287766,1.2832399606704712,5235.99,2,99.9152,0.0,0.190439,0.139539,0.0,HAIRPIN_LEFT,25.82270050048828,0.20100161918001352,42.41958,2,9.0,0.55,20.954142,0.4893298,0.0,0.48567313,2,False,0.4893297851085663,0.0,0.48567312955856323,2,0,8.55252,178.743,55.3437,37.2787,31.2649,28.9581,27.8692,26.9856,26.3903,25.8227,25.2808,24.763,24.0759,23.3399,22.0733,19.8449,16.8809,13.9005,8.75599
2026-08-04T12:40:37+0200,658,0,12.75,200.662,210.504,44.257598876953125,-0.057559799402952194,1.2352999448776245,5235.99,2,99.9152,0.0,0.184541,0.14266,0.0,HAIRPIN_LEFT,25.558000564575195,0.20111601849031566,42.464115,2,9.0,0.55,20.287554,0.5018673,0.0,0.40567315,2,False,0.5018672943115234,0.0,0.40567314624786377,2,0,8.66201,176.265,54.7367,36.8862,30.9402,28.6591,27.5821,26.7082,26.1194,25.558,25.022,24.5099,23.8302,23.1022,21.8497,19.6476,16.7198,13.7767,8.69539
2026-08-04T12:40:37+0200,659,0,12.77,200.904,210.746,42.9114990234375,-0.05025719851255417,1.1876399517059326,5235.99,2,99.9152,0.0,0.178702,0.145646,0.0,HAIRPIN_LEFT,25.30389976501465,0.20126878356083355,42.508602,2,9.0,0.55,19.622782,0.5141238,0.0,0.32567316,2,False,0.514123797416687,0.0,0.3256731629371643,2,0,8.77034,174.004,54.1611,36.5111,30.6292,28.3723,27.3067,26.442,25.8594,25.3039,24.7735,24.2668,23.5941,22.8737,21.6348,19.4576,16.5646,13.657,8.63629
2026-08-04T12:40:37+0200,660,0,12.79,201.139,210.981,41.59870147705078,-0.044631101191043854,1.1440900564193726,5235.99,2,99.9152,0.0,0.172941,0.14851,0.0,HAIRPIN_LEFT,25.059600830078125,0.20144653497638917,42.552017,2,9.0,0.55,18.97731,0.52607954,0.0033068752,0.24567316,2,False,0.526079535484314,0.0033068752381950617,0.24567316472530365,2,0,8.87739,171.91,53.6126,36.1517,30.3308,28.0969,27.0422,26.1862,25.6095,25.0596,24.5346,24.0329,23.367,22.6538,21.4279,19.2747,16.4148,13.5414,8.5787
2026-08-04T12:40:37+0200,661,0,12.81,201.366,211.208,40.39419937133789,-0.03712090104818344,1.0981600284576416,5235.99,2,99.9152,0.0,0.167234,0.151276,1.0,HAIRPIN_LEFT,24.823200225830078,0.20163445290334253,42.592262,2,9.0,0.55,18.387175,0.5377197,0.0018868136,0.16567317,2,False,0.5377197265625,0.0018868135521188378,0.165673166513443,2,0,8.98371,169.928,53.0844,35.8047,30.0422,27.8305,26.7862,25.9387,25.3677,24.8232,24.3033,23.8066,23.1472,22.4409,21.2274,19.0974,16.2695,13.429,8.5223
2026-08-04T12:40:37+0200,662,0,12.83,201.587,211.429,39.315399169921875,-0.01917180046439171,1.0491900444030762,5235.99,2,99.9152,0.0,0.161608,0.153889,1.0,HAIRPIN_LEFT,24.59819984436035,0.20189313034604092,42.628334,2,9.0,0.55,18.0,0.548966,0.0028154755,0.08567317,2,False,0.5489659905433655,0.0028154754545539618,0.08567316830158234,2,0,9.08806,168.235,52.5937,35.4776,29.7689,27.5778,26.5431,25.7035,25.1377,24.5982,24.0832,23.5909,22.9376,22.2379,21.0362,18.9281,16.1305,13.321,8.46755
2026-08-04T12:40:37+0200,663,0,12.85,201.802,211.645,38.35150146484375,0.02606399916112423,1.005120038986206,5235.99,2,99.9152,0.0,0.156067,0.156174,1.0,HAIRPIN_LEFT,24.395000457763672,0.20240659039296485,42.65923,2,9.0,0.55,18.0,0.55959135,0.0036233142,0.00567317,2,False,0.5595913529396057,0.0036233142018318176,0.00567317008972168,2,0,9.18755,167.376,52.1924,35.1934,29.5266,27.3519,26.3251,25.4918,24.9304,24.395,23.8839,23.3955,22.7473,22.053,20.8615,18.7728,16.0023,13.2207,8.41541
2026-08-04T12:40:37+0200,664,0,12.87,202.013,211.855,37.50510025024414,0.13618800044059753,0.9694160223007202,5235.99,2,99.9152,0.0,0.150647,0.157796,0.5775154,HAIRPIN_LEFT,24.233800888061523,0.20353192872048087,42.68226,2,9.0,0.55,18.0,0.5691031,0.009758838,0.0,2,False,0.5691031217575073,0.009758838452398777,0.0,2,0,9.27624,168.413,51.9792,34.9959,29.3456,27.1787,26.1559,25.326,24.7669,24.2338,23.725,23.2388,22.5934,21.9023,20.718,18.644,15.8942,13.1345,8.36788
2026-08-04T12:40:37+0200,665,0,12.89,202.218,212.061,36.83169937133789,0.4365200102329254,0.94343101978302,5235.99,2,99.9152,0.0,0.145489,0.157827,0.07861826,HAIRPIN_LEFT,24.17180061340332,0.20631244530335904,42.687965,2,9.0,0.55,18.0,0.57620645,0.018063989,0.0,2,False,0.5762064456939697,0.018063988536596298,0.0,2,0,9.33727,174.575,52.235,35.0092,29.3118,27.1313,26.1029,25.2689,24.7072,24.1718,23.6609,23.1728,22.5252,21.8319,20.6467,18.5765,15.8328,13.0807,8.3309
2026-08-04T12:40:37+0200,666,0,12.91,202.422,212.264,36.51620101928711,1.030750036239624,0.9294570088386536,5235.99,2,99.9152,0.0,0.140884,0.154266,0.0,HAIRPIN_LEFT,24.337099075317383,0.21354827910885085,42.649204,2,9.0,0.55,18.0,0.5779341,0.019736608,0.0,2,False,0.5779340863227844,0.019736608490347862,0.0,2,0,9.33514,195.487,53.6258,35.5176,29.6198,27.3744,26.3176,25.4617,24.8858,24.3371,23.814,23.3146,22.6524,21.9442,20.7384,18.6465,15.8756,13.0993,8.31725
2026-08-04T12:40:37+0200,667,0,12.93,202.625,212.468,36.37649917602539,1.5987800359725952,0.9290760159492493,5235.99,2,99.9152,0.0,0.137033,0.14696,0.0,HAIRPIN_LEFT,24.75979995727539,0.21572352946947596,42.65676,2,9.0,0.55,18.0,0.5722503,0.019992333,0.0,2,False,0.5722503066062927,0.01999233290553093,0.0,2,0,9.26681,200.0,56.4405,36.6086,30.3217,27.9497,26.8374,25.9383,25.3343,24.7598,24.2125,23.6906,22.9996,22.2615,21.0085,18.8666,16.0325,13.1971,8.32962
2026-08-04T12:40:37+0200,668,0,12.95,202.829,212.671,36.2760009765625,2.0212299823760986,0.9382799863815308,5235.99,2,99.9152,0.0,0.133934,0.137335,0.0,HAIRPIN_LEFT,25.377599716186523,0.21682618935344844,42.676994,2,9.0,0.55,18.0,0.5593183,0.02037349,0.0,2,False,0.5593183040618896,0.02037348970770836,0.0,2,0,9.15803,200.0,60.5927,38.1794,31.334,28.7824,27.5918,26.632,25.9886,25.3776,24.7964,24.243,23.5115,22.7317,21.4116,19.1917,16.2692,13.3505,8.36096
2026-08-04T12:40:37+0200,669,0,12.97,203.032,212.874,36.208900451660156,2.277750015258789,0.9506180286407471,5235.99,2,99.9152,0.0,0.131486,0.126667,0.0,HAIRPIN_LEFT,26.1289005279541,0.21832231286051268,42.695126,2,9.0,0.55,18.0,0.5405375,0.020856513,0.0,2,False,0.5405374765396118,0.02085651271045208,0.0,2,0,9.03189,200.0,66.0285,40.1272,32.5734,29.7984,28.5108,27.4764,26.7847,26.1289,25.5064,24.9146,24.1339,23.3036,21.9023,19.5783,16.5529,13.5369,8.40417
2026-08-04T12:40:37+0200,670,0,12.99,203.234,213.077,36.166099548339844,2.3948299884796143,0.961247980594635,5235.99,2,99.9152,0.0,0.129574,0.115812,0.0,HAIRPIN_LEFT,26.967500686645508,0.22030934273596492,42.709267,2,9.0,0.55,18.0,0.5176931,0.021428712,0.0,2,False,0.5176931023597717,0.021428711712360382,0.0,2,0,8.90307,200.0,72.7858,42.377,33.9772,30.9414,29.5419,28.4215,27.6744,26.9675,26.2978,25.6625,24.826,23.9385,22.4461,19.9944,16.8596,13.7394,8.45388
2026-08-04T12:40:37+0200,671,0,13.01,203.437,213.28,36.13800048828125,2.416290044784546,0.9668809771537781,5235.99,2,99.9152,0.0,0.128078,0.10518,0.0,HAIRPIN_LEFT,27.868600845336914,0.22286690437230433,42.718403,2,9.0,0.55,18.0,0.4923749,0.022062616,0.0,2,False,0.49237489700317383,0.022062616422772408,0.0,2,0,8.77852,200.0,81.0737,44.8998,35.5143,32.1827,30.6572,29.4409,28.6321,27.8686,27.1468,26.4634,25.5657,24.6158,23.0241,20.4254,17.1758,13.9489,8.50692
2026-08-04T12:40:37+0200,672,0,13.03,203.64,213.482,36.118900299072266,2.3738598823547363,0.9654139876365662,5235.99,2,99.9152,0.0,0.126918,0.0949593,0.0,HAIRPIN_LEFT,28.81920051574707,0.20535888172253294,42.894684,2,9.0,0.55,18.0,0.4658171,0.023462676,0.0,2,False,0.46581709384918213,0.023462675511837006,0.0,2,0,8.66089,122.632,91.2777,47.693,37.1709,33.5078,31.843,30.5209,29.6445,28.8192,28.0406,27.3051,26.3411,25.3239,23.6259,20.871,17.4942,14.1602,8.56153
2026-08-04T12:40:37+0200,673,0,13.05,203.843,213.685,36.105499267578125,2.2927300930023193,0.9601860046386719,5235.99,2,99.9152,0.0,0.126034,0.0852641,0.0,HAIRPIN_LEFT,29.808799743652344,0.19967859057403836,42.972073,2,9.0,0.55,18.0,0.438945,0.024498293,0.0,2,False,0.4389449954032898,0.024498293176293373,0.0,2,0,8.55147,86.4681,103.97,50.7598,38.9363,34.9056,33.0878,31.6507,30.701,29.8088,28.9692,28.1776,27.1428,26.0541,24.2437,21.3249,17.8094,14.3695,8.61641
2026-08-04T12:40:37+0200,674,0,13.07,204.046,213.888,36.095001220703125,2.1937100887298584,0.954338014125824,5235.99,2,99.9152,0.0,0.125381,0.0761494,0.0,HAIRPIN_LEFT,30.82979965209961,0.20099297332321373,43.004242,2,9.0,0.55,18.0,0.41242176,0.02535378,0.0,2,False,0.4124217629432678,0.025353780016303062,0.0,2,0,8.45055,67.9258,120.036,54.1117,40.804,36.3679,34.3837,32.8221,31.7935,30.8298,29.9249,29.0738,27.964,26.7997,24.8713,21.7825,18.1176,14.5744,8.67068
2026-08-04T12:40:37+0200,675,0,13.09,204.248,214.09,36.086299896240234,2.0830800533294678,0.9449380040168762,5235.99,2,99.9152,0.0,0.124928,0.0676478,0.0,HAIRPIN_LEFT,31.874799728393555,0.2064339212381392,42.99664,2,9.0,0.55,18.0,0.38671535,0.026022458,0.0,2,False,0.3867153525352478,0.02602245844900608,0.0,2,0,8.35806,56.7221,140.854,57.7606,42.7671,37.8869,35.7228,34.0275,32.9147,31.8748,30.9007,29.9868,28.798,27.5546,25.5035,22.2395,18.4158,14.7727,8.72371
2026-08-04T12:40:37+0200,676,0,13.11,204.451,214.293,36.0791015625,1.9629000425338745,0.9175540208816528,5235.99,2,99.9152,0.0,0.124639,0.059756,0.0,HAIRPIN_LEFT,32.9385986328125,0.2150854074456717,42.958847,2,9.0,0.55,18.0,0.362131,0.026524695,0.0,2,False,0.3621309995651245,0.02652469463646412,0.0,2,0,8.27354,49.2578,168.749,61.7279,44.822,39.4575,37.0996,35.2614,34.0592,32.9386,31.8918,30.9118,29.6403,28.3145,26.1365,22.6931,18.702,14.9633,8.77501
2026-08-04T12:40:37+0200,677,0,13.13,204.653,214.495,36.07170104980469,1.8507100343704224,0.9003900289535522,5235.99,2,99.9152,0.0,0.1245,0.0524777,0.0,HAIRPIN_LEFT,34.01470184326172,0.2247465598543199,42.910477,2,9.0,0.55,18.0,0.33887333,0.026939565,0.0,2,False,0.33887332677841187,0.02693956531584263,0.0,2,0,8.19653,43.9628,200.0,66.0296,46.9619,41.0719,38.5067,36.5169,35.2201,34.0147,32.8916,31.8427,30.4854,29.0744,26.766,23.1401,18.975,15.1449,8.82426
2026-08-04T12:40:37+0200,678,0,13.15,204.856,214.698,36.06449890136719,1.7415000200271606,0.8907259702682495,5235.99,2,99.9152,0.0,0.124498,0.0458109,0.0,HAIRPIN_LEFT,35.096099853515625,0.2259240360851892,42.934807,2,9.0,0.55,18.0,0.31707466,0.027675351,0.0,2,False,0.31707465648651123,0.02767535112798214,0.0,2,0,8.1266,40.0391,200.0,70.68,49.1775,42.7208,39.9354,37.7857,36.3899,35.0961,33.8936,32.7733,31.3274,29.829,27.3874,23.5774,19.2378,15.3165,8.87117
2026-08-04T12:40:37+0200,679,0,13.17,205.058,214.9,36.056400299072266,1.6369999647140503,0.8825550079345703,5235.99,2,99.9152,0.0,0.124611,0.0397245,0.0,HAIRPIN_LEFT,36.17879867553711,0.22762306860306342,42.953835,2,9.0,0.55,18.0,0.29679292,0.028358039,0.0,2,False,0.2967929244041443,0.028358038514852524,0.0,2,0,8.06312,37.029,200.0,75.7076,51.4654,44.4,41.3814,39.0639,37.5645,36.1788,34.8941,33.7,32.1633,30.5755,27.9987,24.0036,19.4908,15.4778,8.9156
2026-08-04T12:40:37+0200,680,0,13.19,205.26,215.102,36.04869842529297,1.535290002822876,0.8607900142669678,5235.99,2,99.9152,0.0,0.124826,0.034191,0.0,HAIRPIN_LEFT,37.258201599121094,0.22975681941644974,42.968227,2,9.0,0.55,18.0,0.27803925,0.028983053,0.0,2,False,0.27803924679756165,0.02898305281996727,0.0,2,0,8.00555,34.6595,200.0,81.1399,53.8199,46.1031,42.839,40.346,38.7392,37.2582,35.8889,34.6192,32.9895,31.3107,28.5974,24.417,19.7334,15.6286,8.95747
2026-08-04T12:40:37+0200,681,0,13.21,205.462,215.304,36.040199279785156,1.4408199787139893,0.8395630121231079,5235.99,2,99.9152,0.0,0.125126,0.0291654,0.0,HAIRPIN_LEFT,38.33300018310547,0.23227030314892483,42.978546,2,9.0,0.55,18.0,0.26077822,0.02955467,0.0,2,False,0.2607782185077667,0.029554670676589012,0.0,2,0,7.95324,32.7514,200.0,87.0218,56.2415,47.829,44.3066,41.6306,39.9122,38.333,36.8767,35.5296,33.8051,32.034,29.1828,24.8175,19.9656,15.7691,8.99681
2026-08-04T12:40:37+0200,682,0,13.23,205.664,215.507,36.03179931640625,1.3519699573516846,0.8226940035820007,5235.99,2,99.9152,0.0,0.125498,0.0246073,0.0,HAIRPIN_LEFT,39.402000427246094,0.23512632121858462,42.985096,2,9.0,0.55,18.0,0.24494752,0.030070812,0.0,2,False,0.24494752287864685,0.03007081151008606,0.0,2,0,7.90567,31.1869,200.0,93.4065,58.7305,49.5761,45.7826,42.916,41.0825,39.402,37.8564,36.4302,34.6091,32.7445,29.7546,25.205,20.1875,15.8998,9.03371
2026-08-04T12:40:37+0200,683,0,13.25,205.866,215.709,36.02330017089844,1.2706700563430786,0.8133959770202637,5235.99,2,99.9152,0.0,0.12594,0.0204737,0.0,HAIRPIN_LEFT,40.4651985168457,0.2382997372425916,42.988113,2,9.0,0.55,18.0,0.23046383,0.030533189,0.0,2,False,0.23046383261680603,0.030533188953995705,0.0,2,0,7.86222,29.8832,200.0,100.363,61.2902,51.3449,47.2673,44.2026,42.2498,40.4652,38.8281,37.3211,35.4019,33.4426,30.3132,25.5801,20.3999,16.0212,9.06835
2026-08-04T12:40:37+0200,684,0,13.27,206.068,215.911,36.014400482177734,1.1948100328445435,0.8106570243835449,5235.99,2,99.9152,0.0,0.126453,0.0167293,0.0,HAIRPIN_LEFT,41.52239990234375,0.24177417827720743,42.98774,2,9.0,0.55,18.0,0.21723762,0.030945718,0.0,2,False,0.21723762154579163,0.03094571828842163,0.0,2,0,7.8223,28.7822,200.0,107.969,63.9227,53.1354,48.7601,45.4898,43.414,41.5224,39.7915,38.2021,36.1833,34.1284,30.8589,25.9431,20.603,16.1339,9.10095
2026-08-04T12:40:37+0200,685,0,13.29,206.27,216.112,36.00579833984375,1.123610019683838,0.8127660155296326,5235.99,2,99.9152,0.0,0.127008,0.0133539,0.0,HAIRPIN_LEFT,42.56999969482422,0.24553557355222191,42.984024,2,9.0,0.55,18.0,0.20519358,0.031307243,0.0,2,False,0.20519357919692993,0.031307242810726166,0.0,2,0,7.78594,27.8454,200.0,116.3,66.6241,54.9427,50.2567,46.7737,44.5712,42.57,40.7437,39.0706,36.9509,34.7996,31.3899,26.2931,20.7964,16.2378,9.1313
2026-08-04T12:40:37+0200,686,0,13.31,206.472,216.314,35.99689865112305,1.0594500303268433,0.8176860213279724,5235.99,2,99.9152,0.0,0.127602,0.0103104,0.0,HAIRPIN_LEFT,43.609500885009766,0.24326765099462902,43.026344,2,9.0,0.55,18.0,0.1942462,0.031899367,0.0,2,False,0.19424620270729065,0.03189936652779579,0.0,2,0,7.75261,27.0391,172.005,125.478,69.4004,56.7691,51.7589,48.0555,45.723,43.6095,41.6858,39.9276,37.7059,35.4576,31.9073,26.631,20.981,16.3336,9.15962
2026-08-04T12:40:37+0200,687,0,13.33,206.674,216.516,35.987701416015625,1.0005700588226318,0.823298990726471,5235.99,2,99.9152,0.0,0.128253,0.00756243,0.0,HAIRPIN_LEFT,44.6431999206543,0.24075671115435238,43.06378,2,9.0,0.55,18.0,0.18430129,0.032442372,0.0,2,False,0.18430128693580627,0.0324423722922802,0.0,2,0,7.72179,26.3374,141.672,135.655,72.2601,58.6188,53.2699,49.3384,46.8717,44.6432,42.6201,40.7753,38.4504,36.1042,32.4131,26.9585,21.1578,16.4224,9.18628
2026-08-04T12:40:37+0200,688,0,13.35,206.876,216.718,35.979000091552734,0.9464930295944214,0.8288829922676086,5235.99,2,99.9152,0.0,0.128925,0.0050908,0.0,HAIRPIN_LEFT,45.6697998046875,0.24117238294647445,43.09576,2,9.0,0.55,18.0,0.1752823,0.032930207,0.0,2,False,0.1752822995185852,0.03293020650744438,0.0,2,0,7.69349,25.7234,121.72,147.003,75.2052,60.4903,54.7879,50.6204,48.016,45.6698,43.5452,41.6127,39.1831,36.7385,32.9066,27.275,21.3267,16.5039,9.2111
2026-08-04T12:40:37+0200,689,0,13.37,207.077,216.919,35.97019958496094,0.896960973739624,0.8330940008163452,5235.99,2,99.9152,0.0,0.129635,0.00286934,0.0,HAIRPIN_LEFT,46.69070053100586,0.24354668884029762,43.112713,2,9.0,0.55,18.0,0.16711149,0.033310343,0.0,2,False,0.16711148619651794,0.03331034258008003,0.0,2,0,7.6673,25.1816,107.602,159.747,78.2428,62.3866,56.3151,51.9035,49.1574,46.6907,44.4629,42.441,39.9058,37.3619,33.3889,27.5817,21.4885,16.579,9.23435
2026-08-04T12:40:37+0200,690,0,13.39,207.279,217.121,35.96200180053711,0.8519989848136902,0.8360649943351746,5235.99,2,99.9152,0.0,0.130372,0.000874966,0.0,HAIRPIN_LEFT,47.707000732421875,0.2473713606951206,43.115013,2,9.0,0.55,18.0,0.15971619,0.033581093,0.0,2,False,0.1597161889076233,0.033581092953681946,0.0,2,0,7.64302,24.7004,97.0837,174.182,81.3815,64.3101,57.8533,53.1891,50.2972,47.707,45.3739,43.2613,40.619,37.9752,33.8609,27.8793,21.6438,16.6495,9.25613
2026-08-04T12:40:37+0200,691,0,13.41,207.48,217.323,35.953800201416016,0.8116099834442139,0.837788999080658,5235.99,2,99.9152,0.0,0.131126,-0.000914991,0.0,HAIRPIN_LEFT,48.720699310302734,0.25237119748449105,43.105736,2,9.0,0.55,18.0,0.15302788,0.0337633,0.0,2,False,0.15302787721157074,0.033763300627470016,0.0,2,0,7.62054,24.27,88.9373,190.705,84.6324,66.2654,59.4056,54.4795,51.4375,48.7207,46.2799,44.0752,41.3244,38.5797,34.3236,28.1685,21.7931,16.7163,9.2765
2026-08-04T12:40:37+0200,692,0,13.43,207.682,217.524,35.94620132446289,0.7757689952850342,0.8380450010299683,5235.99,2,99.9152,0.0,0.131916,-0.00252691,0.0,HAIRPIN_LEFT,49.736000061035156,0.2557670638715357,43.108463,2,9.0,0.55,18.0,0.14697304,0.03399445,0.0,2,False,0.14697304368019104,0.03399445116519928,0.0,2,0,7.59939,23.8811,82.4268,200.0,88.014,68.2605,60.9781,55.7798,52.5829,49.736,47.1849,44.886,42.0251,39.1783,34.7795,28.4513,21.9377,16.7802,9.29578
2026-08-04T12:40:37+0200,693,0,13.45,207.884,217.726,35.93880081176758,0.7418580055236816,0.8374230265617371,5235.99,2,99.9152,0.0,0.13271,-0.00396669,0.0,HAIRPIN_LEFT,50.750701904296875,0.2570152713230982,43.128284,2,9.0,0.55,18.0,0.141502,0.034310717,0.0,2,False,0.1415019929409027,0.0343107171356678,0.0,2,0,7.57981,23.53,77.1136,200.0,91.5301,70.2941,62.5688,57.0881,53.7312,50.7507,48.0871,45.6924,42.7195,39.7697,35.2275,28.7269,22.077,16.8409,9.31377
2026-08-04T12:40:37+0200,694,0,13.47,208.085,217.927,35.93119812011719,0.7093200087547302,0.8141689896583557,5235.99,2,99.9152,0.0,0.133536,-0.00525936,0.0,HAIRPIN_LEFT,51.77009963989258,0.258593988425869,43.144897,2,9.0,0.55,18.0,0.13655414,0.03459524,0.0,2,False,0.13655413687229156,0.03459523990750313,0.0,2,0,7.56127,23.209,72.6818,200.0,95.2039,72.3761,64.1853,58.4105,54.8882,51.7701,48.9909,46.4982,43.4114,40.3571,35.6704,28.9974,22.2126,16.8994,9.33085
2026-08-04T12:40:37+0200,695,0,13.49,208.287,218.129,35.924400329589844,0.6809059977531433,0.7748460173606873,5235.99,2,99.9152,0.0,0.134356,-0.00643045,0.0,HAIRPIN_LEFT,52.80009841918945,0.260469272358142,43.158897,2,9.0,0.55,18.0,0.13206863,0.034846738,0.0,2,False,0.13206863403320312,0.03484673798084259,0.0,2,0,7.54387,22.9135,68.9096,200.0,99.0705,74.5212,65.838,59.7551,56.0606,52.8001,49.9015,47.3081,44.1048,40.9438,36.1107,29.2643,22.3451,16.956,9.34696
2026-08-04T12:40:37+0200,696,0,13.51,208.488,218.33,35.91780090332031,0.6566879749298096,0.7496989965438843,5235.99,2,99.9152,0.0,0.135209,-0.00747728,0.0,HAIRPIN_LEFT,53.83789825439453,0.26260037320702,43.17051,2,9.0,0.55,18.0,0.1280042,0.035070583,0.0,2,False,0.12800419330596924,0.03507058322429657,0.0,2,0,7.52731,22.6408,65.6705,200.0,103.131,76.7255,67.5231,61.1186,57.2454,53.8379,50.8168,48.1202,44.7979,41.5287,36.5474,29.5272,22.4747,17.0108,9.36236
2026-08-04T12:40:37+0200,697,0,13.53,208.689,218.532,35.91120147705078,0.6339399814605713,0.7338470220565796,5235.99,2,99.9152,0.0,0.136054,-0.00839561,0.0,HAIRPIN_LEFT,54.879398345947266,0.2649670786691298,43.1799,2,9.0,0.55,18.0,0.12434324,0.035270546,0.0,2,False,0.12434323877096176,0.03527054563164711,0.0,2,0,7.51195,22.3907,62.8696,200.0,107.389,78.984,69.2356,62.4963,58.4386,54.8794,51.7327,48.9308,45.4875,42.1087,36.9785,29.7846,22.6003,17.0632,9.37664
2026-08-04T12:40:37+0200,698,0,13.55,208.891,218.733,35.90449905395508,0.6133279800415039,0.7131270170211792,5235.99,2,99.9152,0.0,0.136923,-0.00920331,0.0,HAIRPIN_LEFT,55.92940139770508,0.2675482533290787,43.187355,2,9.0,0.55,18.0,0.12105263,0.035448782,0.0,2,False,0.12105263024568558,0.03544878214597702,0.0,2,0,7.49735,22.1587,60.4158,200.0,111.873,81.3074,70.983,63.894,59.6448,55.9294,52.6535,49.7438,46.1772,42.6871,37.4062,30.0383,22.7231,17.114,9.39025
2026-08-04T12:40:37+0200,699,0,13.57,209.092,218.934,35.89830017089844,0.5934810042381287,0.6807730197906494,5235.99,2,99.9152,0.0,0.137787,-0.00989944,0.0,HAIRPIN_LEFT,56.98509979248047,0.27033229817108406,43.192947,2,9.0,0.55,18.0,0.11811499,0.035603978,0.0,2,False,0.11811499297618866,0.035603977739810944,0.0,2,0,7.48378,21.9444,58.254,200.0,116.594,83.6934,72.7623,65.309,60.8616,56.9851,53.5769,50.5569,46.8647,43.2619,37.8292,30.2874,22.8425,17.1628,9.40291
2026-08-04T12:40:37+0200,700,0,13.59,209.293,219.135,35.891998291015625,0.5773800015449524,0.6527550220489502,5235.99,2,99.9152,0.0,0.138668,-0.0105113,0.0,HAIRPIN_LEFT,58.056400299072266,0.27332220591220846,43.196926,2,9.0,0.55,18.0,0.11548927,0.035739742,0.0,2,False,0.11548926681280136,0.03573974221944809,0.0,2,0,7.47076,21.743,56.3193,200.0,121.611,86.1648,74.5898,66.7539,62.0996,58.0564,54.5112,51.3777,47.5568,43.8387,38.2519,30.5347,22.9605,17.2107,9.41502
2026-08-04T12:40:37+0200,701,0,13.61,209.495,219.337,35.88629913330078,0.5631849765777588,0.6343849897384644,5235.99,2,99.9152,0.0,0.139547,-0.0110514,0.0,HAIRPIN_LEFT,59.14720153808594,0.2765288555802029,43.19933,2,9.0,0.55,18.0,0.113138214,0.03585447,0.0,2,False,0.11313821375370026,0.03585446998476982,0.0,2,0,7.45838,21.5529,54.5722,200.0,126.973,88.7368,76.4749,68.2354,63.3647,59.1472,55.4601,52.2094,48.2559,44.4198,38.6759,30.7813,23.0772,17.2579,9.42652
2026-08-04T12:40:37+0200,702,0,13.63,209.696,219.538,35.88090133666992,0.5498070120811462,0.6273459792137146,5235.99,2,99.9152,0.0,0.14043,-0.0115255,0.0,HAIRPIN_LEFT,60.2599983215332,0.2799532946266377,43.200214,2,9.0,0.55,18.0,0.11103125,0.03595125,0.0,2,False,0.11103124916553497,0.03595124930143356,0.0,2,0,7.44656,21.3728,52.9846,200.0,132.724,91.4183,78.4224,69.7568,64.6591,60.26,56.4255,53.0535,48.9633,45.0061,39.1018,31.0275,23.1931,17.3045,9.43752
2026-08-04T12:40:37+0200,703,0,13.65,209.897,219.739,35.87540054321289,0.5392410159111023,0.6283000111579895,5235.99,2,99.9152,0.0,0.141321,-0.0119478,0.0,HAIRPIN_LEFT,61.4015007019043,0.2836142431961606,43.1996,2,9.0,0.55,18.0,0.10913396,0.036032114,0.0,2,False,0.10913395881652832,0.036032114177942276,0.0,2,0,7.43508,21.2003,51.528,200.0,138.938,94.2308,80.4463,71.3278,65.9909,61.4015,57.4129,53.9148,49.6831,45.6011,39.5323,31.275,23.3091,17.3511,9.44817
2026-08-04T12:40:37+0200,704,0,13.67,210.098,219.941,35.87009811401367,0.5296559929847717,0.634518027305603,5235.99,2,99.9152,0.0,0.142209,-0.0123234,0.0,HAIRPIN_LEFT,62.57469940185547,0.2875272148698218,43.19744,2,9.0,0.55,18.0,0.10742005,0.03609681,0.0,2,False,0.10742004960775375,0.036096811294555664,0.0,2,0,7.42403,21.0349,50.1845,200.0,145.686,97.1894,82.5546,72.954,67.3643,62.5747,58.425,54.7955,50.4171,46.206,39.9682,31.5243,23.4254,17.3977,9.4584
2026-08-04T12:40:38+0200,705,0,13.69,210.299,220.142,35.8651008605957,0.5203009843826294,0.6429359912872314,5235.99,2,99.9152,0.0,0.143112,-0.0126544,0.0,HAIRPIN_LEFT,63.78129959106445,0.29170040141478015,43.19364,2,9.0,0.55,18.0,0.105868116,0.036145136,0.0,2,False,0.10586811602115631,0.03614513576030731,0.0,2,0,7.41322,20.8757,48.9409,200.0,153.037,100.305,84.7526,74.6383,68.7813,63.7813,59.4631,55.6965,51.1657,46.8214,40.4099,31.7757,23.5422,17.4447,9.46838
2026-08-04T12:40:38+0200,706,0,13.71,210.501,220.343,35.860198974609375,0.510981023311615,0.6519349813461304,5235.99,2,99.9152,0.0,0.143993,-0.0129346,0.0,HAIRPIN_LEFT,65.018798828125,0.2961485595248675,43.18805,2,9.0,0.55,18.0,0.104474984,0.03617776,0.0,2,False,0.1044749841094017,0.03617776185274124,0.0,2,0,7.40304,20.7236,47.7903,200.0,161.06,103.584,87.0403,76.3788,70.2398,65.0188,60.5245,56.6154,51.9268,47.445,40.8554,32.0277,23.6587,17.4911,9.47779
2026-08-04T12:40:38+0200,707,0,13.73,210.702,220.544,35.855499267578125,0.504302978515625,0.6591749787330627,5235.99,2,99.9152,0.0,0.144908,-0.0131839,0.0,HAIRPIN_LEFT,66.29920196533203,0.3009011733387484,43.1806,2,9.0,0.55,18.0,0.103211895,0.03619278,0.0,2,False,0.1032118946313858,0.03619277849793434,0.0,2,0,7.39283,20.5752,46.7123,200.0,169.908,107.062,89.4411,78.193,71.7539,66.2992,61.6197,57.5613,52.7081,48.0835,41.31,32.2838,23.7768,17.5386,9.48719
2026-08-04T12:40:38+0200,708,0,13.75,210.903,220.745,35.85110092163086,0.49592000246047974,0.6646080017089844,5235.99,2,99.9152,0.0,0.145799,-0.01339,0.0,HAIRPIN_LEFT,67.61689758300781,0.30597506812728514,43.171043,2,9.0,0.55,18.0,0.10207939,0.036190577,0.0,2,False,0.10207939147949219,0.03619057685136795,0.0,2,0,7.38318,20.4326,45.7073,200.0,179.674,110.741,91.9508,80.0749,73.3176,67.6169,62.7432,58.5289,53.5046,48.7326,41.7698,32.5413,23.895,17.5859,9.49604
2026-08-04T12:40:38+0200,709,0,13.77,211.104,220.946,35.846900939941406,0.48962798714637756,0.66805499792099,5235.99,2,99.9152,0.0,0.146706,-0.0135638,0.0,HAIRPIN_LEFT,68.97969818115234,0.31140413366827224,43.159164,2,9.0,0.55,18.0,0.101062134,0.036168806,0.0,2,False,0.10106213390827179,0.03616880625486374,0.0,2,0,7.37366,20.2939,44.7627,200.0,190.544,114.654,94.5871,82.0368,74.9409,68.9797,63.9015,59.524,54.3213,49.396,42.2382,32.8023,24.0145,17.634,9.50476
2026-08-04T12:40:38+0200,710,0,13.79,211.305,221.147,35.842899322509766,0.4841499924659729,0.6694089770317078,5235.99,2,99.9152,0.0,0.147605,-0.013711,0.0,HAIRPIN_LEFT,70.39309692382812,0.31621497553969563,43.155457,2,9.0,0.55,18.0,0.10014733,0.03619347,0.0,2,False,0.10014732927083969,0.036193471401929855,0.0,2,0,7.36444,20.1589,43.8714,200.0,198.371,118.834,97.367,84.0886,76.6309,70.3931,65.0991,60.5499,55.1605,50.0758,42.7159,33.0672,24.1353,17.6825,9.5132
2026-08-04T12:40:38+0200,711,0,13.81,211.506,221.349,35.83919906616211,0.4790320098400116,0.6690679788589478,5235.99,2,99.9152,0.0,0.148501,-0.0138329,0.0,HAIRPIN_LEFT,71.86080169677734,0.31974050288518463,43.16714,2,9.0,0.55,18.0,0.09932471,0.036309566,0.0,2,False,0.09932471066713333,0.03630956634879112,0.0,2,0,7.35544,20.027,43.028,200.0,200.0,123.312,100.303,86.2378,78.3925,71.8608,66.3385,61.6087,56.0237,50.7729,43.2038,33.3364,24.2577,17.7319,9.5214
2026-08-04T12:40:38+0200,712,0,13.83,211.707,221.55,35.83570098876953,0.47407498955726624,0.6671779751777649,5235.99,2,99.9152,0.0,0.149406,-0.013931,0.0,HAIRPIN_LEFT,73.38639831542969,0.32309528641409135,43.182587,2,9.0,0.55,18.0,0.098584704,0.036445856,0.0,2,False,0.09858470410108566,0.03644585609436035,0.0,2,0,7.34656,19.8978,42.2281,200.0,200.0,128.119,103.411,88.4919,80.2313,73.3864,67.6224,62.7025,56.9125,51.4885,43.7026,33.6102,24.3819,17.7821,9.52946
2026-08-04T12:40:38+0200,713,0,13.85,211.909,221.751,35.83259963989258,0.466062992811203,0.6210280060768127,5235.99,2,99.9152,0.0,0.150286,-0.0140117,0.0,HAIRPIN_LEFT,74.97799682617188,0.3266919270345346,43.1978,2,9.0,0.55,18.0,0.09791867,0.036578063,0.0,2,False,0.09791866689920425,0.036578062921762466,0.0,2,0,7.33806,19.7714,41.4665,200.0,200.0,133.313,106.715,90.8659,82.1579,74.978,68.9572,63.8358,57.8303,52.2249,44.2135,33.8892,24.508,17.8331,9.53719
2026-08-04T12:40:38+0200,714,0,13.87,212.11,221.952,35.830101013183594,0.4625920057296753,0.5719580054283142,5235.99,2,99.9152,0.0,0.151193,-0.014093,0.0,HAIRPIN_LEFT,76.6530990600586,0.32703020203078015,43.24955,2,9.0,0.55,18.0,0.09729661,0.036932237,0.0,2,False,0.09729661047458649,0.036932237446308136,0.0,2,0,7.32931,19.6451,40.733,182.514,200.0,138.978,110.259,93.3883,84.1941,76.6531,70.3568,65.0211,58.7869,52.9903,44.7423,34.1769,24.6381,17.8862,9.54512
2026-08-04T12:40:38+0200,715,0,13.89,212.311,222.153,35.82789993286133,0.45957499742507935,0.5414760112762451,5235.99,2,99.9152,0.0,0.152078,-0.0141497,0.0,HAIRPIN_LEFT,78.39839935302734,0.3280120713809543,43.296925,2,9.0,0.55,18.0,0.096730314,0.03725743,0.0,2,False,0.0967303141951561,0.03725742921233177,0.0,2,0,7.32097,19.5218,40.0353,167.248,200.0,145.121,114.032,96.0445,86.3257,78.3984,71.8096,66.247,59.7726,53.7761,45.2826,34.4691,24.7695,17.9398,9.55267
2026-08-04T12:40:38+0200,716,0,13.91,212.512,222.354,35.82569885253906,0.45645299553871155,0.5226979851722717,5235.99,2,99.9152,0.0,0.152972,-0.014179,0.0,HAIRPIN_LEFT,80.21479797363281,0.32975761042792073,43.331326,2,9.0,0.55,18.0,0.09622666,0.03750064,0.0,2,False,0.09622666239738464,0.037500638514757156,0.0,2,0,7.31277,19.4011,39.3711,154.557,200.0,151.785,118.047,98.8391,88.555,80.2148,73.3154,67.5136,60.787,54.5819,45.8342,34.7658,24.9027,17.9943,9.56007
2026-08-04T12:40:38+0200,717,0,13.93,212.713,222.555,35.823699951171875,0.45416200160980225,0.4890489876270294,5235.99,2,99.9152,0.0,0.153863,-0.0141879,0.0,HAIRPIN_LEFT,82.11299896240234,0.33220412179481884,43.30369,2,9.0,0.55,18.0,0.09578444,0.037350886,0.0,2,False,0.09578444063663483,0.037350885570049286,0.0,2,0,7.30474,19.2826,38.736,143.803,200.0,159.067,122.341,101.793,90.8967,82.113,74.8826,68.8272,61.8348,55.4115,46.3992,35.068,25.0378,18.0496,9.56727
2026-08-04T12:40:38+0200,718,0,13.95,212.914,222.756,35.82270050048828,0.4503360092639923,0.4492250084877014,5235.99,2,99.9152,0.0,0.154736,-0.0141659,0.0,HAIRPIN_LEFT,84.08830261230469,0.3353042136942051,43.269184,2,9.0,0.55,18.0,0.09541488,0.037152138,0.0,2,False,0.09541487693786621,0.037152137607336044,0.0,2,0,7.29713,19.1672,38.1317,134.612,200.0,167.015,126.923,104.905,93.3468,84.0883,76.5061,70.183,62.9119,56.2607,46.9745,35.3738,25.174,18.1054,9.57407
2026-08-04T12:40:38+0200,719,0,13.97,213.115,222.957,35.8213996887207,0.44916999340057373,0.41673699021339417,5235.99,2,99.9152,0.0,0.155629,-0.0141359,0.0,HAIRPIN_LEFT,86.16629791259766,0.3390528323774625,43.227768,2,9.0,0.55,18.0,0.09509829,0.036908943,0.0,2,False,0.09509828686714172,0.036908943206071854,0.0,2,0,7.28941,19.0524,37.5483,126.598,200.0,175.808,131.868,108.219,95.9382,86.1663,78.2065,71.5979,64.0312,57.1403,47.5676,35.6876,25.3135,18.1628,9.58096
2026-08-04T12:40:38+0200,720,0,13.99,213.316,223.159,35.820098876953125,0.4469360113143921,0.3983440101146698,5235.99,2,99.9152,0.0,0.156499,-0.0140934,0.0,HAIRPIN_LEFT,88.35240173339844,0.3434647633696155,43.179363,2,9.0,0.55,18.0,0.094831415,0.03662157,0.0,2,False,0.09483141452074051,0.0366215705871582,0.0,2,0,7.282,18.9393,36.9867,119.549,200.0,185.582,137.218,111.753,98.6806,88.3524,79.9868,73.0735,65.1933,58.0496,48.1774,36.0082,25.4554,18.2213,9.58755
2026-08-04T12:40:38+0200,721,0,14.01,213.518,223.36,35.81880187988281,0.4467869997024536,0.39337900280952454,5235.99,2,99.9152,0.0,0.157379,-0.0140511,0.0,HAIRPIN_LEFT,90.6675033569336,0.3476029542023309,43.133095,2,9.0,0.55,18.0,0.09459546,0.036346074,0.0,2,False,0.09459546208381653,0.03634607419371605,0.0,2,0,7.27451,18.8262,36.4411,113.272,200.0,194.864,143.053,115.548,101.603,90.6675,81.863,74.6224,66.4078,58.9963,48.8091,36.3386,25.6015,18.2818,9.59422
2026-08-04T12:40:38+0200,722,0,14.03,213.719,223.561,35.81760025024414,0.44720199704170227,0.3972339928150177,5235.99,2,99.9152,0.0,0.158258,-0.0140145,0.0,HAIRPIN_LEFT,93.12989807128906,0.34833237209469825,43.120136,2,9.0,0.55,18.0,0.09437396,0.03627708,0.0,2,False,0.09437395632266998,0.036277081817388535,0.0,2,0,7.26695,18.713,35.9097,107.627,200.0,197.911,149.459,119.645,104.731,93.1299,83.8482,76.2543,67.6813,59.9851,49.4654,36.6799,25.752,18.3443,9.60093
2026-08-04T12:40:38+0200,723,0,14.05,213.92,223.762,35.816200256347656,0.44762301445007324,0.4064039885997772,5235.99,2,99.9152,0.0,0.159129,-0.0139815,0.0,HAIRPIN_LEFT,95.7509994506836,0.3487968553961978,43.109436,2,9.0,0.55,18.0,0.09415929,0.0362228,0.0,2,False,0.09415929019451141,0.036222800612449646,0.0,2,0,7.25946,18.5999,35.3924,102.528,200.0,199.886,156.517,124.077,108.085,95.751,85.9498,77.9741,69.0169,61.0175,50.1466,37.0321,25.9069,18.4089,9.60763
2026-08-04T12:40:38+0200,724,0,14.07,214.121,223.963,35.814998626708984,0.4451099932193756,0.4175260066986084,5235.99,2,99.9152,0.0,0.16001,-0.0139378,0.0,HAIRPIN_LEFT,98.52529907226562,0.34865890526783194,43.10432,2,9.0,0.55,18.0,0.093958504,0.036203295,0.0,2,False,0.09395850449800491,0.0362032949924469,0.0,2,0,7.25195,18.4876,34.8919,97.9298,200.0,200.0,164.27,128.849,111.661,98.5253,88.161,79.7752,70.4082,62.088,50.8491,37.393,26.0651,18.4751,9.61429
2026-08-04T12:40:38+0200,725,0,14.09,214.322,224.164,35.81399917602539,0.44412100315093994,0.42861199378967285,5235.99,2,99.9152,0.0,0.160867,-0.0138831,0.0,HAIRPIN_LEFT,101.46800231933594,0.34892903622821986,43.094803,2,9.0,0.55,18.0,0.093780555,0.036154427,0.0,2,False,0.09378055483102798,0.036154426634311676,0.0,2,0,7.24475,18.3768,34.408,93.7573,200.0,200.0,172.836,134.007,115.485,101.468,90.4921,81.6643,71.8595,63.1992,51.5733,37.7624,26.2263,18.5424,9.62067
2026-08-04T12:40:38+0200,726,0,14.11,214.523,224.365,35.81330108642578,0.44356900453567505,0.4371579885482788,5235.99,2,99.9152,0.0,0.161744,-0.013829,0.0,HAIRPIN_LEFT,104.61000061035156,0.34969843238096787,43.079773,2,9.0,0.55,18.0,0.09361434,0.036069036,0.0,2,False,0.09361433982849121,0.03606903553009033,0.0,2,0,7.23734,18.2657,33.9359,89.9365,200.0,200.0,182.387,139.622,119.602,104.61,92.9646,83.6576,73.3822,64.3595,52.325,38.1436,26.3922,18.6121,9.62723
2026-08-04T12:40:38+0200,727,0,14.13,214.724,224.567,35.81290054321289,0.4432060122489929,0.4433409869670868,5235.99,2,99.9152,0.0,0.162607,-0.0137722,0.0,HAIRPIN_LEFT,107.96800231933594,0.35078958436186963,43.06106,2,9.0,0.55,18.0,0.09346,0.03595897,0.0,2,False,0.09346000105142593,0.035958971828222275,0.0,2,0,7.23012,18.1554,33.4767,86.4272,200.0,200.0,192.626,145.753,124.042,107.968,95.588,85.761,74.9791,65.57,53.1039,38.5355,26.5621,18.6835,9.63363
2026-08-04T12:40:38+0200,728,0,14.15,214.926,224.768,35.812801361083984,0.4429199993610382,0.44705700874328613,5235.99,2,99.9152,0.0,0.163464,-0.0137142,0.0,HAIRPIN_LEFT,111.56500244140625,0.3485028576595732,43.07647,2,9.0,0.55,18.0,0.093315184,0.036059253,0.0,2,False,0.09331518411636353,0.03605925291776657,0.0,2,0,7.22294,18.0453,33.0293,83.1907,200.0,200.0,196.193,152.476,128.846,111.565,98.3775,87.9842,76.6563,66.8344,53.9119,38.9392,26.7364,18.7568,9.63999
2026-08-04T12:40:38+0200,729,0,14.17,215.127,224.969,35.813201904296875,0.43990999460220337,0.44806599617004395,5235.99,2,99.9152,0.0,0.164331,-0.0136417,0.0,HAIRPIN_LEFT,115.4020004272461,0.34566605060305045,43.09719,2,9.0,0.55,18.0,0.093189694,0.03619107,0.0,2,False,0.09318969398736954,0.03619106858968735,0.0,2,0,7.21579,17.9362,32.5955,80.2132,200.0,200.0,198.264,159.83,134.025,115.402,101.33,90.3228,78.4087,68.1481,54.7453,39.3525,26.9141,18.8317,9.64628
2026-08-04T12:40:38+0200,730,0,14.19,215.328,225.17,35.81380081176758,0.43860799074172974,0.44718900322914124,5235.99,2,99.9152,0.0,0.16517,-0.0135571,0.0,HAIRPIN_LEFT,119.51100158691406,0.342843695778991,43.11753,2,9.0,0.55,18.0,0.09309217,0.03631856,0.0,2,False,0.0930921733379364,0.03631855919957161,0.0,2,0,7.20897,17.8285,32.1752,77.4607,200.0,200.0,199.853,167.923,139.635,119.511,104.464,92.7889,80.2435,69.515,55.6058,39.7756,27.095,18.9078,9.65231
2026-08-04T12:40:38+0200,731,0,14.21,215.529,225.371,35.814701080322266,0.43790701031684875,0.4438779950141907,5235.99,2,99.9152,0.0,0.166033,-0.0134739,0.0,HAIRPIN_LEFT,123.94499969482422,0.33960104684068193,43.14177,2,9.0,0.55,18.0,0.09300844,0.0364681,0.0,2,False,0.09300844371318817,0.03646809980273247,0.0,2,0,7.20195,17.7204,31.7635,74.8933,200.0,200.0,200.0,176.916,145.762,123.945,107.816,95.4079,82.178,70.9475,56.5007,40.2124,27.2812,18.9864,9.65907
2026-08-04T12:40:38+0200,732,0,14.23,215.73,225.573,35.816200256347656,0.43288400769233704,0.36972901225090027,5235.99,2,99.9152,0.0,0.166875,-0.0134054,0.0,HAIRPIN_LEFT,128.7779998779297,0.3366222098433778,43.16288,2,9.0,0.55,18.0,0.0929212,0.036596663,0.0,2,False,0.0929211974143982,0.03659666329622269,0.0,2,0,7.19498,17.6119,31.3584,72.4771,200.0,200.0,200.0,187.043,152.53,128.778,111.434,98.2134,84.2337,72.4598,57.4378,40.6659,27.4735,19.0676,9.66649
2026-08-04T12:40:38+0200,733,0,14.25,215.932,225.774,35.81829833984375,0.43175798654556274,0.31374499201774597,5235.99,2,99.9152,0.0,0.167708,-0.0133382,0.0,HAIRPIN_LEFT,134.02999877929688,0.33183596102893215,43.202595,2,9.0,0.55,18.0,0.09283122,0.036837514,0.0,2,False,0.09283121675252914,0.036837514489889145,0.0,2,0,7.18809,17.5036,30.9621,70.2125,200.0,200.0,200.0,193.849,159.994,134.03,115.323,101.206,86.4081,74.0482,58.4135,41.1339,27.6709,19.151,9.67454
2026-08-04T12:40:38+0200,734,0,14.27,216.133,225.975,35.820499420166016,0.4326600134372711,0.27868399024009705,5235.99,2,99.9152,0.0,0.168556,-0.0132641,0.0,HAIRPIN_LEFT,139.7310028076172,0.32487274707635755,43.264862,2,9.0,0.55,18.0,0.09274454,0.03721942,0.0,2,False,0.09274453669786453,0.037219420075416565,0.0,2,0,7.18112,17.3955,30.5753,68.0928,200.0,200.0,200.0,196.317,168.228,139.731,119.498,104.39,88.7017,75.7115,59.4263,41.6154,27.8731,19.2365,9.68337
2026-08-04T12:40:38+0200,735,0,14.29,216.335,226.177,35.82270050048828,0.4340539872646332,0.25805801153182983,5235.99,2,99.9152,0.0,0.169381,-0.0131815,0.0,HAIRPIN_LEFT,145.94500732421875,0.31756811784901623,43.330536,2,9.0,0.55,18.0,0.092671275,0.03762387,0.0,2,False,0.09267127513885498,0.037623871117830276,0.0,2,0,7.17441,17.2885,30.1984,66.1048,200.0,200.0,200.0,198.084,177.362,145.945,123.991,107.785,91.1236,77.4543,60.4774,42.1102,28.0796,19.3236,9.69266
2026-08-04T12:40:38+0200,736,0,14.31,216.536,226.378,35.82550048828125,0.43283599615097046,0.20762300491333008,5235.99,2,99.9152,0.0,0.170228,-0.0130847,0.0,HAIRPIN_LEFT,152.7100067138672,0.3101614325163588,43.396988,2,9.0,0.55,18.0,0.09261811,0.038032427,0.0,2,False,0.09261810779571533,0.03803242743015289,0.0,2,0,7.16736,17.182,29.8315,64.2424,200.0,200.0,200.0,199.507,187.5,152.71,128.817,111.397,93.6748,79.2755,61.5651,42.6175,28.2902,19.4127,9.7027
2026-08-04T12:40:38+0200,737,0,14.33,216.737,226.579,35.8291015625,0.43256500363349915,0.16087199747562408,5235.99,2,99.9152,0.0,0.171055,-0.0129724,0.0,HAIRPIN_LEFT,160.10800170898438,0.29963150049826376,43.496708,2,9.0,0.55,18.0,0.09259562,0.038649235,0.0,2,False,0.09259562194347382,0.03864923492074013,0.0,2,0,7.16001,17.0768,29.4749,62.4938,200.0,200.0,200.0,200.0,193.361,160.108,134.019,115.249,96.3662,81.1801,62.6909,43.137,28.5045,19.5031,9.71317
2026-08-04T12:40:38+0200,738,0,14.35,216.939,226.781,35.83300018310547,0.4332619905471802,0.1255899965763092,5235.99,2,99.9152,0.0,0.171874,-0.0128593,0.0,HAIRPIN_LEFT,168.28700256347656,0.2795770746592026,43.694992,2,9.0,0.55,18.0,0.092594735,0.039899442,0.0,2,False,0.09259473532438278,0.039899442344903946,0.0,2,0,7.15211,16.9718,29.1253,60.8374,177.616,200.0,200.0,200.0,195.693,168.287,139.679,119.392,99.2287,83.1878,63.865,43.6731,28.7242,19.5957,9.72427
2026-08-04T12:40:38+0200,739,0,14.37,217.14,226.982,35.83760070800781,0.4347809851169586,0.1084590032696724,5235.99,2,99.9152,0.0,0.172709,-0.0127559,0.0,HAIRPIN_LEFT,177.4149932861328,0.2609015707393769,43.878914,2,9.0,0.55,18.0,0.092595965,0.041065063,0.0,2,False,0.09259596467018127,0.04106506332755089,0.0,2,0,7.14338,16.8659,28.7801,59.2579,164.406,200.0,200.0,200.0,197.409,177.415,145.887,123.881,102.293,85.3167,65.0966,44.2297,28.9512,19.6914,9.73633
2026-08-04T12:40:38+0200,740,0,14.39,217.342,227.184,35.84299850463867,0.43635499477386475,0.1064089983701706,5235.99,2,99.9152,0.0,0.173519,-0.0126597,0.0,HAIRPIN_LEFT,187.6649932861328,0.2415983303118011,44.069244,2,9.0,0.55,18.0,0.09259404,0.042279962,0.0,2,False,0.09259404242038727,0.042279962450265884,0.0,2,0,7.13419,16.7602,28.4406,57.7517,152.994,200.0,200.0,200.0,198.818,187.665,152.723,128.758,105.578,87.5759,66.3879,44.8065,29.1847,19.7897,9.74898
2026-08-04T12:40:38+0200,741,0,14.41,217.543,227.385,35.849300384521484,0.4375540018081665,0.11362099647521973,5235.99,2,99.9152,0.0,0.174343,-0.0125725,0.0,HAIRPIN_LEFT,192.86599731445312,0.22158195445357004,44.26685,2,9.0,0.55,18.0,0.09257902,0.043550834,0.0,2,False,0.09257902204990387,0.04355083405971527,0.0,2,0,7.12424,16.6537,28.1054,56.3121,143.037,200.0,200.0,200.0,200.0,192.866,160.284,134.073,109.109,89.9779,67.744,45.4053,29.4257,19.8912,9.76257
2026-08-04T12:40:38+0200,742,0,14.43,217.745,227.587,35.85649871826172,0.43834400177001953,0.12589700520038605,5235.99,2,99.9152,0.0,0.175161,-0.0124888,0.0,HAIRPIN_LEFT,195.13499450683594,0.2002509499025766,44.478264,2,9.0,0.55,18.0,0.09255235,0.044923253,0.0,2,False,0.09255234897136688,0.04492325335741043,0.0,2,0,7.1137,16.5472,27.7756,54.938,134.285,200.0,200.0,200.0,200.0,195.135,168.674,139.876,112.904,92.5304,69.1662,46.0256,29.6735,19.9954,9.77687
2026-08-04T12:40:38+0200,743,0,14.45,217.946,227.789,35.86539840698242,0.4387950003147125,0.13993099331855774,5235.99,2,99.9152,0.0,0.175963,-0.0124045,0.0,MEDIUM_LEFT,196.822998046875,0.17814662608912946,85.67076,4,7.0,0.55,18.0,0.0952839,0.4386286,0.0,2,False,0.09528390318155289,0.438628613948822,0.0,2,0,7.10271,16.4411,27.452,53.6271,126.541,200.0,200.0,200.0,200.0,196.823,178.02,146.225,116.989,95.2428,70.6563,46.6669,29.9276,20.102,9.7918
2026-08-04T12:40:38+0200,744,0,14.47,218.148,227.99,35.87540054321289,0.43896299600601196,0.15248000621795654,5235.99,2,99.9152,0.0,0.176795,-0.0123225,0.0,MEDIUM_LEFT,198.21299743652344,0.1551739793631406,86.10899,4,7.0,0.55,18.0,0.09701978,0.44109914,0.0,2,False,0.09701977670192719,0.4410991370677948,0.0,2,0,7.09086,16.3343,27.1329,52.3725,119.638,200.0,200.0,200.0,200.0,198.213,188.446,153.201,121.396,98.1318,72.2209,47.3317,30.1894,20.2118,9.80774
2026-08-04T12:40:38+0200,745,0,14.49,218.35,228.193,36.126399993896484,0.4461820125579834,0.162881001830101,5235.99,2,99.9151,0.0,0.177608,-0.0121586,0.0,MEDIUM_LEFT,199.3679962158203,0.13752382704735466,86.43006,4,7.0,0.55,18.0,0.09808027,0.44294938,0.0,2,False,0.09808026999235153,0.4429493844509125,0.0,2,0,7.07918,16.2318,26.8303,51.2124,113.641,200.0,200.0,200.0,200.0,199.368,192.404,160.633,126.001,101.107,73.8071,47.9958,30.4485,20.3201,9.82355
2026-08-04T12:40:38+0200,746,0,14.51,218.554,228.397,36.40679931640625,0.4586290121078491,0.17282800376415253,5235.99,2,99.915,0.0,0.17843,-0.0119142,0.0,EXIT,200.0,0.12132676197454945,113.11479,4,5.0,0.35,18.0,0.07756707,0.7526607,0.0,2,False,0.07756707072257996,0.7526606917381287,0.0,2,0,7.06737,16.1324,26.5413,50.1312,108.362,200.0,200.0,200.0,200.0,200.0,194.453,168.594,130.833,104.184,75.4219,48.6625,30.7065,20.4277,9.83956
2026-08-04T12:40:38+0200,747,0,14.53,218.76,228.602,36.68830108642578,0.467413991689682,0.18059000372886658,5235.99,2,99.9149,0.0,0.179256,-0.0116683,0.0,EXIT,200.0,0.10481979675195875,113.50279,4,5.0,0.35,18.0,0.06422195,0.7672023,0.0,2,False,0.06422194838523865,0.7672023177146912,0.0,2,0,7.05487,16.0321,26.254,49.0834,103.511,200.0,200.0,200.0,200.0,200.0,196.029,177.478,136.108,107.492,77.1295,49.3574,30.9734,20.5388,9.85644
2026-08-04T12:40:38+0200,748,0,14.55,218.968,228.81,37.135398864746094,0.4179629981517792,0.18513700366020203,5235.99,2,99.9148,0.0,0.18005,-0.0111788,0.0040547885,EXIT,200.0,0.08971545074422402,113.84416,4,5.0,0.35,18.0,0.055647254,0.77569276,0.0,2,False,0.05564725399017334,0.7756927609443665,0.0,2,0,7.04376,15.9434,26.0021,48.1814,99.5197,200.0,200.0,200.0,200.0,200.0,197.189,186.287,141.217,110.644,78.7291,49.9982,31.2169,20.6395,9.87165
2026-08-04T12:40:38+0200,749,0,14.57,219.178,229.02,37.639198303222656,0.36008399724960327,0.18715700507164001,5235.99,2,99.9146,0.0,0.180775,-0.0103678,0.0039593456,EXIT,200.0,0.07918032527854711,114.06655,4,5.0,0.35,18.0,0.050352097,0.78298134,0.0,2,False,0.05035209655761719,0.7829813361167908,0.0,2,0,7.03483,15.87,25.7939,47.4452,96.3749,200.0,200.0,200.0,200.0,200.0,198.024,190.433,145.86,113.465,80.1372,50.5536,31.4254,20.725,9.8842
2026-08-04T12:40:38+0200,750,0,14.59,219.391,229.234,38.130001068115234,0.31376901268959045,0.1546420007944107,5235.99,2,99.9145,0.0,0.181426,-0.00929278,0.010791515,EXIT,200.0,0.07141326139686256,114.22059,4,5.0,0.35,18.0,0.047348123,0.78366834,0.0,2,False,0.04734812304377556,0.7836683392524719,0.0,2,0,7.02765,15.8086,25.6198,46.8351,93.841,200.0,200.0,200.0,200.0,200.0,198.643,192.052,150.087,115.997,81.3824,51.0378,31.6053,20.7981,9.8946
2026-08-04T12:40:38+0200,751,0,14.61,219.607,229.45,38.63479995727539,0.27630001306533813,0.0637575015425682,5235.99,2,99.9142,0.0,0.182003,-0.008066,0.015941242,EXIT,200.0,0.05531666403087474,114.58394,4,5.0,0.35,18.0,0.045925606,0.78613603,0.0,2,False,0.04592560604214668,0.7861360311508179,0.0,2,0,7.02135,15.7535,25.4637,46.2932,91.6436,180.051,200.0,200.0,200.0,200.0,199.144,193.161,154.17,118.411,82.5538,51.4877,31.7709,20.865,9.90392
2026-08-04T12:40:38+0200,752,0,14.63,219.826,229.669,39.160499572753906,0.24999099969863892,-0.0015577099984511733,5235.99,2,99.914,0.0,0.182508,-0.00673538,0.011316057,GENTLE_LEFT,200.0,0.045310841037991906,124.35884,5,5.5,0.55,18.0,0.06849906,0.7019686,0.0,2,False,0.06849905848503113,0.7019686102867126,0.0,2,0,7.01554,15.7022,25.3186,45.7937,89.663,172.488,200.0,200.0,200.0,200.0,199.569,194.022,158.239,120.786,83.692,51.9198,31.9287,20.9283,9.91264
2026-08-04T12:40:38+0200,753,0,14.65,220.048,229.891,39.68119812011719,0.23536700010299683,-0.047914400696754456,5235.99,2,99.9138,0.0,0.182952,-0.00532472,0.008923579,STRAIGHT,200.0,0.035928990604374884,162.89783,6,4.5,0.0,18.0,0.020654477,0.89023936,0.0,2,False,0.020654477179050446,0.8902393579483032,0.0,2,0,7.00992,15.6531,25.1805,45.3234,87.8379,165.795,200.0,200.0,200.0,200.0,199.941,194.733,162.363,123.165,84.8179,52.3431,32.0823,20.9898,9.92113
2026-08-04T12:40:38+0200,754,0,14.67,220.273,230.115,40.16019821166992,0.2808670103549957,-0.09315989911556244,5235.99,2,99.9136,0.0,0.183362,-0.00414455,0.0,STRAIGHT,200.0,0.024710998048449468,163.24197,6,4.5,0.0,18.0,-0.00981405,0.92789775,0.0,2,False,-0.009814050048589706,0.9278977513313293,0.0,2,0,7.00196,15.5908,25.0092,44.7525,85.684,158.233,200.0,200.0,200.0,200.0,200.0,195.543,167.755,126.234,86.2533,52.8785,32.2767,21.0682,9.93265
2026-08-04T12:40:39+0200,755,0,14.69,220.501,230.343,40.705101013183594,0.1943330019712448,-0.13176900148391724,5235.99,2,99.9134,0.0,0.183701,-0.0025503,0.01700264,STRAIGHT,200.0,0.016772405708902607,163.4637,6,4.5,0.0,18.0,-0.028760955,0.92525643,0.0,2,False,-0.02876095473766327,0.9252564311027527,0.0,2,0,6.99661,15.5466,24.8872,44.3472,84.1815,153.141,200.0,200.0,200.0,200.0,200.0,196.02,171.923,128.571,87.3303,53.2747,32.4189,21.125,9.94066
2026-08-04T12:40:39+0200,756,0,14.71,220.732,230.574,41.307098388671875,0.07840730249881744,-0.15326499938964844,5235.99,2,99.9132,0.0,0.183882,-9.39369e-05,0.02049047,STRAIGHT,200.0,0.015619556066707759,163.44049,6,4.5,0.0,18.0,-0.03975898,0.91223514,0.0,2,False,-0.03975898027420044,0.9122351408004761,0.0,2,0,6.99775,15.5426,24.8703,44.2794,83.9075,152.188,200.0,200.0,200.0,200.0,200.0,195.942,172.763,129.031,87.5348,53.3448,32.4411,21.132,9.94012
2026-08-04T12:40:39+0200,757,0,14.73,220.966,230.808,41.91790008544922,-0.023351499810814857,-0.1573989987373352,5235.99,2,99.9129,0.0,0.183835,0.00306678,0.018954467,STRAIGHT,200.0,0.01993180292504237,163.22484,6,4.5,0.0,18.0,-0.04521051,0.9054168,0.0,2,False,-0.04521051049232483,0.9054167866706848,0.0,2,0,7.00477,15.5721,24.9398,44.4838,84.6063,154.436,200.0,200.0,200.0,200.0,200.0,195.436,170.828,127.938,87.0207,53.1468,32.364,21.0975,9.93205
2026-08-04T12:40:39+0200,758,0,14.75,221.204,231.046,42.52159881591797,-0.10166600346565247,-0.14979800581932068,5235.99,2,99.9127,0.0,0.183571,0.00670385,0.016621081,STRAIGHT,200.0,0.028233282223605837,162.87012,6,4.5,0.0,18.0,-0.04679583,0.90014046,0.0,2,False,-0.04679583013057709,0.9001404643058777,0.0,2,0,7.01594,15.6247,25.0681,44.8741,85.9814,158.993,200.0,200.0,200.0,200.0,199.476,194.628,167.184,125.869,86.0476,52.7746,32.2217,21.0354,9.91877
2026-08-04T12:40:39+0200,759,0,14.77,221.445,231.287,43.1171989440918,-0.15472500026226044,-0.1362069994211197,5236.31,2,99.9125,0.0,0.183099,0.0106273,0.01557154,STRAIGHT,200.0,0.038865477824604464,162.43541,6,4.5,0.0,18.0,-0.045703847,0.8959127,0.0,2,False,-0.04570384696125984,0.8959127068519592,0.0,2,0,7.02981,15.6913,25.2321,45.3795,87.7975,165.206,200.0,200.0,200.0,200.0,198.699,193.607,162.748,123.323,84.8374,52.3082,32.0429,20.9574,9.9023
2026-08-04T12:40:39+0200,760,0,14.79,221.689,231.532,43.70949935913086,-0.1876949965953827,-0.12170100212097168,5312.15,2,99.9123,0.0,0.182444,0.0147125,0.016185483,GENTLE_LEFT,200.0,0.050791724414815914,123.84935,5,5.5,0.55,18.0,0.020487543,0.6957597,0.0,2,False,0.02048754319548607,0.6957597136497498,0.0,2,0,7.04525,15.7658,25.4165,45.9534,89.9028,172.687,200.0,200.0,200.0,200.0,197.835,192.42,158.084,120.611,83.5314,51.7993,31.8464,20.8714,9.88406
2026-08-04T12:40:39+0200,761,0,14.81,221.935,231.777,44.30630111694336,-0.20238900184631348,-0.11072800308465958,5394.33,2,99.912,0.0,0.181618,0.0165241,0.018008528,EXIT,200.0,0.06309594739164114,113.9754,4,5.0,0.35,18.0,0.041294377,0.7934895,0.0,2,False,0.04129437729716301,0.7934895157814026,0.0,2,0,7.06185,15.8447,25.6116,46.564,92.188,181.153,200.0,200.0,200.0,200.0,196.919,191.091,153.529,117.924,82.2186,51.2808,31.6441,20.782,9.86471
2026-08-04T12:40:39+0200,762,0,14.83,222.182,232.025,44.82170104980469,-0.05216740071773529,-0.10458499938249588,5352.92,2,99.9119,0.0,0.180812,0.0169429,0.0,EXIT,200.0,0.0675556224843775,113.830475,4,5.0,0.35,18.0,0.055062667,0.793056,0.0,2,False,0.0550626665353775,0.7930560111999512,0.0,2,0,7.07187,15.8807,25.692,46.7947,93.0091,184.199,200.0,200.0,200.0,200.0,196.452,190.476,152.047,117.03,81.7668,51.0925,31.565,20.7439,9.85399
2026-08-04T12:40:39+0200,763,0,14.85,222.433,232.275,45.3296012878418,0.07298029959201813,-0.10330799967050552,5470.68,2,99.9117,0.0,0.18014,0.0162544,0.008917202,EXIT,200.0,0.06190483488320719,113.93839,4,5.0,0.35,18.0,0.063625336,0.7814173,0.0,2,False,0.06362533569335938,0.7814173102378845,0.0,2,0,7.07263,15.8602,25.6225,46.5298,91.89,179.693,200.0,200.0,200.0,200.0,196.573,190.867,154.237,118.306,82.3724,51.3157,31.6416,20.7714,9.85494
2026-08-04T12:40:39+0200,764,0,14.87,222.686,232.528,45.871299743652344,0.16562999784946442,-0.10378500074148178,5544.46,2,99.9114,0.0,0.1796,0.0149546,0.010516131,GENTLE_LEFT,200.0,0.05090918732475763,123.69144,5,5.5,0.55,18.0,0.09129295,0.6892233,0.0,2,False,0.09129294753074646,0.6892232894897461,0.0,2,0,7.06781,15.8077,25.4702,45.9981,89.774,171.664,200.0,200.0,200.0,200.0,196.991,191.697,158.654,120.872,83.594,51.7753,31.8072,20.8366,9.86285
2026-08-04T12:40:39+0200,765,0,14.89,222.943,232.785,46.41680145263672,0.23353299498558044,-0.10519599914550781,5608.81,2,99.9112,0.0,0.179176,0.0132719,0.010212104,STRAIGHT,200.0,0.03681214486689901,162.1964,6,4.5,0.0,18.0,0.046357326,0.8700768,0.0,2,False,0.046357326209545135,0.8700767755508423,0.0,2,0,7.05923,15.7351,25.2675,45.3135,87.15,162.236,200.0,200.0,200.0,200.0,197.558,192.681,164.807,124.398,85.2524,52.3957,32.032,20.9267,9.87545
2026-08-04T12:40:39+0200,766,0,14.91,223.202,233.044,46.901798248291016,0.33361300826072693,-0.1394689977169037,5655.16,2,99.911,0.0,0.178914,0.0110447,0.0071415757,STRAIGHT,200.0,0.018311276770913633,162.80359,6,4.5,0.0,18.0,0.016137574,0.9032177,0.0,2,False,0.01613757386803627,0.9032176733016968,0.0,2,0,7.04539,15.6345,24.9955,44.4232,83.8776,151.2,200.0,200.0,200.0,200.0,198.322,193.87,173.778,129.431,87.5758,53.2545,32.343,21.0526,9.89474
2026-08-04T12:40:39+0200,767,0,14.93,223.464,233.307,47.46039962768555,0.26243099570274353,-0.19822299480438232,5877.86,2,99.9107,0.0,0.178746,0.00903559,0.03519331,STRAIGHT,200.0,0.0018029420669622154,163.33186,6,4.5,0.0,18.0,-0.00440713,0.90699714,0.0,2,False,-0.004407130181789398,0.9069971442222595,0.0,2,0,7.0324,15.5437,24.7533,43.6465,81.1247,142.452,200.0,200.0,200.0,200.0,198.93,194.782,182.768,134.344,89.7898,54.0575,32.631,21.1689,9.91283
2026-08-04T12:40:39+0200,768,0,14.95,223.73,233.572,48.11470031738281,0.15816399455070496,-0.23479799926280975,6014.92,2,99.9104,0.0,0.178569,0.00788713,0.045636937,STRAIGHT,200.0,-0.005887718065660139,163.15138,6,4.5,0.0,18.0,-0.018216854,0.90614367,0.0,2,False,-0.018216853961348534,0.9061436653137207,0.0,2,0,7.0257,15.4938,24.6195,43.2191,79.6392,137.907,200.0,200.0,200.0,200.0,199.144,195.15,185.432,137.316,91.1005,54.5239,32.7957,21.2345,9.92254
2026-08-04T12:40:39+0200,769,0,14.97,223.999,233.842,48.80720138549805,0.07015729695558548,-0.259550005197525,6115.72,2,99.9101,0.0,0.178319,0.0075233,0.048585057,STRAIGHT,200.0,-0.0077545554139953725,163.02429,6,4.5,0.0,18.021584,-0.027243078,0.8957008,0.0,2,False,-0.027243077754974365,0.8957008123397827,0.0,2,0,7.02524,15.4817,24.5832,43.0956,79.1986,136.56,200.0,200.0,200.0,200.0,199.027,195.084,185.791,138.262,91.5088,54.6644,32.8429,21.2519,9.92399
2026-08-04T12:40:39+0200,770,0,14.99,224.273,234.115,49.52220153808594,0.0023751400876790285,-0.2727949917316437,6195.11,2,99.9098,0.0,0.177995,0.00776434,0.04716348,STRAIGHT,200.0,-0.0056547342094970966,163.0148,6,4.5,0.0,18.288912,-0.032846943,0.89190406,0.0,2,False,-0.03284694254398346,0.8919040560722351,0.0,2,0,7.02974,15.4989,24.6219,43.203,79.5373,137.531,200.0,200.0,200.0,200.0,198.662,194.699,185.228,137.576,91.2,54.5486,32.798,21.2315,9.91891
2026-08-04T12:40:39+0200,771,0,15.01,224.55,234.392,50.24620056152344,-0.04730759933590889,-0.2764669954776764,6258.31,2,99.9095,0.0,0.177594,0.00843531,0.04271957,STRAIGHT,200.0,-0.0006238809132763615,163.09315,6,4.5,0.0,18.528496,-0.03600281,0.8918809,0.0,2,False,-0.036002811044454575,0.8918809294700623,0.0,2,0,7.03796,15.5376,24.715,43.478,80.4449,140.22,200.0,200.0,200.0,200.0,198.118,194.081,183.878,135.759,90.3887,54.2514,32.6875,21.1841,9.90899
2026-08-04T12:40:39+0200,772,0,15.03,224.831,234.674,50.96910095214844,-0.08426719903945923,-0.2739439904689789,6332.37,2,99.9092,0.0,0.177112,0.00939572,0.039967354,STRAIGHT,200.0,0.007109943184857061,162.78793,6,4.5,0.0,18.90488,-0.03741566,0.88914317,0.0,2,False,-0.03741566091775894,0.889143168926239,0.0,2,0,7.04897,15.5914,24.8466,43.8724,81.7699,144.236,200.0,200.0,200.0,200.0,197.444,193.293,180.833,133.248,89.2585,53.8357,32.533,21.1181,9.89559
2026-08-04T12:40:39+0200,773,0,15.05,225.117,234.959,51.69129943847656,-0.10893400013446808,-0.26890501379966736,6426.98,2,99.9089,0.0,0.17655,0.010541,0.04058776,STRAIGHT,200.0,0.01732064055853366,162.35455,6,4.5,0.0,19.330885,-0.037596315,0.8842143,0.0,2,False,-0.037596315145492554,0.8842142820358276,0.0,2,0,7.06204,15.6558,25.0049,44.3509,83.405,149.328,200.0,200.0,200.0,200.0,196.678,192.375,175.601,130.371,87.9469,53.3483,32.3508,21.0401,9.87976
2026-08-04T12:40:39+0200,774,0,15.07,225.406,235.248,52.41619873046875,-0.12253700196743011,-0.2635580003261566,6534.61,2,99.9086,0.0,0.175907,0.0117956,0.04325502,STRAIGHT,199.322998046875,0.028542012654366507,161.88594,6,4.5,0.0,19.775356,-0.036914196,0.87844807,0.0,2,False,-0.036914195865392685,0.8784480690956116,0.0,2,0,7.07662,15.7273,25.1811,44.8879,85.2731,155.332,200.0,200.0,200.0,199.323,195.846,191.354,170.198,127.353,86.5505,52.8227,32.1528,20.9548,9.86226
2026-08-04T12:40:39+0200,775,0,15.09,225.7,235.542,53.14540100097656,-0.1297609955072403,-0.26050299406051636,6651.8,2,99.9082,0.0,0.175183,0.0131283,0.04730249,STRAIGHT,198.54100036621094,0.04056604551445953,161.3893,6,4.5,0.55,20.23678,0.021554433,0.872102,0.0,2,False,0.021554432809352875,0.8721020221710205,0.0,2,0,7.09253,15.8048,25.3721,45.4742,87.3523,162.258,200.0,200.0,200.0,198.541,194.955,190.233,164.8,124.29,85.1105,52.2734,31.9437,20.8641,9.84338
2026-08-04T12:40:39+0200,776,0,15.11,225.997,235.839,53.88059997558594,-0.12775099277496338,-0.2614409923553467,6775.64,2,99.9078,0.0,0.174378,0.0145048,0.05224216,GENTLE_LEFT,197.72500610351562,0.053172269327538775,123.01992,5,5.5,0.55,20.713402,0.06173072,0.6813747,0.0,2,False,0.06173072010278702,0.681374728679657,0.0,2,0,7.1095,15.8865,25.5739,46.0982,89.6113,170.089,200.0,200.0,200.0,197.725,194.016,189.013,159.559,121.267,83.667,51.7147,31.7289,20.7703,9.82348
2026-08-04T12:40:39+0200,777,0,15.13,226.299,236.141,54.625301361083984,0.007518080063164234,-0.2645829916000366,6900.19,2,99.9074,0.0,0.173571,0.0150568,0.057201523,EXIT,197.21200561523438,0.05872236734654346,113.36768,4,5.0,0.35,21.10302,0.06664924,0.74456125,0.0,3,False,0.06664924323558807,0.7445612549781799,0.0,3,0,7.12049,15.9288,25.6707,46.3802,90.6023,173.544,200.0,200.0,200.0,197.212,193.453,188.33,157.482,120.045,83.0669,51.4726,31.6305,20.7243,9.81147
2026-08-04T12:40:39+0200,778,0,15.15,226.604,236.447,55.32619857788086,0.14656700193881989,-0.2688800096511841,6745.05,2,99.9071,0.0,0.172903,0.0140842,0.021272294,GENTLE_LEFT,197.27699279785156,0.050883075660351204,122.975494,5,5.5,0.55,21.29182,0.090513706,0.6765828,0.0,2,False,0.09051370620727539,0.6765828132629395,0.0,2,0,7.11912,15.8945,25.5651,46.0015,89.0945,167.968,200.0,200.0,200.0,197.277,193.621,188.738,160.889,121.997,83.9798,51.8082,31.7477,20.7684,9.81516
2026-08-04T12:40:39+0200,779,0,15.17,226.913,236.755,55.535301208496094,0.2335519939661026,-0.27670401334762573,5342.2,3,99.9071,0.0,0.172405,0.0121973,0.0,STRAIGHT,197.66600036621094,0.03525888385908751,161.34998,6,4.5,0.0,21.162222,0.047346525,0.8705877,0.0,3,False,0.04734652489423752,0.8705877065658569,0.0,3,0,7.10962,15.8133,25.339,45.2426,86.2318,157.985,200.0,200.0,200.0,197.666,194.184,189.676,168.064,126.062,85.871,52.5089,31.9999,20.8689,9.82903
2026-08-04T12:40:39+0200,780,0,15.19,227.221,237.063,55.505401611328125,0.34464699029922485,-0.29005300998687744,5357.08,3,99.9071,0.0,0.172107,0.00957394,0.0,STRAIGHT,198.28399658203125,0.013561803643140542,162.12465,6,4.5,0.0,20.84731,0.01799915,0.90186375,0.0,3,False,0.01799914985895157,0.9018637537956238,0.0,3,0,7.09313,15.6946,25.0197,44.2088,82.5104,145.873,200.0,200.0,200.0,198.284,195.009,190.904,179.235,132.237,88.6798,53.5347,32.3687,21.0177,9.85179
2026-08-04T12:40:39+0200,781,0,15.21,227.529,237.372,55.49440002441406,0.2753719985485077,-0.2990269958972931,5235.99,3,99.9071,0.0,0.171976,0.00713599,0.0,STRAIGHT,198.7949981689453,-0.002390937665250686,162.53427,6,4.5,0.0,20.682722,-0.002286952,0.92371637,0.0,3,False,-0.0022869519889354706,0.9237163662910461,0.0,3,0,7.0767,15.5833,24.7262,43.2828,79.3175,136.154,200.0,200.0,200.0,198.795,195.687,191.879,183.4,138.566,91.4734,54.5321,32.7236,21.1607,9.87433
2026-08-04T12:40:39+0200,782,0,15.23,227.839,237.681,55.85350036621094,0.16541099548339844,-0.29570499062538147,5314.6,3,99.9069,0.0,0.17183,0.00577188,0.0025459107,STRAIGHT,198.92799377441406,-0.010275092595112808,162.25986,6,4.5,0.0,20.924747,-0.016094727,0.9302408,0.0,3,False,-0.01609472744166851,0.93024080991745,0.0,3,0,7.06817,15.5231,24.5672,42.7853,77.6439,131.274,200.0,200.0,200.0,198.928,195.908,192.245,184.559,142.371,93.1094,55.1034,32.9237,21.2403,9.88641
2026-08-04T12:40:39+0200,783,0,15.25,228.15,237.993,56.33649826049805,0.07172860205173492,-0.28302499651908875,5360.33,3,99.9066,0.0,0.171646,0.00532728,0.0027067272,STRAIGHT,198.75900268554688,-0.012398838935549132,162.14621,6,4.5,0.0,21.150888,-0.025210971,0.9216858,0.0,3,False,-0.025210971012711525,0.9216858148574829,0.0,3,0,7.06656,15.5061,24.5199,42.6327,77.1265,129.78,200.0,200.0,200.0,198.759,195.769,192.156,184.7,143.64,93.6446,55.2858,32.9856,21.264,9.8892
2026-08-04T12:40:39+0200,784,0,15.27,228.465,238.307,56.82849884033203,-0.0024663200601935387,-0.27081298828125,5403.74,3,99.9064,0.0,0.17139,0.00552988,0.002183364,STRAIGHT,198.38099670410156,-0.010575450660265183,162.15118,6,4.5,0.0,21.333614,-0.030945398,0.9172098,0.0,3,False,-0.030945397913455963,0.917209804058075,0.0,3,0,7.0702,15.5202,24.5515,42.7196,77.3932,130.51,200.0,200.0,200.0,198.381,195.385,191.761,184.251,143.017,93.3728,55.1865,32.9478,21.247,9.88506
2026-08-04T12:40:39+0200,785,0,15.29,228.782,238.624,57.32210159301758,-0.0581061989068985,-0.2598629891872406,5443.52,3,99.9062,0.0,0.171049,0.0061689,0.00092715287,STRAIGHT,197.86000061035156,-0.006051409754882828,162.23811,6,4.5,0.0,21.483742,-0.034254737,0.91479176,0.0,3,False,-0.034254737198352814,0.9147917628288269,0.0,3,0,7.07768,15.556,24.6377,42.9716,78.2013,132.79,200.0,200.0,200.0,197.86,194.833,191.157,183.389,141.143,92.5621,54.8972,32.8421,21.2022,9.87594
2026-08-04T12:40:39+0200,786,0,15.31,229.102,238.944,57.81439971923828,-0.09933830052614212,-0.2531760036945343,5486.96,3,99.9059,0.0,0.17062,0.00709128,0.00036049596,STRAIGHT,197.24200439453125,0.0002556244371173205,162.36307,6,4.5,0.0,21.617252,-0.035837747,0.91381073,0.0,3,False,-0.035837747156620026,0.9138107299804688,0.0,3,0,7.08796,15.6067,24.7613,43.3368,79.3908,136.21,200.0,200.0,199.881,197.242,194.166,190.407,182.182,138.527,91.4206,54.4877,32.6924,21.1389,9.86335
2026-08-04T12:40:39+0200,787,0,15.33,229.425,239.267,58.307498931884766,-0.12681999802589417,-0.25235000252723694,5534.33,3,99.9057,0.0,0.170108,0.00818646,0.00049228256,STRAIGHT,196.55999755859375,0.007538110987885863,162.05872,6,4.5,0.0,21.926893,-0.036204383,0.9100068,0.0,3,False,-0.03620438277721405,0.9100068211555481,0.0,3,0,7.10023,15.6674,24.9096,43.7784,80.8498,140.504,200.0,200.0,199.241,196.56,193.421,189.554,180.615,135.543,90.1001,54.0089,32.5162,21.0642,9.8484
2026-08-04T12:40:39+0200,788,0,15.35,229.75,239.592,58.803001403808594,-0.1453620046377182,-0.2575719952583313,5584.61,3,99.9055,0.0,0.169506,0.00938904,0.0010924252,STRAIGHT,195.83200073242188,0.01591253336297129,161.71625,6,4.5,0.0,22.255379,-0.035718076,0.90639824,0.0,3,False,-0.035718075931072235,0.9063982367515564,0.0,3,0,7.11409,15.7352,25.0755,44.2753,82.5167,145.541,200.0,200.0,198.563,195.832,192.62,188.622,178.455,132.403,88.6891,53.4905,32.3237,20.982,9.83171
2026-08-04T12:40:39+0200,789,0,15.37,230.078,239.921,59.30070114135742,-0.15433600544929504,-0.2676999866962433,5635.6,3,99.9053,0.0,0.168826,0.0106482,0.0017394013,STRAIGHT,195.072998046875,0.02612437907620695,161.30875,6,4.5,0.0,22.614326,-0.03464186,0.90283316,0.0,3,False,-0.03464185819029808,0.9028331637382507,0.0,3,0,7.12906,15.8077,25.2528,44.8097,84.3397,151.219,200.0,200.0,197.859,195.073,191.779,187.629,173.985,129.26,87.2534,52.9555,32.1231,20.8957,9.81388
2026-08-04T12:40:39+0200,790,0,15.39,230.409,240.251,59.800498962402344,-0.15856899321079254,-0.281046986579895,5687.53,3,99.905,0.0,0.168059,0.0119351,0.0025114657,STRAIGHT,194.29299926757812,0.037143272154810315,160.87338,6,4.5,0.0,22.9887,-0.033160366,0.8993541,0.0,3,False,-0.033160366117954254,0.899354100227356,0.0,3,0,7.14504,15.8838,25.4387,45.3725,86.2923,157.501,200.0,199.611,197.137,194.293,190.908,186.583,168.496,126.186,85.8265,52.416,31.9184,20.8068,9.7951
2026-08-04T12:40:39+0200,791,0,15.41,230.743,240.585,60.305198669433594,-0.15792599320411682,-0.2904149889945984,5737.05,3,99.9048,0.0,0.167214,0.0132288,0.0028080908,GENTLE_LEFT,193.49600219726562,0.04819440733774886,122.68745,5,5.5,0.55,23.368292,0.024283648,0.699251,0.0,3,False,0.024283647537231445,0.6992509961128235,0.0,3,0,7.16179,15.9623,25.6302,45.9557,88.3527,164.367,200.0,198.921,196.402,193.496,190.013,185.488,163.299,123.229,84.4313,51.8806,31.7131,20.7169,9.77568
2026-08-04T12:40:39+0200,792,0,15.43,231.08,240.922,60.81209945678711,-0.1525530070066452,-0.29475098848342896,5786.8,3,99.9045,0.0,0.166296,0.014493,0.003027795,EXIT,192.6959991455078,0.05918467280714939,112.94412,4,5.0,0.35,23.750698,0.04189942,0.79032934,0.0,3,False,0.0418994203209877,0.7903293371200562,0.0,3,0,7.17901,16.0415,25.8227,46.5444,90.4693,171.685,200.0,198.23,195.666,192.696,189.11,184.358,158.503,120.457,83.1027,51.3632,31.5122,20.628,9.75598
2026-08-04T12:40:39+0200,793,0,15.45,231.419,241.261,61.2422981262207,-0.009283890016376972,-0.29731500148773193,5755.42,3,99.9043,0.0,0.165392,0.0148592,0.0,EXIT,192.22000122070312,0.06269881148863812,112.83046,4,5.0,0.35,23.988325,0.053586338,0.78289497,0.0,3,False,0.053586337715387344,0.7828949689865112,0.0,3,0,7.1895,16.0768,25.8988,46.7533,91.1703,174.058,200.0,197.781,195.206,192.22,188.607,183.794,157.078,119.611,82.6801,51.1871,31.4372,20.5911,9.74496
2026-08-04T12:40:39+0200,794,0,15.47,231.76,241.602,61.663700103759766,0.09867359697818756,-0.299019992351532,5830.12,3,99.904,0.0,0.164621,0.0140165,0.0,EXIT,192.18899536132812,0.05594758605764263,112.97271,4,5.0,0.35,24.065668,0.060734052,0.77749795,0.0,3,False,0.06073405221104622,0.7774979472160339,0.0,3,0,7.18991,16.0504,25.8123,46.4333,89.8777,169.263,200.0,197.663,195.124,192.189,188.66,184.029,160.0,121.277,83.4539,51.4678,31.5329,20.6256,9.74649
2026-08-04T12:40:39+0200,795,0,15.49,232.104,241.946,62.10580062866211,0.17371399700641632,-0.2989790141582489,5872.62,3,99.9038,0.0,0.163985,0.0124421,0.0,GENTLE_LEFT,192.41200256347656,0.043134074450180505,122.70246,5,5.5,0.55,24.057425,0.084661454,0.68788046,0.0,3,False,0.08466145396232605,0.6878804564476013,0.0,3,0,7.18375,15.9861,25.6281,45.8045,87.4803,160.844,200.0,197.736,195.26,192.412,189.02,184.673,165.888,124.611,85.0012,52.0376,31.7356,20.7049,9.75611
2026-08-04T12:40:39+0200,796,0,15.51,232.45,242.293,62.54800033569336,0.22382399439811707,-0.2981950044631958,5914.48,3,99.9036,0.0,0.163511,0.0104134,0.0,STRAIGHT,192.7689971923828,0.026700498708210146,160.99605,6,4.5,0.0,23.990744,0.044390578,0.8714014,0.0,3,False,0.04439057782292366,0.8714014291763306,0.0,3,0,7.17292,15.8976,25.3847,45.0019,84.5438,151.11,200.0,197.916,195.515,192.769,189.533,185.486,174.169,129.23,87.1103,52.8075,32.0106,20.8144,9.7715
2026-08-04T12:40:39+0200,797,0,15.53,232.799,242.641,62.952301025390625,0.30814599990844727,-0.2973639965057373,5922.64,3,99.9034,0.0,0.163227,0.00780404,0.0,STRAIGHT,193.28599548339844,0.009953455056811975,161.54666,6,4.5,0.0,23.901138,0.01697937,0.89929676,0.0,3,False,0.016979370266199112,0.899296760559082,0.0,3,0,7.15632,15.7793,25.0691,43.9944,81.018,140.157,200.0,198.225,195.913,193.286,190.225,186.486,178.271,135.747,90.0106,53.8483,32.381,20.963,9.79417
2026-08-04T12:40:39+0200,798,0,15.55,233.15,242.993,63.418701171875,0.236967995762825,-0.29699599742889404,6040.6,3,99.903,0.0,0.163089,0.00542313,0.0037519697,STRAIGHT,193.69000244140625,-0.0038569281209768704,161.73277,6,4.5,0.0,23.9949,-0.001966104,0.9154693,0.0,3,False,-0.0019661039113998413,0.9154692888259888,0.0,3,0,7.14025,15.6707,24.7846,43.1083,78.0391,131.449,200.0,198.454,196.217,193.69,190.77,187.264,180.195,142.313,92.8424,54.841,32.7303,21.1029,9.81605
2026-08-04T12:40:39+0200,799,0,15.57,233.504,243.346,63.946998596191406,0.13681000471115112,-0.2971769869327545,6106.98,3,99.9027,0.0,0.162974,0.00395846,0.0067090346,STRAIGHT,193.78500366210938,-0.011985105282637604,161.43243,6,4.5,0.0,24.330359,-0.014945308,0.92089087,0.0,3,False,-0.01494530774652958,0.9208908677101135,0.0,3,0,7.13068,15.6053,24.6138,42.5825,76.3163,126.616,200.0,198.445,196.254,193.785,190.947,187.57,181.001,146.674,94.673,55.4689,32.9482,21.1894,9.82933
2026-08-04T12:40:39+0200,800,0,15.59,233.861,243.703,64.49559783935547,0.050970301032066345,-0.29748299717903137,6168.06,3,99.9024,0.0,0.162839,0.00336742,0.008288052,STRAIGHT,193.6060028076172,-0.015098257919306513,161.27928,6,4.5,0.0,24.608814,-0.023604833,0.91154015,0.0,3,False,-0.023604832589626312,0.911540150642395,0.0,3,0,7.12759,15.5808,24.5482,42.3785,75.6506,124.779,200.0,198.221,196.05,193.606,190.803,187.479,181.1,148.5,95.4251,55.7222,33.0345,21.2229,9.83396
2026-08-04T12:40:39+0200,801,0,15.61,234.221,244.063,65.05609893798828,-0.013136600144207478,-0.29840800166130066,6225.98,3,99.9021,0.0,0.16265,0.00346577,0.009075075,STRAIGHT,193.2169952392578,-0.014324468962699923,161.24797,6,4.5,0.0,24.837057,-0.029105075,0.9059089,0.0,3,False,-0.02910507470369339,0.9059088826179504,0.0,3,0,7.1299,15.5888,24.5653,42.423,75.7797,125.113,200.0,197.831,195.66,193.217,190.415,187.092,180.713,148.166,95.2818,55.6698,33.0141,21.2135,9.8314
2026-08-04T12:40:39+0200,802,0,15.63,234.584,244.427,65.61990356445312,-0.05857999995350838,-0.30044499039649963,6277.09,3,99.9018,0.0,0.162388,0.00407153,0.00865292,STRAIGHT,192.6719970703125,-0.010669278048629788,161.30164,6,4.5,0.0,25.027449,-0.03229073,0.90292805,0.0,3,False,-0.032290730625391006,0.9029280543327332,0.0,3,0,7.13648,15.6215,24.6444,42.6529,76.5009,127.067,200.0,197.317,195.132,192.672,189.846,186.486,179.971,146.253,94.4807,55.3916,32.9145,21.1719,9.82328
2026-08-04T12:40:39+0200,803,0,15.65,234.951,244.793,66.18299865722656,-0.08690720051527023,-0.3038969933986664,6330.52,3,99.9015,0.0,0.162044,0.00502151,0.0085768085,STRAIGHT,192.01800537109375,-0.00529800157345893,161.40823,6,4.5,0.0,25.19241,-0.03379233,0.9016826,0.0,3,False,-0.03379233181476593,0.9016826152801514,0.0,3,0,7.14626,15.6717,24.7675,43.0148,77.6528,130.245,199.439,196.716,194.508,192.018,189.15,185.724,178.954,143.357,93.2559,54.9639,32.7612,21.1081,9.81113
2026-08-04T12:40:39+0200,804,0,15.67,235.32,245.162,66.74720001220703,-0.10361900180578232,-0.30880799889564514,6387.09,3,99.9012,0.0,0.161608,0.00619119,0.008981132,STRAIGHT,191.28799438476562,0.0014328743533206353,161.46286,6,4.5,0.0,25.381433,-0.034081098,0.90079945,0.0,3,False,-0.034081097692251205,0.9007994532585144,0.0,3,0,7.15845,15.7342,24.921,43.4693,79.1197,134.382,198.814,196.057,193.818,191.288,188.365,184.85,177.708,139.942,91.7889,54.4452,32.574,21.0299,9.7961
2026-08-04T12:40:40+0200,805,0,15.69,235.693,245.535,67.3147964477539,-0.11305300146341324,-0.314844012260437,6446.1,3,99.9009,0.0,0.161088,0.00750667,0.009715682,STRAIGHT,190.5030059814453,0.009198802686207971,161.13461,6,4.5,0.0,25.753244,-0.033500973,0.8973653,0.0,3,False,-0.033500973135232925,0.8973652720451355,0.0,3,0,7.17245,15.8056,25.0967,43.993,80.8379,139.359,198.15,195.354,193.079,190.503,187.514,183.889,176.226,136.284,90.19,53.8719,32.3651,20.9421,9.77903
2026-08-04T12:40:40+0200,806,0,15.71,236.068,245.91,67.88710021972656,-0.11440899968147278,-0.3204619884490967,6505.92,3,99.9006,0.0,0.160476,0.0089038,0.010497438,STRAIGHT,189.67999267578125,0.017760474613037768,160.77849,6,4.5,0.0,26.142845,-0.0323069,0.8942683,0.0,3,False,-0.03230689838528633,0.894268274307251,0.0,3,0,7.18788,15.8832,25.2876,44.5658,82.7502,145.069,197.462,194.623,192.308,189.68,186.615,182.862,174.454,132.593,88.5458,53.2728,32.1443,20.8485,9.76045
2026-08-04T12:40:40+0200,807,0,15.73,236.447,246.289,68.46320343017578,-0.11256500333547592,-0.32537999749183655,6564.05,3,99.9002,0.0,0.159764,0.0103399,0.010955269,STRAIGHT,188.8300018310547,0.027074521825218842,160.39609,6,4.5,0.0,26.549507,-0.03068544,0.89156914,0.0,3,False,-0.030685439705848694,0.8915691375732422,0.0,3,0,7.20452,15.9653,25.4891,45.1739,84.8178,151.452,196.757,193.872,191.516,188.83,185.682,181.781,172.176,128.989,86.9092,52.6665,31.918,20.7516,9.74073
2026-08-04T12:40:40+0200,808,0,15.75,236.829,246.671,69.04290008544922,-0.10454700142145157,-0.3295069932937622,6622.26,3,99.8998,0.0,0.158964,0.0117657,0.011363775,STRAIGHT,187.97000122070312,0.037818410259110126,159.96286,6,4.5,0.0,26.985441,-0.028783808,0.8887937,0.0,3,False,-0.028783807530999184,0.8887937068939209,0.0,3,0,7.22189,16.0492,25.695,45.7984,86.9814,158.377,196.047,193.114,190.714,187.97,184.732,180.667,167.867,125.586,85.3346,52.0732,31.6937,20.6546,9.72045
2026-08-04T12:40:40+0200,809,0,15.77,237.215,247.057,69.62650299072266,-0.0969943031668663,-0.33294200897216797,6680.98,3,99.8994,0.0,0.158076,0.0131575,0.0117987115,GENTLE_LEFT,187.1060028076172,0.04948010937105448,121.968376,5,5.5,0.55,27.442451,0.025542466,0.69099313,0.0,3,False,0.02554246596992016,0.6909931302070618,0.0,3,0,7.23984,16.134,25.9022,46.4298,89.21,165.782,195.335,192.356,189.911,187.106,183.775,179.528,162.29,122.418,83.842,51.5014,31.4747,20.5588,9.69982
2026-08-04T12:40:40+0200,810,0,15.79,237.603,247.445,70.21389770507812,-0.0873022973537445,-0.3356969952583313,6739.03,3,99.899,0.0,0.157109,0.0145008,0.01207343,EXIT,186.2449951171875,0.0724276956291736,111.976,4,5.0,0.35,28.102411,0.04242076,0.71918803,0.0,3,False,0.04242075979709625,0.7191880345344543,0.0,3,0,7.25818,16.2186,26.1083,47.0607,91.4791,197.592,194.627,191.601,189.112,186.245,182.816,178.368,157.226,119.492,82.4405,50.9557,31.2629,20.4651,9.67906
2026-08-04T12:40:40+0200,811,0,15.81,237.995,247.837,70.72530364990234,0.04748440161347389,-0.3377149999141693,6676.43,3,99.8987,0.0,0.15613,0.0149146,0.0,EXIT,185.7050018310547,0.07464777896855689,111.889175,4,5.0,0.35,28.3685,0.053650793,0.7068571,0.0,3,False,0.05365079268813133,0.7068570852279663,0.0,3,0,7.26971,16.258,26.1935,47.2964,92.275,197.102,194.126,191.088,188.588,185.705,182.25,177.746,155.636,118.548,81.9694,50.7599,31.1798,20.4243,9.66699
2026-08-04T12:40:40+0200,812,0,15.83,238.389,248.231,71.17839813232422,0.13218900561332703,-0.34071698784828186,6733.56,3,99.8984,0.0,0.155264,0.0140291,0.0,EXIT,185.62600708007812,0.06975750754579803,111.98278,4,5.0,0.35,28.483618,0.060482133,0.695668,0.0,3,False,0.06048213317990303,0.6956679821014404,0.0,3,0,7.27053,16.2308,26.1031,46.9588,90.905,196.865,193.922,190.922,188.458,185.626,182.251,177.912,158.669,120.277,82.771,51.0496,31.2778,20.4592,9.66806
2026-08-04T12:40:40+0200,813,0,15.85,238.786,248.628,71.63490295410156,0.18472300469875336,-0.34403300285339355,6776.01,3,99.8981,0.0,0.154539,0.0123197,0.0,GENTLE_LEFT,185.82000732421875,0.04330263573140211,121.9988,5,5.5,0.55,28.213924,0.082887724,0.6821358,0.0,3,False,0.08288772404193878,0.682135820388794,0.0,3,0,7.26401,16.1607,25.9018,46.2706,88.2806,162.025,193.897,190.964,188.564,185.82,182.581,178.505,165.021,123.869,84.4367,51.662,31.4952,20.5439,9.6781
2026-08-04T12:40:40+0200,814,0,15.87,239.185,249.027,72.08689880371094,0.2113730013370514,-0.34646499156951904,6816.67,3,99.8978,0.0,0.153972,0.0100861,0.0,STRAIGHT,186.16299438476562,0.027168565531106206,160.06465,6,4.5,0.0,28.123394,0.04494941,0.8651936,0.0,3,False,0.04494940862059593,0.8651936054229736,0.0,3,0,7.2523,16.063,25.6326,45.3827,85.0399,151.343,193.978,191.127,188.804,186.163,183.079,179.286,170.469,128.951,86.7494,52.5035,31.7947,20.6627,9.69449
2026-08-04T12:40:40+0200,815,0,15.89,239.587,249.429,72.52989959716797,0.2705270051956177,-0.3479669988155365,6855.02,3,99.8975,0.0,0.153606,0.00721586,0.0,STRAIGHT,186.6719970703125,0.009740549151999997,160.63571,6,4.5,0.0,28.003855,0.018924909,0.89189816,0.0,3,False,0.018924908712506294,0.8918981552124023,0.0,3,0,7.23428,15.9328,25.2846,44.2736,81.1806,139.48,194.177,191.425,189.193,186.672,183.761,180.258,173.098,136.18,89.9464,53.6444,32.199,20.8243,9.71879
2026-08-04T12:40:40+0200,816,0,15.91,239.992,249.834,73.0541000366211,0.18212099373340607,-0.3490400016307831,7013.17,3,99.8971,0.0,0.153405,0.00447315,0.011778786,STRAIGHT,187.0970001220703,-0.005951275786123987,160.74557,6,4.5,0.0,28.1496,0.00070044026,0.9011755,0.0,3,False,0.0007004402577877045,0.9011754989624023,0.0,3,0,7.21595,15.8077,24.9568,43.2568,77.7959,129.746,194.329,191.665,189.513,187.097,184.33,181.056,174.791,143.912,93.2446,54.7901,32.5997,20.9841,9.74348
2026-08-04T12:40:40+0200,817,0,15.93,240.399,250.241,73.65689849853516,0.07193899899721146,-0.35004401206970215,7103.77,3,99.8968,0.0,0.153272,0.00260967,0.016931102,STRAIGHT,187.23199462890625,-0.016321809888427637,160.35803,6,4.5,0.0,28.583368,-0.01201264,0.9062398,0.0,3,False,-0.01201264001429081,0.9062398076057434,0.0,3,0,7.20355,15.7239,24.739,42.5924,75.6538,123.875,194.285,191.68,189.581,187.232,184.556,181.419,175.604,149.69,95.6284,55.5976,32.878,21.0942,9.7604
2026-08-04T12:40:40+0200,818,0,15.95,240.81,250.653,74.28759765625,-0.011423899792134762,-0.3504219949245453,7175.3,3,99.8963,0.0,0.153146,0.00167024,0.018699495,STRAIGHT,187.08700561523438,-0.02150150658743504,160.1105,6,4.5,0.0,28.957918,-0.020678697,0.8968736,0.0,3,False,-0.020678697153925896,0.8968735933303833,0.0,3,0,7.19783,15.683,24.6325,42.2683,74.6235,121.121,194.048,191.473,189.402,187.087,184.458,181.389,175.78,152.775,96.8724,56.011,33.0185,21.1491,9.76846
2026-08-04T12:40:40+0200,819,0,15.97,241.225,251.067,74.93240356445312,-0.06419260054826736,-0.3510020077228546,7241.92,3,99.8959,0.0,0.152995,0.00151545,0.019440843,STRAIGHT,186.71600341796875,-0.022354279954591542,160.014,6,4.5,0.0,29.260303,-0.026317898,0.89001393,0.0,3,False,-0.02631789818406105,0.8900139331817627,0.0,3,0,7.19799,15.6788,24.6188,42.2218,74.4678,120.698,193.651,191.085,189.021,186.716,184.099,181.049,175.491,153.278,97.0695,56.0734,33.0381,21.1558,9.76869
2026-08-04T12:40:40+0200,820,0,15.99,241.643,251.486,75.58170318603516,-0.09170089662075043,-0.35259100794792175,7298.6,3,99.8954,0.0,0.152796,0.00197238,0.018667107,STRAIGHT,186.16799926757812,-0.01982964125741862,160.03639,6,4.5,0.0,29.501911,-0.029678904,0.88716066,0.0,3,False,-0.02967890352010727,0.8871606588363647,0.0,3,0,7.20299,15.7034,24.678,42.3915,74.9863,122.05,193.13,190.554,188.483,186.168,183.539,180.47,174.854,151.718,96.4361,55.8585,32.962,21.1243,9.76256
2026-08-04T12:40:40+0200,821,0,16.012,242.108,251.95,76.293701171875,-0.09842909872531891,-0.3562699854373932,7363.6,3,99.8949,0.0,0.152515,0.00296658,0.018129295,STRAIGHT,185.4219970703125,-0.014293268706903796,160.15895,6,4.5,0.0,29.713825,-0.031277634,0.88648355,0.0,3,False,-0.03127763420343399,0.8864835500717163,0.0,3,0,7.21257,15.7544,24.8033,42.7575,76.125,125.073,192.454,189.855,187.762,185.422,182.757,179.636,173.857,148.447,95.0979,55.4035,32.8021,21.0587,9.75053
2026-08-04T12:40:40+0200,822,0,16.034,242.576,252.418,77.00499725341797,-0.09451410174369812,-0.3619630038738251,7435.81,3,99.8944,0.0,0.152144,0.00430316,0.018582905,STRAIGHT,184.5679931640625,-0.006745586276375097,160.31845,6,4.5,0.0,29.904142,-0.031552188,0.88656694,0.0,3,False,-0.031552188098430634,0.8865669369697571,0.0,3,0,7.22546,15.8233,24.9736,43.259,77.7099,129.378,191.703,189.07,186.947,184.568,181.852,178.652,172.619,144.264,93.3559,54.8034,32.5896,20.9713,9.73446
2026-08-04T12:40:40+0200,823,0,16.056,243.049,252.891,77.7197036743164,-0.0800383985042572,-0.372530996799469,7513.41,3,99.8939,0.0,0.151655,0.0058493,0.019759692,STRAIGHT,183.64100646972656,0.0021710396110183306,160.37534,6,4.5,0.0,30.150484,-0.030851213,0.8862038,0.0,3,False,-0.0308512132614851,0.8862038254737854,0.0,3,0,7.24092,15.9049,25.1751,43.8566,79.6315,134.747,190.901,188.226,186.067,183.641,180.861,177.562,171.176,139.701,91.413,54.1222,32.3454,20.8701,9.71546
2026-08-04T12:40:40+0200,824,0,16.078,243.526,253.369,78.44080352783203,-0.06352449953556061,-0.3842189908027649,7595.23,3,99.8934,0.0,0.15106,0.00752288,0.021381335,STRAIGHT,182.66200256347656,0.012104596450204914,159.95505,6,4.5,0.0,30.66295,-0.029443434,0.8822678,0.0,3,False,-0.02944343350827694,0.8822677731513977,0.0,3,0,7.2583,15.9953,25.3987,44.5252,81.8255,141.088,190.063,187.342,185.141,182.662,179.807,176.388,169.529,135.064,89.3923,53.4,32.0832,20.7603,9.69441
2026-08-04T12:40:40+0200,825,0,16.1,244.008,253.85,79.17030334472656,-0.0423520989716053,-0.39375901222229004,7675.78,3,99.8929,0.0,0.150342,0.00925964,0.022716574,STRAIGHT,181.64599609375,0.022822729240259253,159.50706,6,4.5,0.0,31.198465,-0.02753423,0.8787559,0.0,3,False,-0.027534229680895805,0.8787559270858765,0.0,3,0,7.27728,16.092,25.6377,45.2452,84.2406,148.339,189.201,186.431,184.184,181.646,178.707,175.15,167.644,130.552,87.3784,52.6655,31.8126,20.6457,9.67184
2026-08-04T12:40:40+0200,826,0,16.122,244.494,254.337,79.90679931640625,-0.0191383995115757,-0.40107300877571106,7752.23,3,99.8924,0.0,0.149506,0.0109845,0.02340954,STRAIGHT,180.61599731445312,0.03404328409566468,159.04134,6,4.5,0.0,31.751385,-0.02529545,0.87583554,0.0,3,False,-0.025295449420809746,0.8758355379104614,0.0,3,0,7.29728,16.1915,25.883,45.9894,86.7929,156.327,188.33,185.509,183.216,180.616,177.587,173.876,165.433,126.341,85.4547,51.9494,31.5447,20.5309,9.64848
2026-08-04T12:40:40+0200,827,0,16.144,244.985,254.827,80.6488037109375,-0.0003912450047209859,-0.4062429964542389,7827.53,3,99.8919,0.0,0.148534,0.0126714,0.02386622,EXIT,179.57899475097656,0.05858937849296274,111.60273,4,5.0,0.35,32.57991,0.007925274,0.5262573,0.0,4,False,0.007925273850560188,0.5262572765350342,0.0,4,0,7.31824,16.2928,26.1318,46.7483,89.4543,190.296,187.457,184.584,182.244,179.579,176.454,172.571,162.416,122.456,83.6402,51.2601,31.2825,20.417,9.62446
2026-08-04T12:40:40+0200,828,0,16.166,245.48,255.323,81.39620208740234,0.019945599138736725,-0.409496009349823,7901.9,3,99.8913,0.0,0.147439,0.0142788,0.0241272,EXIT,178.5489959716797,0.06718523007539413,111.34033,4,5.0,0.35,33.095425,0.030426499,0.5129433,0.0,3,False,0.030426498502492905,0.5129433274269104,0.0,3,0,7.33977,16.3936,26.3782,47.5031,92.1592,189.474,186.59,183.667,181.279,178.549,175.326,171.255,156.699,118.947,81.9668,50.6116,31.0319,20.3065,9.60024
2026-08-04T12:40:40+0200,829,0,16.188,245.979,255.822,81.65609741210938,0.09578319638967514,-0.41894200444221497,6367.94,4,99.8913,0.0,0.146278,0.0150588,0.0,EXIT,177.78700256347656,0.07136692556451717,111.224396,4,5.0,0.35,33.29576,0.045557667,0.50707966,0.0,4,False,0.045557666569948196,0.5070796608924866,0.0,4,0,7.35567,16.455,26.5187,47.9127,93.5977,188.803,185.9,182.954,180.545,177.787,174.517,170.355,153.813,117.25,81.1333,50.2748,30.8946,20.2422,9.58327
2026-08-04T12:40:40+0200,830,0,16.21,246.478,256.32,81.5989990234375,0.15694500505924225,-0.4339660108089447,6383.86,4,99.8913,0.0,0.14518,0.0145202,0.0,EXIT,177.4720001220703,0.06831921601045439,111.31158,4,5.0,0.35,33.20135,0.055192903,0.5047021,0.0,4,False,0.05519290268421173,0.504702091217041,0.0,4,0,7.36104,16.4491,26.4804,47.7353,92.8063,188.387,185.504,182.584,180.198,177.472,174.252,170.185,155.537,118.221,81.5718,50.4233,30.938,20.253,9.5791
2026-08-04T12:40:40+0200,831,0,16.232,246.977,256.819,81.56510162353516,0.1946749985218048,-0.4423399865627289,6068.71,4,99.8913,0.0,0.144215,0.012797,0.0,EXIT,177.5449981689453,0.05908915567566741,111.5501,4,5.0,0.35,32.993,0.060582064,0.50744075,0.0,4,False,0.06058206409215927,0.5074407458305359,0.0,4,0,7.35631,16.3817,26.2809,47.0392,90.1059,188.196,185.369,182.513,180.188,177.545,174.451,170.617,160.916,121.724,83.1993,51.0201,31.1476,20.3331,9.58709
2026-08-04T12:40:40+0200,832,0,16.254,247.476,257.318,81.74189758300781,0.20520299673080444,-0.43886199593544006,6170.74,4,99.8911,0.0,0.143448,0.010266,0.0,STRAIGHT,177.85299682617188,0.031389306508912855,158.99692,6,4.5,0.0,32.506203,0.03228529,0.86993754,0.0,4,False,0.03228529170155525,0.869937539100647,0.0,4,0,7.34386,16.2717,25.9746,46.0208,86.3576,154.051,185.398,182.629,180.387,177.853,174.918,171.362,163.771,127.349,85.7654,51.9543,31.4794,20.4639,9.60438
2026-08-04T12:40:40+0200,833,0,16.276,247.976,257.818,81.97450256347656,0.2067440003156662,-0.42674100399017334,6186.92,4,99.891,0.0,0.142914,0.00728875,0.0,STRAIGHT,178.25599670410156,0.013257217314924297,159.61702,6,4.5,0.0,32.239883,0.0124631,0.89170665,0.0,4,False,0.012463100254535675,0.891706645488739,0.0,4,0,7.32621,16.1375,25.6131,44.8612,82.3018,141.525,185.501,182.829,180.674,178.256,175.484,172.19,165.769,134.725,89.0287,53.1174,31.89,20.627,9.62802
2026-08-04T12:40:40+0200,834,0,16.298,248.478,258.32,82.36219787597656,0.10481700301170349,-0.4153119921684265,6312.28,4,99.8906,0.0,0.142556,0.00476247,0.0,STRAIGHT,178.48599243164062,-0.0013977275787685505,160.00471,6,4.5,0.0,32.166958,-0.001627937,0.90762544,0.0,4,False,-0.0016279369592666626,0.9076254367828369,0.0,4,0,7.31056,16.0239,25.3119,43.9186,79.1428,132.386,185.494,182.9,180.815,178.486,175.837,172.732,166.958,141.707,92.0098,54.1517,32.2501,20.7695,9.64906
2026-08-04T12:40:40+0200,835,0,16.32,248.983,258.825,82.83609771728516,0.013576899655163288,-0.4048120081424713,6351.24,4,99.8903,0.0,0.142265,0.00322199,0.0,STRAIGHT,178.41200256347656,-0.010119586542955231,159.6942,6,4.5,0.0,32.53361,-0.011499003,0.9123061,0.0,4,False,-0.011499002575874329,0.9123060703277588,0.0,4,0,7.30169,15.9569,25.134,43.3671,77.3408,127.386,185.278,182.73,180.688,178.412,175.835,172.836,167.385,146.325,93.9231,54.7995,32.4719,20.8561,9.66136
2026-08-04T12:40:40+0200,836,0,16.342,249.491,259.333,83.32389831542969,-0.04306099936366081,-0.3980430066585541,6389.25,4,99.8899,0.0,0.141989,0.00260538,0.0,STRAIGHT,178.07400512695312,-0.013564215075411282,159.5382,6,4.5,0.0,32.81695,-0.0181645,0.90487564,0.0,4,False,-0.0181645005941391,0.904875636100769,0.0,4,0,7.29951,15.9332,25.0682,43.1584,76.6569,125.513,184.874,182.348,180.325,178.074,175.529,172.577,167.257,148.239,94.6985,55.0556,32.557,20.8881,9.66495
2026-08-04T12:40:40+0200,837,0,16.364,250.002,259.844,83.81749725341797,-0.07034490257501602,-0.3973979949951172,6426.82,4,99.8896,0.0,0.141699,0.00268435,0.0,STRAIGHT,177.54100036621094,-0.013077820194533686,159.50598,6,4.5,0.0,33.030415,-0.022396414,0.9004078,0.0,4,False,-0.02239641360938549,0.9004077911376953,0.0,4,0,7.30255,15.9422,25.0861,43.2014,76.7729,125.797,184.332,181.809,179.788,177.541,175.0,172.055,166.752,147.949,94.5715,55.007,32.5368,20.8781,9.66174
2026-08-04T12:40:40+0200,838,0,16.386,250.515,260.358,84.31009674072266,-0.08219259977340698,-0.40896499156951904,6463.54,4,99.8893,0.0,0.141371,0.00326359,0.0,STRAIGHT,176.8679962158203,-0.009742750467566213,159.55913,6,4.5,0.0,33.19291,-0.024792947,0.8982313,0.0,4,False,-0.024792946875095367,0.8982313275337219,0.0,4,0,7.30961,15.9755,25.1652,43.4275,77.4698,127.65,183.689,181.156,179.126,176.868,174.313,171.346,165.977,146.081,93.7962,54.7385,32.4402,20.8373,9.6534
2026-08-04T12:40:40+0200,839,0,16.408,251.032,260.875,84.80020141601562,-0.08224619925022125,-0.42989200353622437,6502.88,4,99.8889,0.0,0.140968,0.00418735,0.0,STRAIGHT,176.0959930419922,-0.004386874831137195,159.67311,6,4.5,0.0,33.31764,-0.02581805,0.89775133,0.0,4,False,-0.025818049907684326,0.8977513313293457,0.0,4,0,7.31984,16.0264,25.2887,43.7864,78.5954,130.699,182.975,180.422,178.376,176.096,173.512,170.502,165.005,143.211,92.5948,54.3213,32.2907,20.7748,9.64115
2026-08-04T12:40:40+0200,840,0,16.43,251.552,261.394,85.29049682617188,-0.07744300365447998,-0.45371899008750916,6544.35,4,99.8885,0.0,0.14048,0.00535434,0.0,STRAIGHT,175.24899291992188,0.002471721317255473,159.67137,6,4.5,0.0,33.51131,-0.025823092,0.89717245,0.0,4,False,-0.025823092088103294,0.8971724510192871,0.0,4,0,7.33264,16.0908,25.4457,44.2469,80.0619,134.758,182.208,179.629,177.559,175.249,172.626,169.557,163.873,139.742,91.1209,53.8038,32.1042,20.6967,9.62589
2026-08-04T12:40:40+0200,841,0,16.452,252.075,261.917,85.7843017578125,-0.0672926977276802,-0.4719350039958954,6585.47,4,99.888,0.0,0.139883,0.00668269,0.0,STRAIGHT,174.35000610351562,0.010439773772352954,159.34392,6,4.5,0.0,33.903618,-0.025075337,0.8945584,0.0,4,False,-0.025075336918234825,0.8945584297180176,0.0,4,0,7.3476,16.1655,25.6279,44.7846,81.8009,139.697,181.404,178.793,176.695,174.35,171.678,168.535,162.605,135.985,89.4947,53.2243,31.8932,20.6078,9.60824
2026-08-04T12:40:40+0200,842,0,16.474,252.601,262.443,86.28189849853516,-0.05461040139198303,-0.48210299015045166,6625.03,4,99.8876,0.0,0.139184,0.00809473,0.0,STRAIGHT,173.41600036621094,0.019133432956057655,158.99124,6,4.5,0.0,34.315075,-0.023788087,0.89220273,0.0,4,False,-0.02378808706998825,0.8922027349472046,0.0,4,0,7.36412,16.2467,25.8261,45.3734,83.738,145.363,180.576,177.93,175.801,173.416,170.69,167.461,161.225,132.194,87.8219,52.6183,31.67,20.5128,9.58899
2026-08-04T12:40:40+0200,843,0,16.496,253.13,262.972,86.78179931640625,-0.040464598685503006,-0.4862459897994995,6664.11,4,99.8872,0.0,0.138361,0.00952339,0.0,STRAIGHT,172.46800231933594,0.02822479943777201,158.6252,6,4.5,0.0,34.738117,-0.022131983,0.89006317,0.0,4,False,-0.022131983190774918,0.8900631666183472,0.0,4,0,7.38188,16.3319,26.0331,45.9902,85.8017,151.594,179.737,177.055,174.894,172.468,169.683,166.36,159.75,128.552,86.1814,52.0132,31.4439,20.4155,9.56862
2026-08-04T12:40:40+0200,844,0,16.518,253.662,263.504,87.27960205078125,-0.02642899937927723,-0.5026029944419861,6707.44,4,99.8868,0.0,0.137425,0.0109339,0.0,GENTLE_LEFT,171.51300048828125,0.049731057997661136,120.68607,5,5.5,0.55,35.433308,0.026336059,0.5121649,0.0,4,False,0.026336058974266052,0.5121648907661438,0.0,4,0,7.40055,16.419,26.2441,46.6215,87.9501,181.606,178.895,176.177,173.983,171.513,168.667,165.244,158.177,125.129,84.6096,51.4229,31.2202,20.318,9.54755
2026-08-04T12:40:40+0200,845,0,16.54,254.197,264.039,87.78469848632812,-0.01235910039395094,-0.5112919807434082,6744.05,4,99.8864,0.0,0.136375,0.0122852,0.0,EXIT,170.5659942626953,0.05498843815852506,111.24139,4,5.0,0.35,35.779823,0.04152421,0.403795,0.0,4,False,0.04152420908212662,0.4037950038909912,0.0,4,0,7.41981,16.5062,26.4537,47.2499,90.1232,180.802,178.059,175.305,173.079,170.566,167.658,164.13,156.501,121.996,83.1432,50.8622,31.0044,20.2227,9.52616
2026-08-04T12:40:40+0200,846,0,16.562,254.735,264.577,88.12169647216797,0.11432100087404251,-0.5156019926071167,6651.47,4,99.8861,0.0,0.135319,0.0125276,0.0,EXIT,169.95399475097656,0.05594023035212139,111.19954,4,5.0,0.35,35.95406,0.0515825,0.39265183,0.0,4,False,0.05158250033855438,0.39265182614326477,0.0,4,0,7.43073,16.5385,26.5183,47.4119,90.6149,180.197,177.452,174.697,172.469,169.954,167.043,163.508,155.826,121.357,82.8218,50.724,30.9423,20.1902,9.51505
2026-08-04T12:40:40+0200,847,0,16.584,255.274,265.116,88.31839752197266,0.17188000679016113,-0.5166730284690857,6640.53,4,99.8859,0.0,0.134405,0.0112525,0.0,EXIT,169.80499267578125,0.05093365278727517,111.31502,4,5.0,0.35,35.932323,0.05746414,0.38900253,0.0,4,False,0.05746414139866829,0.3890025317668915,0.0,4,0,7.42888,16.4923,26.3777,46.9186,88.7377,179.868,177.162,174.451,172.265,169.805,166.972,163.567,156.553,124.073,84.0539,51.1646,31.0931,20.246,9.51924
2026-08-04T12:40:40+0200,848,0,16.606,255.814,265.656,88.49030303955078,0.18847200274467468,-0.5170630216598511,6652.34,4,99.8858,0.0,0.133643,0.00902379,0.0,STRAIGHT,169.9239959716797,0.026699921218194003,158.5421,6,4.5,0.0,35.473927,0.030935317,0.8682566,0.0,4,False,0.030935317277908325,0.8682566285133362,0.0,4,0,7.41852,16.3967,26.1112,46.0387,85.5633,150.224,177.061,174.421,172.299,169.924,167.209,163.993,157.764,129.233,86.367,51.9937,31.3841,20.3596,9.53364
2026-08-04T12:40:40+0200,849,0,16.628,256.356,266.198,88.65899658203125,0.18084600567817688,-0.5151429772377014,6664.89,4,99.8856,0.0,0.133111,0.00621581,0.0,STRAIGHT,170.1790008544922,0.009783729659963407,159.12646,6,4.5,0.0,35.17584,0.01233843,0.8887119,0.0,4,False,0.012338429689407349,0.8887119293212891,0.0,4,0,7.40195,16.2702,25.7712,44.9563,81.8405,139.041,177.063,174.506,172.459,170.179,167.595,164.579,159.024,136.442,89.5082,53.0995,31.7713,20.5126,9.55555
2026-08-04T12:40:40+0200,850,0,16.65,256.899,266.741,89.0468978881836,0.07588589936494827,-0.5107060074806213,6839.15,4,99.8852,0.0,0.132769,0.00371337,0.0,STRAIGHT,170.31700134277344,-0.004815949391356036,159.28888,6,4.5,0.0,35.227654,-0.00095090084,0.90200186,0.0,4,False,-0.0009509008377790451,0.9020018577575684,0.0,4,0,7.38618,16.1568,25.4721,44.0283,78.7775,130.38,176.988,174.502,172.518,170.317,167.838,164.977,159.873,143.604,92.5209,54.1329,32.1288,20.6536,9.57637
2026-08-04T12:40:40+0200,851,0,16.672,257.444,267.287,89.55509948730469,-0.020662199705839157,-0.5061039924621582,6885.66,4,99.8848,0.0,0.132521,0.00209183,0.0,STRAIGHT,170.197998046875,-0.0141302135571152,158.94623,6,4.5,0.0,35.645313,-0.010348832,0.906363,0.0,4,False,-0.010348832234740257,0.9063630104064941,0.0,4,0,7.37625,16.0848,25.2829,43.449,76.916,125.33,176.733,174.292,172.349,170.198,167.786,165.018,160.165,148.66,94.5829,54.8236,32.3643,20.7456,9.58972
2026-08-04T12:40:41+0200,852,0,16.694,257.994,267.836,90.08049774169922,-0.07583840191364288,-0.5094389915466309,6926.52,4,99.8843,0.0,0.132298,0.00136983,0.0,STRAIGHT,169.8350067138672,-0.017731357918122016,158.76595,6,4.5,0.0,35.969078,-0.016767632,0.89881754,0.0,4,False,-0.016767632216215134,0.8988175392150879,0.0,4,0,7.3728,16.055,25.2029,43.2016,76.1255,123.222,176.302,173.884,171.961,169.835,167.455,164.733,159.996,150.087,95.5218,55.1315,32.4671,20.7848,9.59473
2026-08-04T12:40:41+0200,853,0,16.716,258.546,268.388,90.61260223388672,-0.09706039726734161,-0.522487998008728,6966.41,4,99.8839,0.0,0.132083,0.00136387,0.0,STRAIGHT,169.28399658203125,-0.017600465978594073,158.71649,6,4.5,0.0,36.213173,-0.020891562,0.8944365,0.0,4,False,-0.02089156210422516,0.8944364786148071,0.0,4,0,7.37459,16.0588,25.2085,43.2102,76.1377,123.235,175.733,173.321,171.402,169.284,166.912,164.202,159.492,149.793,95.5116,55.1236,32.4618,20.7812,9.59297
2026-08-04T12:40:41+0200,854,0,16.738,259.101,268.944,91.1436996459961,-0.09949350357055664,-0.5392159819602966,7004.58,4,99.8835,0.0,0.131832,0.00189942,0.0,STRAIGHT,168.58999633789062,-0.014864141253570115,158.75934,6,4.5,0.0,36.397854,-0.023249833,0.892343,0.0,4,False,-0.023249832913279533,0.8923429846763611,0.0,4,0,7.38068,16.0885,25.2799,43.4143,76.7594,124.851,175.06,172.64,170.716,168.59,166.209,163.485,158.738,148.616,94.7786,54.8747,32.3736,20.7445,9.58572
2026-08-04T12:40:41+0200,855,0,16.76,259.66,269.502,91.6720962524414,-0.08842329680919647,-0.5568469762802124,7045.34,4,99.8831,0.0,0.131523,0.00282085,0.0,STRAIGHT,167.79299926757812,-0.009834428568904452,158.87354,6,4.5,0.0,36.53497,-0.024262816,0.89199936,0.0,4,False,-0.024262815713882446,0.891999363899231,0.0,4,0,7.39015,16.1377,25.4001,43.7634,77.8412,127.714,174.311,171.874,169.936,167.793,165.389,162.633,157.801,146.2,93.5527,54.4574,32.2264,20.6838,9.57432
2026-08-04T12:40:41+0200,856,0,16.782,260.222,270.064,92.20010375976562,-0.07011210173368454,-0.5715330243110657,7088.56,4,99.8827,0.0,0.131127,0.00399107,0.0,STRAIGHT,166.9250030517578,-0.0029383036907281016,159.02966,6,4.5,0.0,36.643795,-0.024270052,0.8928588,0.0,4,False,-0.02427005209028721,0.8928588032722473,0.0,4,0,7.40223,16.2006,25.5543,44.2148,79.2591,131.542,173.51,171.051,169.092,166.925,164.489,161.687,156.73,142.56,92.0398,53.9361,32.0412,20.6072,9.55985
2026-08-04T12:40:41+0200,857,0,16.804,260.787,270.63,92.72530364990234,-0.0489610992372036,-0.5911319851875305,7140.1,4,99.8822,0.0,0.130633,0.00531793,0.0,STRAIGHT,166.00799560546875,0.005010976789835047,158.89066,6,4.5,0.0,36.94351,-0.02353777,0.8918975,0.0,4,False,-0.0235377699136734,0.8918974995613098,0.0,4,0,7.41636,16.2734,25.7327,44.7399,80.9334,136.172,172.673,170.187,168.205,166.008,163.534,160.676,155.56,138.638,90.3778,53.3545,31.8323,20.5202,9.54313
2026-08-04T12:40:41+0200,858,0,16.826,261.356,271.198,93.2593002319336,-0.024818899109959602,-0.6209549903869629,7186.85,4,99.8818,0.0,0.130033,0.00674266,0.0,STRAIGHT,165.0570068359375,0.013734673308613186,158.5319,6,4.5,0.0,37.392433,-0.02226721,0.88958,0.0,4,False,-0.022267209365963936,0.8895800113677979,0.0,4,0,7.4322,16.3535,25.929,45.3209,82.8163,141.526,171.811,169.296,167.287,165.057,162.539,159.616,154.307,134.649,88.652,52.74,31.609,20.4262,9.52464
2026-08-04T12:40:41+0200,859,0,16.848,261.927,271.77,93.80239868164062,-0.004161729943007231,-0.6372979879379272,7225.44,4,99.8813,0.0,0.12931,0.00821167,0.0,STRAIGHT,164.0850067138672,0.03723144066399163,157.6489,6,4.5,0.0,38.194866,-0.020614766,0.88320047,0.0,4,False,-0.02061476558446884,0.883200466632843,0.0,4,0,7.44947,16.4388,26.1374,45.9407,84.8591,173.5,170.934,168.387,166.35,164.085,161.518,158.523,152.987,130.753,86.9305,52.1157,31.3789,20.3283,9.50478
2026-08-04T12:40:41+0200,860,0,16.87,262.502,272.345,94.34629821777344,0.016675999388098717,-0.6461619734764099,7264.57,4,99.8808,0.0,0.128468,0.00964916,0.0,GENTLE_LEFT,163.11099243164062,0.04260592024288361,120.37269,5,5.5,0.55,38.575138,0.025846511,0.39792496,0.0,4,False,0.025846511125564575,0.3979249596595764,0.0,4,0,7.4676,16.5256,26.3483,46.5701,86.9681,172.651,170.056,167.477,165.413,163.111,160.495,157.424,151.632,127.134,85.2975,51.5122,31.153,20.2309,9.48429
2026-08-04T12:40:41+0200,861,0,16.892,263.081,272.923,94.88939666748047,0.03033060021698475,-0.6489570140838623,7301.5,4,99.8803,0.0,0.127507,0.0110174,0.0,EXIT,162.14700317382812,0.047742843382049135,110.9516,4,5.0,0.35,38.95058,0.040476203,0.27547655,0.0,4,False,0.040476202964782715,0.2754765450954437,0.0,4,0,7.48628,16.612,26.5569,47.1929,89.0877,171.808,169.185,166.576,164.484,162.147,159.482,156.334,150.26,123.849,83.7853,50.9427,30.9364,20.1361,9.46353
2026-08-04T12:40:41+0200,862,0,16.914,263.662,273.504,95.1948013305664,0.14937500655651093,-0.6464380025863647,7156.95,4,99.8801,0.0,0.126513,0.0112678,0.0,EXIT,161.4949951171875,0.048648445411851,110.91282,4,5.0,0.35,39.11286,0.050172232,0.26650104,0.0,4,False,0.05017223209142685,0.2665010392665863,0.0,4,0,7.49673,16.6435,26.6203,47.3529,89.5702,171.158,168.534,165.924,163.833,161.495,158.83,155.68,149.592,123.176,83.4535,50.8029,30.8747,20.1043,9.45287
2026-08-04T12:40:41+0200,863,0,16.936,264.244,274.086,95.31109619140625,0.1868250072002411,-0.6436290144920349,7134.12,4,99.8799,0.0,0.125658,0.0099833,0.0,GENTLE_LEFT,161.27699279785156,0.04369486637175528,120.28541,5,5.5,0.55,39.046402,0.07209797,0.37334293,0.0,4,False,0.07209797203540802,0.37334293127059937,0.0,4,0,7.49423,16.5955,26.477,46.8588,87.7351,170.776,168.189,165.62,163.566,161.277,158.678,155.629,149.898,126.028,84.7296,51.2548,31.0289,20.1616,9.45758
2026-08-04T12:40:41+0200,864,0,16.958,264.827,274.669,95.39969635009766,0.18436400592327118,-0.64267498254776,7140.12,4,99.8798,0.0,0.124966,0.00771904,0.0,STRAIGHT,161.31399536132812,0.03496968253419182,157.60025,6,4.5,0.0,38.878014,0.040911663,0.8521684,0.0,4,False,0.04091166332364082,0.8521683812141418,0.0,4,0,7.48289,16.4966,26.2045,45.972,84.6067,170.559,168.03,165.525,163.529,161.314,158.815,155.917,150.659,131.499,87.1453,52.1111,31.328,20.2784,9.47282
2026-08-04T12:40:41+0200,865,0,16.98,265.41,275.252,95.53900146484375,0.1982010006904602,-0.6495620012283325,7182.05,4,99.8797,0.0,0.124563,0.00443888,0.0,STRAIGHT,161.59300231933594,0.001597140310220044,158.77089,6,4.5,0.0,38.145317,0.019035636,0.87975943,0.0,4,False,0.019035635516047478,0.8797594308853149,0.0,4,0,7.46153,16.3446,25.8028,44.7175,80.4042,134.049,168.051,165.632,163.712,161.593,159.22,156.503,151.75,140.413,90.9548,53.4344,31.7895,20.4614,9.50015
2026-08-04T12:40:41+0200,866,0,17.002,265.995,275.837,95.93569946289062,0.06011439859867096,-0.665274977684021,7380.49,4,99.8792,0.0,0.124401,0.00116861,0.0,STRAIGHT,161.8280029296875,-0.014239618307511167,158.34305,6,4.5,0.0,38.59343,0.0032117385,0.890339,0.0,4,False,0.0032117385417222977,0.8903390169143677,0.0,4,0,7.4384,16.1917,25.4081,43.5227,76.5934,123.754,168.049,165.71,163.861,161.828,159.567,157.005,152.639,144.78,95.1241,54.8358,32.271,20.6519,9.52973
2026-08-04T12:40:41+0200,867,0,17.024,266.583,276.425,96.47339630126953,-0.07000000029802322,-0.6766999959945679,7435.7,4,99.8787,0.0,0.124376,-0.00116885,0.0,STRAIGHT,161.80299377441406,-0.02395822275267717,157.94391,6,4.5,0.0,39.081554,-0.008213621,0.896183,0.0,4,False,-0.008213620632886887,0.8961830139160156,0.0,4,0,7.42125,16.0826,25.1309,42.7032,74.0773,117.305,167.86,165.578,163.777,161.803,159.617,157.157,153.025,146.141,98.3557,55.8885,32.6271,20.7921,9.55182
2026-08-04T12:40:41+0200,868,0,17.046,267.175,277.017,97.033203125,-0.1444219946861267,-0.686040997505188,7477.04,4,99.8782,0.0,0.124427,-0.00242347,0.0,STRAIGHT,161.50599670410156,-0.028830463209111524,157.71274,6,4.5,0.0,39.466667,-0.01624195,0.89066297,0.0,4,False,-0.016241950914263725,0.8906629681587219,0.0,4,0,7.41154,16.0235,24.9829,42.2729,72.7887,114.105,167.47,165.219,163.446,161.506,159.362,156.957,152.949,146.477,100.188,56.4738,32.8235,20.8694,9.56429
2026-08-04T12:40:41+0200,869,0,17.068,267.77,277.612,97.60070037841797,-0.1674399971961975,-0.6937050223350525,7518.38,4,99.8777,0.0,0.124522,-0.00274569,0.0,STRAIGHT,160.98399353027344,-0.029927987644718285,157.61348,6,4.5,0.0,39.765873,-0.02159793,0.88495296,0.0,4,False,-0.021597929298877716,0.884952962398529,0.0,4,0,7.40836,16.0069,24.9428,42.1598,72.4581,113.3,166.912,164.674,162.911,160.984,158.857,156.473,152.513,146.182,100.678,56.6302,32.8767,20.8908,9.5682
2026-08-04T12:40:41+0200,870,0,17.09,268.368,278.21,98.16079711914062,-0.15863999724388123,-0.7146360278129578,7568.06,4,99.8772,0.0,0.124619,-0.00235218,0.0,STRAIGHT,160.29400634765625,-0.028192201425568664,157.61488,6,4.5,0.0,39.9931,-0.024858773,0.8819245,0.0,4,False,-0.02485877275466919,0.8819245100021362,0.0,4,0,7.41044,16.0233,24.9857,42.2877,72.8445,114.257,166.226,163.986,162.222,160.294,158.164,155.778,151.811,145.452,100.1,56.45,32.818,20.8686,9.56524
2026-08-04T12:40:41+0200,871,0,17.112,268.97,278.812,98.7229995727539,-0.1325789988040924,-0.7520530223846436,7613.77,4,99.8767,0.0,0.124662,-0.00141871,0.0,STRAIGHT,159.47300720214844,-0.024244974137953575,157.69456,6,4.5,0.0,40.166622,-0.026482943,0.880917,0.0,4,False,-0.026482943445444107,0.8809170126914978,0.0,4,0,7.41697,16.0657,25.0934,42.6033,73.7938,116.617,165.443,163.189,161.415,159.473,157.329,154.922,150.907,144.385,98.7396,56.0179,32.6741,20.8125,9.55664
2026-08-04T12:40:41+0200,872,0,17.134,269.575,279.417,99.28929901123047,-0.09446760267019272,-0.7812079787254333,7655.42,4,99.8762,0.0,0.124639,-0.000109613,0.0,STRAIGHT,158.55999755859375,-0.01861286310423023,157.83392,6,4.5,0.0,40.29936,-0.026849842,0.8814619,0.0,4,False,-0.026849841699004173,0.8814619183540344,0.0,4,0,7.42687,16.1272,25.2485,43.0583,75.1751,120.107,164.588,162.315,160.522,158.56,156.389,153.948,149.853,143.043,96.886,55.4189,32.472,20.7329,9.54392
2026-08-04T12:40:41+0200,873,0,17.156,270.184,280.026,99.85669708251953,-0.052505701780319214,-0.800603985786438,7698.25,4,99.8757,0.0,0.124506,0.00141913,0.0,STRAIGHT,157.58799743652344,-0.01178612031461883,158.01642,6,4.5,0.0,40.401024,-0.026281115,0.8831305,0.0,4,False,-0.026281114667654037,0.8831304907798767,0.0,4,0,7.43938,16.2015,25.4352,43.6073,76.8643,124.473,163.689,161.39,159.576,157.588,155.384,152.898,148.7,141.472,94.7989,54.7303,32.2363,20.6388,9.52824
2026-08-04T12:40:41+0200,874,0,17.178,270.796,280.638,100.427001953125,-0.015355399809777737,-0.8108050227165222,7741.66,4,99.8752,0.0,0.12425,0.00307852,0.0,STRAIGHT,156.5760040283203,-0.00399283243646636,158.19716,6,4.5,0.0,40.50363,-0.025029441,0.8852897,0.0,4,False,-0.025029441341757774,0.88528972864151,0.0,4,0,7.45397,16.2852,25.6443,44.2249,78.7957,129.601,162.76,160.432,158.593,156.576,154.334,151.796,147.472,139.652,92.6234,53.9967,31.981,20.5357,9.51034
2026-08-04T12:40:41+0200,875,0,17.2,271.411,281.254,101.0,0.020211899653077126,-0.8135690093040466,7786.46,4,99.8747,0.0,0.123854,0.00478631,0.0,STRAIGHT,155.54200744628906,0.021355507134925542,157.50273,6,4.5,0.0,41.229813,-0.02329911,0.8802395,0.0,4,False,-0.02329910919070244,0.8802394866943359,0.0,4,0,7.47018,16.3746,25.8669,44.8855,80.8986,164.215,161.815,159.456,157.591,155.542,153.258,150.663,146.197,137.496,90.475,53.2554,31.7188,20.4281,9.4909
2026-08-04T12:40:41+0200,876,0,17.222,272.03,281.873,101.5780029296875,0.04936720058321953,-0.8118810057640076,7832.23,4,99.8741,0.0,0.123319,0.0064764,0.0,STRAIGHT,154.5019989013672,0.02660574418925843,157.26218,6,4.5,0.0,41.63825,-0.021256097,0.8789953,0.0,4,False,-0.02125609666109085,0.8789952993392944,0.0,4,0,7.48754,16.4667,26.0953,45.5661,83.1051,163.295,160.865,158.476,156.584,154.502,152.176,149.521,144.898,134.541,88.4322,52.5345,31.4593,20.3202,9.47054
2026-08-04T12:40:41+0200,877,0,17.244,272.653,282.495,102.15699768066406,0.07405339926481247,-0.8085960149765015,7875.17,4,99.8736,0.0,0.122636,0.00809836,0.0,STRAIGHT,153.468994140625,0.03264997231180059,156.99466,6,4.5,0.0,42.06849,-0.01903321,0.8777454,0.0,4,False,-0.01903321035206318,0.8777453899383545,0.0,4,0,7.50571,16.5592,26.3231,46.2471,85.3528,162.378,159.92,157.501,155.583,153.469,151.1,148.384,143.595,130.265,86.5422,51.8525,31.2094,20.2146,9.44966
2026-08-04T12:40:41+0200,878,0,17.266,273.279,283.122,102.73699951171875,0.09393440186977386,-0.8303760290145874,7920.99,4,99.873,0.0,0.121804,0.00960177,0.0,STRAIGHT,152.45599365234375,0.03823699154242255,156.74446,6,4.5,0.0,42.48878,-0.016742077,0.87678075,0.0,4,False,-0.016742076724767685,0.8767807483673096,0.0,4,0,7.52433,16.6496,26.5436,46.9065,87.5641,161.474,158.99,156.543,154.602,152.456,150.047,147.272,142.313,126.496,84.8443,51.2264,30.9757,20.1141,9.42873
2026-08-04T12:40:41+0200,879,0,17.288,273.909,283.751,103.31900024414062,0.10660800337791443,-0.8573359847068787,7968.08,4,99.8724,0.0,0.12083,0.0109705,0.0,GENTLE_LEFT,151.47000122070312,0.04331984705768058,119.68645,5,5.5,0.55,42.89826,0.028095916,0.24854317,0.0,4,False,0.028095915913581848,0.2485431730747223,0.0,4,0,7.54321,16.7368,26.7539,47.5341,89.698,160.587,158.079,155.607,153.643,151.47,149.023,146.192,141.063,123.221,83.3373,50.6588,30.7597,20.0195,9.40791
2026-08-04T12:40:41+0200,880,0,17.31,274.542,284.385,103.90299987792969,0.11404100060462952,-0.8826829791069031,8015.44,4,99.8718,0.0,0.119723,0.0122146,0.00019424575,EXIT,150.50799560546875,0.04795090115320817,110.32833,4,5.0,0.35,43.29811,0.042318225,0.10901046,0.0,4,False,0.04231822490692139,0.10901045799255371,0.0,4,0,7.56233,16.8208,26.9543,48.1302,91.7485,159.714,157.186,154.691,152.707,150.508,148.027,145.143,139.846,120.36,81.9952,50.1431,30.5596,19.9302,9.38721
2026-08-04T12:40:41+0200,881,0,17.332,275.179,285.021,104.15399932861328,0.2120009958744049,-0.9021649956703186,7788.5,4,99.8716,0.0,0.118586,0.0123282,0.0,EXIT,149.84300231933594,0.048319922828120414,110.30776,4,5.0,0.35,43.42413,0.05168727,0.10330101,0.0,4,False,0.051687270402908325,0.10330101102590561,0.0,4,0,7.57298,16.8484,27.0045,48.242,92.0484,159.031,156.506,154.016,152.037,149.843,147.37,144.496,139.226,119.994,81.7988,50.05,30.5132,19.9037,9.37663
2026-08-04T12:40:41+0200,882,0,17.354,275.815,285.657,104.14399719238281,0.22043299674987793,-0.9342569708824158,7746.68,4,99.8716,0.0,0.117567,0.0108235,0.0,GENTLE_LEFT,149.60400390625,0.04254316844447674,119.66364,5,5.5,0.55,43.262722,0.07258277,0.22991481,0.0,4,False,0.07258276641368866,0.2299148142337799,0.0,4,0,7.57006,16.7914,26.8335,47.6477,89.8067,158.621,156.135,153.688,151.748,149.604,147.197,144.42,139.441,123.194,83.2459,50.5668,30.6903,19.9695,9.38188
2026-08-04T12:40:41+0200,883,0,17.376,276.451,286.294,104.10299682617188,0.17309600114822388,-0.9833120107650757,7741.92,4,99.8716,0.0,0.116739,0.00812227,0.0,STRAIGHT,149.656005859375,0.03211483126554234,156.8627,6,4.5,0.0,42.966835,0.042514596,0.8460922,0.0,4,False,0.04251459613442421,0.8460922241210938,0.0,4,0,7.55634,16.6717,26.5031,46.5676,85.9597,158.405,155.981,153.604,151.724,149.656,147.35,144.718,140.134,129.521,86.0612,51.5708,31.0421,20.1071,9.39981
2026-08-04T12:40:41+0200,884,0,17.398,277.088,286.93,104.14399719238281,0.1404699981212616,-1.002519965171814,7787.06,4,99.8715,0.0,0.116219,0.00428307,0.0,STRAIGHT,149.9550018310547,0.020670186415260777,157.26625,6,4.5,0.0,42.687096,0.021086425,0.86706185,0.0,4,False,0.021086424589157104,0.8670618534088135,0.0,4,0,7.53146,16.4928,26.0292,45.0843,80.9778,158.36,156.018,153.729,151.927,149.955,147.771,145.31,141.148,133.884,90.4695,53.103,31.5763,20.3186,9.43113
2026-08-04T12:40:41+0200,885,0,17.42,277.725,287.567,104.52200317382812,-0.03525109961628914,-1.0020300149917603,8063.36,4,99.871,0.0,0.115996,0.000482142,0.0,STRAIGHT,150.197998046875,-0.010405638597893438,157.64912,6,4.5,0.0,42.55955,0.005287241,0.88361156,0.0,4,False,0.005287241190671921,0.8836115598678589,0.0,4,0,7.50464,16.3144,25.5689,43.6938,76.5642,122.956,156.024,153.816,152.085,150.198,148.122,145.804,141.969,135.889,95.3335,54.729,32.133,20.5383,9.46498
2026-08-04T12:40:41+0200,886,0,17.442,278.366,288.208,105.0989990234375,-0.192330002784729,-0.9945200085639954,8121.01,4,99.8704,0.0,0.115951,-0.00233513,0.0016297884,STRAIGHT,150.18299865722656,-0.021840329428589864,157.18523,6,4.5,0.0,43.13864,-0.006363958,0.88644516,0.0,4,False,-0.006363958120346069,0.886445164680481,0.0,4,0,7.48395,16.1827,25.2351,42.7122,73.5831,115.431,155.839,153.69,152.009,150.183,148.181,145.96,142.332,136.833,99.3032,56.007,32.5624,20.7067,9.49135
2026-08-04T12:40:41+0200,887,0,17.464,279.01,288.852,105.70600128173828,-0.27066200971603394,-0.980741024017334,8162.24,4,99.8698,0.0,0.116037,-0.00395489,0.00114283,STRAIGHT,149.88600158691406,-0.02801599172140671,156.90233,6,4.5,0.0,43.598877,-0.014727116,0.88308793,0.0,4,False,-0.014727115631103516,0.8830879330635071,0.0,4,0,7.47119,16.106,25.044,42.1625,71.9633,111.494,155.441,153.328,151.677,149.886,147.929,145.764,142.252,137.04,101.75,56.7751,32.8179,20.8069,9.50756
2026-08-04T12:40:41+0200,888,0,17.486,279.658,289.5,106.32099914550781,-0.27895399928092957,-0.9683420062065125,8199.96,4,99.8692,0.0,0.116213,-0.00451887,3.6886337e-05,STRAIGHT,149.3560028076172,-0.029988541391632362,156.7663,6,4.5,0.0,43.954628,-0.020430168,0.87778074,0.0,4,False,-0.020430168136954308,0.8777807354927063,0.0,4,0,7.46552,16.0768,24.974,41.9674,71.4041,110.167,154.864,152.767,151.13,149.356,147.419,145.28,141.821,136.73,102.644,57.0549,32.9122,20.8448,9.51447
2026-08-04T12:40:41+0200,889,0,17.508,280.31,290.152,106.93199920654297,-0.24803699553012848,-0.9647709727287292,8242.32,4,99.8686,0.0,0.116426,-0.00424999,0.0,STRAIGHT,148.64500427246094,-0.028743106424601643,156.74406,6,4.5,0.0,44.224003,-0.023989627,0.8746012,0.0,4,False,-0.02398962713778019,0.8746011853218079,0.0,4,0,7.46571,16.0853,24.9989,42.0461,71.6455,110.758,154.146,152.051,150.416,148.645,146.712,144.576,141.125,136.047,102.243,56.9363,32.8759,20.8323,9.51371
2026-08-04T12:40:41+0200,890,0,17.53,280.965,290.808,107.53700256347656,-0.19272099435329437,-0.97747802734375,8289.85,4,99.868,0.0,0.116627,-0.00338978,0.0,STRAIGHT,147.80499267578125,-0.025159265029870235,156.80525,6,4.5,0.0,44.427765,-0.025858773,0.8735421,0.0,4,False,-0.025858772918581963,0.873542070388794,0.0,4,0,7.47038,16.1213,25.0927,42.3229,72.4694,112.757,153.329,151.225,149.584,147.805,145.863,143.717,140.241,135.102,100.939,56.5361,32.7465,20.7834,9.50718
2026-08-04T12:40:41+0200,891,0,17.552,281.625,291.467,108.13899993896484,-0.13182200491428375,-1.0014400482177734,8343.33,4,99.8675,0.0,0.116785,-0.00212103,0.00038809373,STRAIGHT,146.87399291992188,-0.01984440567194401,156.92839,6,4.5,0.0,44.58248,-0.026421474,0.8737648,0.0,4,False,-0.026421474292874336,0.8737648129463196,0.0,4,0,7.47848,16.1774,25.2364,42.7451,73.7322,115.861,152.439,150.321,148.667,146.874,144.914,142.745,139.223,133.965,99.0636,55.9494,32.5535,20.7092,9.4964
2026-08-04T12:40:41+0200,892,0,17.574,282.287,292.13,108.74199676513672,-0.06887070089578629,-1.0282200574874878,8398.25,4,99.8669,0.0,0.116846,-0.000563264,0.0013544072,STRAIGHT,145.875,-0.013140636299049486,157.10149,6,4.5,0.0,44.69821,-0.025983075,0.8747932,0.0,4,False,-0.02598307467997074,0.8747931718826294,0.0,4,0,7.48959,16.2493,25.419,43.2818,75.3562,119.934,151.496,149.358,147.687,145.875,143.891,141.691,138.103,132.671,96.844,55.2392,32.316,20.6165,9.4821
2026-08-04T12:40:41+0200,893,0,17.596,282.954,292.796,109.35099792480469,-0.006370930001139641,-1.0488500595092773,8450.66,4,99.8662,0.0,0.116786,0.00116366,0.001976144,STRAIGHT,144.83099365234375,0.012047666624557037,157.01927,6,4.5,0.0,45.012005,-0.024800228,0.8745167,0.0,4,False,-0.02480022795498371,0.8745167255401611,0.0,4,0,7.50306,16.3322,25.6285,43.8994,77.254,152.746,150.519,148.357,146.667,144.831,142.818,140.582,136.913,131.256,94.4863,54.4666,32.0532,20.5123,9.46523
2026-08-04T12:40:41+0200,894,0,17.618,283.624,293.466,109.96099853515625,0.04962100088596344,-1.0740599632263184,8508.6,4,99.8656,0.0,0.116597,0.00298029,0.0032105993,STRAIGHT,143.75900268554688,0.01647835587961651,156.80095,6,4.5,0.0,45.432564,-0.023079328,0.87220496,0.0,4,False,-0.02307932823896408,0.8722049593925476,0.0,4,0,7.51836,16.4227,25.8563,44.5748,79.3676,151.771,149.519,147.332,145.62,143.759,141.714,139.436,135.676,129.74,92.1168,53.671,31.7778,20.4016,9.44653
2026-08-04T12:40:41+0200,895,0,17.64,284.298,294.141,110.58300018310547,0.09958189725875854,-1.0915299654006958,8556.05,4,99.8649,0.0,0.116244,0.00482929,0.0031975436,STRAIGHT,142.6699981689453,0.021120444392124214,156.57532,6,4.5,0.0,45.865685,-0.020980347,0.8709013,0.0,4,False,-0.0209803469479084,0.8709012866020203,0.0,4,0,7.5354,16.5189,26.097,45.2919,81.6551,150.784,148.507,146.292,144.558,142.67,140.592,138.269,134.407,128.129,89.8107,52.877,31.4978,20.2873,9.42623
2026-08-04T12:40:41+0200,896,0,17.662,284.976,294.818,111.20700073242188,0.14104099571704865,-1.1020300388336182,8600.47,4,99.8642,0.0,0.115719,0.00662446,0.002738047,STRAIGHT,141.58399963378906,0.02578525481065402,156.35011,6,4.5,0.0,46.301277,-0.018650476,0.87018275,0.0,4,False,-0.01865047588944435,0.8701827526092529,0.0,4,0,7.55358,16.6167,26.3404,46.0197,84.0216,149.798,147.495,145.255,143.499,141.584,139.472,137.103,133.134,126.45,87.6641,52.1195,31.2254,20.1743,9.40509
2026-08-04T12:40:42+0200,897,0,17.684,285.658,295.5,111.83399963378906,0.17055000364780426,-1.1075299978256226,8645.62,4,99.8636,0.0,0.115028,0.00830799,0.0023762449,STRAIGHT,140.51400756835938,0.030337154510190957,156.12996,6,4.5,0.0,46.736126,-0.01621488,0.8560694,0.0,4,False,-0.016214879229664803,0.8560693860054016,0.0,4,0,7.57241,16.7133,26.5787,46.7336,86.386,148.822,146.496,144.232,142.454,140.514,138.37,135.956,131.88,124.718,85.7255,51.4189,30.9686,20.0658,9.38369
2026-08-04T12:40:42+0200,898,0,17.706,286.343,296.186,112.46199798583984,0.1886969953775406,-1.1092000007629395,8691.37,4,99.8629,0.0,0.114193,0.00985473,0.0020524717,STRAIGHT,139.46800231933594,0.0347192932360187,155.91685,6,4.5,0.0,47.16774,-0.013769302,0.8395072,0.0,4,False,-0.0137693015858531,0.8395072221755981,0.0,4,0,7.5915,16.8066,26.8071,47.4191,88.6953,147.862,145.514,143.228,141.431,139.468,137.293,134.838,130.658,122.925,84.0016,50.7819,30.7306,19.9634,9.36243
2026-08-04T12:40:42+0200,899,0,17.728,287.033,296.875,113.08399963378906,0.19938500225543976,-1.1091300249099731,8729.82,4,99.8622,0.0,0.113195,0.0112284,0.0009264596,STRAIGHT,138.45399475097656,0.03885259817144302,155.71451,6,4.5,0.0,47.59013,-0.011393207,0.82392365,0.0,4,False,-0.011393207125365734,0.823923647403717,0.0,4,0,7.61072,16.8952,27.0208,48.0578,90.8747,146.922,144.557,142.251,140.438,138.454,136.254,133.761,129.485,121.061,82.5069,50.217,30.515,19.8688,9.34148
2026-08-04T12:40:42+0200,900,0,17.75,287.726,297.568,113.69499969482422,0.19860099256038666,-1.1069400310516357,8766.85,4,99.8615,0.0,0.112036,0.0124203,0.0,GENTLE_LEFT,137.47799682617188,0.04276235835023212,118.92901,5,5.5,0.55,48.00132,0.0313382,0.07893717,0.0,4,False,0.031338199973106384,0.07893717288970947,0.0,4,0,7.62998,16.9783,27.2177,48.6411,92.8811,146.006,143.626,141.304,139.478,137.478,135.255,132.731,128.37,119.048,81.229,49.7231,30.3222,19.782,9.32089
2026-08-04T12:40:42+0200,901,0,17.772,288.423,298.265,114.29299926757812,0.19343000650405884,-1.0999399423599243,8803.87,4,99.8609,0.0,0.110745,0.0134269,0.0,GENTLE_LEFT,136.5399932861328,0.04644137963951076,118.79034,5,5.5,0.55,48.400093,0.059724957,0.06682672,0.0,4,False,0.05972495675086975,0.0668267235159874,0.0,4,0,7.64897,17.0549,27.3954,49.1609,94.6749,145.115,142.723,140.39,138.553,136.54,134.3,131.751,127.321,116.861,80.1557,49.2989,30.1524,19.7037,9.30094
2026-08-04T12:40:42+0200,902,0,17.794,289.122,298.964,114.43399810791016,0.268218994140625,-1.0975699424743652,8496.79,4,99.8609,0.0,0.109437,0.0132375,0.0,GENTLE_LEFT,135.88900756835938,0.045633644396588346,118.809784,5,5.5,0.55,48.439255,0.07813009,0.06375929,0.0,4,False,0.0781300887465477,0.06375928968191147,0.0,4,0,7.65873,17.0702,27.4096,49.148,94.4971,144.414,142.034,139.713,137.888,135.889,133.668,131.144,126.776,117.111,80.2435,49.3093,30.1421,19.6909,9.2917
2026-08-04T12:40:42+0200,903,0,17.816,289.821,299.663,114.33699798583984,0.27678099274635315,-1.1022599935531616,8485.06,4,99.8609,0.0,0.108285,0.010965,0.0,STRAIGHT,135.7310028076172,0.0384648136116974,155.64066,6,4.5,0.0,48.177048,0.04860986,0.7638816,0.0,4,False,0.048609860241413116,0.7638816237449646,0.0,4,0,7.6508,16.9753,27.1349,48.2099,90.9693,144.047,141.716,139.449,137.672,135.731,133.585,131.167,127.063,119.585,82.4102,50.0938,30.4161,19.7958,9.30267
2026-08-04T12:40:42+0200,904,0,17.838,290.519,300.361,114.23400115966797,0.1907840073108673,-1.1047199964523315,8476.48,4,99.8609,0.0,0.107465,0.00674039,0.0,STRAIGHT,135.99400329589844,0.027150880414658806,156.05865,6,4.5,0.0,47.79659,0.027357765,0.7930575,0.0,4,False,0.027357764542102814,0.7930575013160706,0.0,4,0,7.62498,16.7776,26.6013,46.4957,84.9616,143.975,141.725,139.545,137.843,135.994,133.965,131.705,127.967,121.987,86.8841,51.6877,30.978,20.0184,9.33445
2026-08-04T12:40:42+0200,905,0,17.86,291.218,301.06,114.57499694824219,-0.06225679814815521,-1.0868799686431885,8805.65,4,99.8603,0.0,0.106973,0.00218534,0.0,STRAIGHT,136.2779998779297,0.01587419736640642,156.42561,6,4.5,0.0,47.64248,0.011308603,0.8087622,0.0,4,False,0.01130860298871994,0.8087621927261353,0.0,4,0,7.5942,16.563,26.0391,44.7633,79.2906,143.93,141.761,139.667,138.038,136.278,134.359,132.24,128.808,123.693,92.3294,53.5468,31.6204,20.2721,9.37252
2026-08-04T12:40:42+0200,906,0,17.882,291.92,301.762,115.125,-0.27025699615478516,-1.0708600282669067,8868.18,4,99.8597,0.0,0.106722,-0.00131971,0.0,STRAIGHT,136.2969970703125,0.0075379119007897314,156.66473,6,4.5,0.0,47.67687,-0.00084127113,0.81142086,0.0,5,False,-0.0008412711322307587,0.8114208579063416,0.0,5,0,7.56974,16.3997,25.6195,43.5112,75.4109,143.707,141.599,139.568,137.994,136.297,134.455,132.434,129.201,124.553,97.0242,55.0793,32.1378,20.4746,9.40326
2026-08-04T12:40:42+0200,907,0,17.904,292.626,302.468,115.70800018310547,-0.37584999203681946,-1.0585700273513794,8913.99,4,99.859,0.0,0.106658,-0.00355095,0.0,STRAIGHT,136.03399658203125,-0.017487485602659076,156.30388,6,4.5,0.0,48.213028,-0.009830104,0.7948645,0.0,4,False,-0.009830104187130928,0.7948644757270813,0.0,4,0,7.55348,16.2957,25.357,42.746,73.1265,113.641,141.218,139.229,137.69,136.034,134.241,132.282,129.169,124.776,100.281,56.1071,32.4792,20.6076,9.42383
2026-08-04T12:40:42+0200,908,0,17.926,293.334,303.176,115.91899871826172,-0.3782309889793396,-1.0533100366592407,8012.15,5,99.859,0.0,0.106752,-0.00458306,0.0,STRAIGHT,135.5240020751953,-0.021291312071676546,156.1458,6,4.5,0.0,48.430305,-0.016188715,0.78182167,0.0,5,False,-0.016188714653253555,0.7818216681480408,0.0,5,0,7.54496,16.2459,25.2339,42.3953,72.1063,111.198,140.645,138.678,137.158,135.524,133.759,131.832,128.783,124.518,101.874,56.6021,32.6433,20.6721,9.43444
2026-08-04T12:40:42+0200,909,0,17.948,294.042,303.884,115.81900024414062,-0.32552000880241394,-1.061020016670227,8024.47,5,99.859,0.0,0.106936,-0.00463295,0.0,STRAIGHT,134.822998046875,-0.021185418900094184,156.15816,6,4.5,0.0,48.378426,-0.020363634,0.781241,0.0,5,False,-0.020363634452223778,0.7812409996986389,0.0,5,0,7.54304,16.2402,25.2229,42.37,72.0432,111.061,139.919,137.961,136.448,134.823,133.067,131.154,128.128,123.909,101.968,56.6354,32.6565,20.6785,9.43648
2026-08-04T12:40:42+0200,910,0,17.97,294.749,304.591,115.73300170898438,-0.25251901149749756,-1.0763200521469116,7727.95,5,99.859,0.0,0.107167,-0.00398076,0.0,STRAIGHT,133.98699951171875,0.0010712772771458014,156.8265,6,4.5,0.0,47.796505,-0.022769954,0.7992975,0.0,5,False,-0.022769954055547714,0.7992975115776062,0.0,5,0,7.54596,16.2664,25.2923,42.5769,72.66,141.13,139.087,137.127,135.613,133.987,132.23,130.315,127.287,123.058,100.981,56.3361,32.5611,20.6431,9.43224
2026-08-04T12:40:42+0200,911,0,17.992,295.457,305.299,115.97799682617188,-0.17448200285434723,-1.09142005443573,7943.04,5,99.8585,0.0,0.107365,-0.00285447,0.0,STRAIGHT,133.0590057373047,0.003587105760029913,156.71027,6,4.5,0.0,47.992847,-0.023773788,0.7907708,0.0,5,False,-0.023773787543177605,0.7907708287239075,0.0,5,0,7.55273,16.3155,25.4188,42.9489,73.7678,140.234,138.182,136.214,134.692,133.059,131.294,129.368,126.317,122.042,99.3023,55.8168,32.3919,20.5787,9.42324
2026-08-04T12:40:42+0200,912,0,18.014,296.167,306.009,116.40799713134766,-0.09895280003547668,-1.099560022354126,7982.48,5,99.858,0.0,0.107497,-0.00140476,0.0,STRAIGHT,132.06500244140625,0.006882312843863028,156.54759,6,4.5,0.0,48.30445,-0.023692034,0.7781469,0.0,5,False,-0.02369203418493271,0.7781469225883484,0.0,5,0,7.56253,16.3814,25.5871,43.4437,75.2556,139.289,137.224,135.242,133.711,132.065,130.285,128.342,125.256,120.905,97.2126,55.1565,32.1732,20.494,9.41065
2026-08-04T12:40:42+0200,913,0,18.036,296.88,306.722,116.84700012207031,-0.027881499379873276,-1.1049599647521973,8006.72,5,99.8575,0.0,0.107508,0.000240445,0.0,STRAIGHT,131.0279998779297,0.010681614128314696,156.3672,6,4.5,0.0,48.635403,-0.022797866,0.7654239,0.0,5,False,-0.02279786579310894,0.7654238939285278,0.0,5,0,7.57487,16.4595,25.7851,44.0263,77.0313,138.312,136.23,134.233,132.688,131.028,129.23,127.265,124.135,119.685,94.9342,54.4194,31.9248,20.3964,9.39526
2026-08-04T12:40:42+0200,914,0,18.058,297.596,307.438,117.27899932861328,0.0322003997862339,-1.1086699962615967,8028.51,5,99.857,0.0,0.107396,0.00195819,0.0,STRAIGHT,129.9709930419922,0.01471742620659009,156.18024,6,4.5,0.0,48.970005,-0.021331018,0.75251,0.0,5,False,-0.021331017836928368,0.7525100111961365,0.0,5,0,7.58887,16.5442,25.9987,44.6579,78.9881,137.319,135.221,133.207,131.648,129.971,128.154,126.164,122.984,118.421,92.6565,53.6647,31.666,20.2932,9.37822
2026-08-04T12:40:42+0200,915,0,18.08,298.314,308.156,117.6989974975586,0.07990139722824097,-1.1169999837875366,8052.93,5,99.8565,0.0,0.107128,0.00365549,0.0,STRAIGHT,128.91299438476562,0.018782027281522357,155.99483,6,4.5,0.0,49.299404,-0.019491883,0.7398509,0.0,5,False,-0.019491882994771004,0.7398508787155151,0.0,5,0,7.60412,16.6317,26.2179,45.308,81.0358,136.325,134.21,132.179,130.606,128.913,127.076,125.061,121.83,117.145,90.4977,52.9318,31.41,20.1894,9.36014
2026-08-04T12:40:42+0200,916,0,18.102,299.034,308.877,118.11000061035156,0.11652299761772156,-1.1303999423980713,8077.22,5,99.8559,0.0,0.106703,0.00526398,0.0,STRAIGHT,127.86799621582031,0.022713204030336547,155.81642,6,4.5,0.0,49.620293,-0.017444866,0.72783816,0.0,5,False,-0.01744486577808857,0.7278381586074829,0.0,5,0,7.62009,16.7187,26.4341,45.9503,83.0918,135.339,133.208,131.161,129.576,127.868,126.012,123.973,120.693,115.884,88.5284,52.2472,31.1663,20.0889,9.34164
2026-08-04T12:40:42+0200,917,0,18.124,299.757,309.6,118.51300048828125,0.14047899842262268,-1.1437400579452515,8100.68,5,99.8554,0.0,0.106118,0.00674373,0.0,STRAIGHT,126.84300231933594,0.026412593670369446,155.6484,6,4.5,0.0,49.930157,-0.015316663,0.7164587,0.0,5,False,-0.015316663309931755,0.7164586782455444,0.0,5,0,7.63651,16.8031,26.6419,46.5672,85.0943,134.367,132.223,130.162,128.565,126.843,124.971,122.911,119.585,114.657,86.7746,51.6234,30.9399,19.9939,9.32306
2026-08-04T12:40:42+0200,918,0,18.146,300.483,310.325,118.90799713134766,0.15369799733161926,-1.1539700031280518,8124.04,5,99.8549,0.0,0.105381,0.00808495,0.0,STRAIGHT,125.84300231933594,0.02984441393561298,155.49199,6,4.5,0.0,50.227867,-0.013195147,0.70565826,0.0,5,False,-0.013195146806538105,0.7056582570075989,0.0,5,0,7.65321,16.8842,26.839,47.151,87.0124,133.412,131.256,129.183,127.576,125.843,123.957,121.878,118.512,113.472,85.2267,51.0608,30.7316,19.9047,9.30455
2026-08-04T12:40:42+0200,919,0,18.168,301.211,311.053,119.29499816894531,0.1590290069580078,-1.1610300540924072,8146.87,5,99.8544,0.0,0.104498,0.00928754,0.0,STRAIGHT,124.86699676513672,0.03299929727413718,155.34741,6,4.5,0.0,50.513077,-0.011137951,0.695374,0.0,5,False,-0.011137951165437698,0.6953740119934082,0.0,5,0,7.67016,16.9617,27.0247,47.6983,88.8268,132.473,130.307,128.225,126.61,124.867,122.97,120.875,117.474,112.334,83.8665,50.5559,30.5409,19.8214,9.28613
2026-08-04T12:40:42+0200,920,0,18.19,301.941,311.783,119.67400360107422,0.15870000422000885,-1.165470004081726,8169.71,5,99.8539,0.0,0.103465,0.0103511,0.0,STRAIGHT,123.91699981689453,0.03586603132579995,155.21516,6,4.5,0.0,50.78528,-0.009182508,0.6855714,0.0,5,False,-0.00918250810354948,0.6855713725090027,0.0,5,0,7.68734,17.0356,27.1985,48.2055,90.5179,131.551,129.378,127.288,125.667,123.917,122.01,119.903,116.475,111.247,82.6789,50.1057,30.3671,19.7436,9.26777
2026-08-04T12:40:42+0200,921,0,18.212,302.674,312.516,120.0469970703125,0.15471799671649933,-1.1770800352096558,8191.61,5,99.8534,0.0,0.102306,0.0112721,0.0,STRAIGHT,122.99299621582031,0.038417025226889806,155.0958,6,4.5,0.0,51.04472,-0.007356547,0.67619264,0.0,5,False,-0.0073565468192100525,0.6761926412582397,0.0,5,0,7.70452,17.1049,27.3586,48.667,92.0591,130.647,128.468,126.373,124.748,122.993,121.08,118.965,115.515,110.219,81.6559,49.7096,30.2107,19.672,9.24971
2026-08-04T12:40:42+0200,922,0,18.234,303.409,313.251,120.41300201416016,0.14716100692749023,-1.200469970703125,8213.88,5,99.853,0.0,0.101041,0.0120404,0.0,STRAIGHT,122.0989990234375,0.04061423444587863,154.99059,6,4.5,0.55,51.28977,0.03208763,0.66727495,0.0,5,False,0.03208763152360916,0.6672749519348145,0.0,5,0,7.72144,17.1688,27.5023,49.0742,93.4134,129.763,127.581,125.484,123.857,122.099,120.183,118.063,114.601,109.259,80.7984,49.3701,30.073,19.6073,9.23216
2026-08-04T12:40:42+0200,923,0,18.256,304.146,313.988,120.77200317382812,0.1365319937467575,-1.2217299938201904,8235.35,5,99.8526,0.0,0.0996704,0.0126621,0.0,GENTLE_LEFT,121.23300170898438,0.042460940595438146,118.45253,5,5.5,0.55,51.52038,0.059486903,0.0,0.053859368,5,False,0.05948690325021744,0.0,0.053859367966651917,5,0,7.73815,17.2273,27.6302,49.4269,94.5724,128.898,126.715,124.618,122.991,121.233,119.317,117.196,113.731,108.367,80.0908,49.0826,29.9529,19.5489,9.21507
2026-08-04T12:40:42+0200,924,0,18.278,304.885,314.727,121.125,0.2098039984703064,-1.2364399433135986,8256.43,5,99.8522,0.0,0.0983245,0.0121821,0.0,GENTLE_LEFT,120.59600067138672,0.04139496809938869,118.4623,5,5.5,0.55,51.660027,0.07703963,0.0,0.054555416,5,False,0.07703962922096252,0.0,0.054555416107177734,5,0,7.7459,17.228,27.605,49.2857,93.9259,128.195,126.028,123.947,122.335,120.596,118.702,116.61,113.206,108.007,80.46,49.1966,29.9799,19.5511,9.2081
2026-08-04T12:40:42+0200,925,0,18.3,305.625,315.467,121.03199768066406,0.20619399845600128,-1.265120029449463,8034.49,5,99.8522,0.0,0.0971614,0.00979203,0.0,STRAIGHT,120.34700012207031,0.03540646641561649,155.1452,6,4.5,0.0,51.421337,0.048332915,0.6288507,0.0,5,False,0.04833291471004486,0.6288506984710693,0.0,5,0,7.73697,17.1266,27.3141,48.304,90.3063,127.77,125.646,123.612,122.039,120.347,118.51,116.493,113.246,108.456,82.7826,50.0293,30.2694,19.6618,9.21989
2026-08-04T12:40:42+0200,926,0,18.322,306.364,316.206,120.7040023803711,0.10226699709892273,-1.3025799989700317,8009.91,5,99.8522,0.0,0.0963387,0.00547546,0.0,STRAIGHT,120.45999908447266,0.02482413595900186,155.56293,6,4.5,0.0,50.92608,0.027554914,0.658583,0.0,5,False,0.027554914355278015,0.6585829854011536,0.0,5,0,7.71015,16.9232,26.7682,46.5673,84.3317,127.614,125.558,123.594,122.081,120.46,118.71,116.802,113.775,109.49,87.4534,51.6726,30.8445,19.8888,9.25222
2026-08-04T12:40:42+0200,927,0,18.344,307.101,316.944,120.8219985961914,-0.16017000377178192,-1.3156800270080566,8235.19,5,99.8518,0.0,0.0958765,0.000805438,0.0,STRAIGHT,120.60099792480469,0.013736628801949834,155.94853,6,4.5,0.0,50.646996,0.011743557,0.67498523,0.0,5,False,0.011743556708097458,0.6749852299690247,0.0,5,0,7.67793,16.7015,26.1908,44.8067,78.673,127.489,125.5,123.607,122.153,120.601,118.933,117.127,114.296,110.41,93.1869,53.6017,31.5059,20.1491,9.29134
2026-08-04T12:40:42+0200,928,0,18.366,307.841,317.683,121.15799713134766,-0.3480350077152252,-1.3133100271224976,8266.07,5,99.8513,0.0,0.0957044,-0.0027535,0.0,STRAIGHT,120.50299835205078,0.0054409274320617925,156.20976,6,4.5,0.0,50.56443,-0.0002951827,0.6810089,0.0,5,False,-0.0002951826900243759,0.6810088753700256,0.0,5,0,7.65216,16.5334,25.7629,43.5449,74.8352,127.194,125.256,123.415,122.005,120.503,118.895,117.16,114.463,110.828,98.109,55.1826,32.0354,20.3559,9.32307
2026-08-04T12:40:42+0200,929,0,18.388,308.582,318.425,121.51599884033203,-0.4292230010032654,-1.304710030555725,8289.59,5,99.8509,0.0,0.0957758,-0.00499022,0.0,STRAIGHT,120.1510009765625,0.0008272383037506376,156.33546,6,4.5,0.0,50.60601,-0.009234829,0.6818447,0.0,5,False,-0.009234828874468803,0.6818447113037109,0.0,5,0,7.63459,16.4264,25.4962,42.7796,72.5958,126.712,124.808,123.002,121.62,120.151,118.582,116.893,114.281,110.795,100.255,56.2346,32.383,20.4916,9.34471
2026-08-04T12:40:42+0200,930,0,18.41,309.326,319.168,121.88200378417969,-0.4234650135040283,-1.2925399541854858,8311.19,5,99.8504,0.0,0.0960212,-0.00603038,0.0,STRAIGHT,119.58300018310547,-0.0010151799055647432,156.29382,6,4.5,0.0,50.79426,-0.015571809,0.6697028,0.0,5,False,-0.015571809373795986,0.6697028279304504,0.0,5,0,7.62467,16.3733,25.3681,42.4229,71.5826,126.068,124.183,122.398,121.033,119.583,118.036,116.375,113.811,110.408,100.582,56.7486,32.5536,20.5594,9.35664
2026-08-04T12:40:42+0200,931,0,18.432,310.072,319.914,122.25,-0.3651610016822815,-1.2961100339889526,8333.79,5,99.8499,0.0,0.0963695,-0.00611854,0.0,STRAIGHT,118.8489990234375,-0.0010666688546189982,156.2507,6,4.5,0.0,50.98484,-0.019746702,0.6590678,0.0,5,False,-0.019746702164411545,0.6590678095817566,0.0,5,0,7.62107,16.3628,25.3482,42.3776,71.4721,125.298,123.422,121.646,120.289,118.849,117.312,115.664,113.123,109.758,100.198,56.8096,32.5778,20.5713,9.36045
2026-08-04T12:40:42+0200,932,0,18.454,310.821,320.663,122.61000061035156,-0.28282299637794495,-1.3274400234222412,8354.55,5,99.8494,0.0,0.0967781,-0.00549984,0.0,STRAIGHT,117.99199676513672,0.0001596083341109918,156.2358,6,4.5,0.0,51.14787,-0.022166178,0.65045923,0.0,5,False,-0.0221661776304245,0.6504592299461365,0.0,5,0,7.62229,16.3843,25.4085,42.5625,72.0255,124.435,122.56,120.786,119.431,117.992,116.459,114.813,112.278,108.922,99.3829,56.5307,32.4925,20.5413,9.35808
2026-08-04T12:40:42+0200,933,0,18.476,311.571,321.413,122.96099853515625,-0.19195300340652466,-1.3676700592041016,8377.08,5,99.849,0.0,0.0971699,-0.00439948,0.0,STRAIGHT,117.0530014038086,0.002286483765746968,156.12027,6,4.5,0.0,51.394573,-0.023202255,0.6402985,0.0,5,False,-0.023202255368232727,0.6402984857559204,0.0,5,0,7.62729,16.4288,25.5261,42.9119,73.0597,123.508,121.629,119.851,118.494,117.053,115.516,113.868,111.326,107.957,98.2768,56.025,32.3321,20.482,9.35102
2026-08-04T12:40:42+0200,934,0,18.498,312.324,322.166,123.30400085449219,-0.10435300320386887,-1.407189965248108,8400.27,5,99.8486,0.0,0.0974975,-0.00299931,0.0,STRAIGHT,116.05999755859375,0.005026329386000683,155.98434,6,4.5,0.0,51.65624,-0.023184685,0.6303643,0.0,5,False,-0.02318468503654003,0.6303642988204956,0.0,5,0,7.63512,16.489,25.6825,43.3737,74.4351,122.54,120.653,118.869,117.506,116.06,114.517,112.861,110.306,106.912,96.9613,55.3863,32.1255,20.404,9.34063
2026-08-04T12:40:42+0200,935,0,18.52,313.078,322.92,123.62899780273438,-0.024685200303792953,-1.4723399877548218,8433.94,5,99.8482,0.0,0.0977225,-0.00141102,0.0,STRAIGHT,115.03299713134766,0.008222455178716025,155.83495,6,4.5,0.0,51.92277,-0.02238155,0.62083936,0.0,5,False,-0.022381549701094627,0.6208393573760986,0.0,5,0,7.6453,16.5605,25.8666,43.9172,76.0731,121.544,119.648,117.856,116.486,115.033,113.481,111.815,109.242,105.813,95.4619,54.6726,31.8903,20.3135,9.32766
2026-08-04T12:40:42+0200,936,0,18.542,313.835,323.677,123.96299743652344,0.04773459956049919,-1.5375299453735352,8451.11,5,99.8478,0.0,0.0978227,0.000302494,0.0,STRAIGHT,113.98100280761719,0.011813330724230287,155.67154,6,4.5,0.0,52.206024,-0.02099629,0.6104787,0.0,5,False,-0.02099628932774067,0.6104786992073059,0.0,5,0,7.65754,16.6411,26.0725,44.5266,77.9366,120.528,118.623,116.82,115.443,113.981,112.42,110.742,108.146,104.676,93.7472,53.9164,31.6364,20.2144,9.31252
2026-08-04T12:40:42+0200,937,0,18.564,314.593,324.436,124.29299926757812,0.10561200231313705,-1.5694799423217773,8464.89,5,99.8473,0.0,0.0977696,0.00202924,0.0,STRAIGHT,112.9229965209961,0.015671286002757027,155.50024,6,4.5,0.0,52.495308,-0.019215832,0.6000398,0.0,5,False,-0.01921583153307438,0.6000397801399231,0.0,5,0,7.67126,16.7261,26.288,45.1661,79.9235,119.508,117.592,115.779,114.395,112.923,111.352,109.662,107.043,103.53,91.7605,53.168,31.3804,20.1127,9.29604
2026-08-04T12:40:42+0200,938,0,18.586,315.354,325.196,124.61299896240234,0.1456100046634674,-1.5822099447250366,8479.4,5,99.8469,0.0,0.0975468,0.00369847,0.0,STRAIGHT,111.87300109863281,0.019600850903479555,155.32875,6,4.5,0.0,52.781292,-0.017196288,0.5900737,0.0,5,False,-0.0171962883323431,0.5900737047195435,0.0,5,0,7.68605,16.8123,26.5047,45.8107,81.9586,118.491,116.566,114.744,113.352,111.873,110.292,108.59,105.949,102.393,89.6622,52.4559,31.132,20.0122,9.27874
2026-08-04T12:40:42+0200,939,0,18.608,316.117,325.959,124.92400360107422,0.17222300171852112,-1.5802099704742432,8494.24,5,99.8465,0.0,0.0971464,0.00525647,0.0,STRAIGHT,110.83799743652344,0.023338603038819333,155.16653,6,4.5,0.0,53.05607,-0.015065549,0.58069503,0.0,5,False,-0.015065548941493034,0.5806950330734253,0.0,5,0,7.70156,16.8972,26.716,46.4389,83.9709,117.486,115.553,113.723,112.325,110.838,109.249,107.538,104.877,101.283,87.7727,51.799,30.8982,19.9159,9.26104
2026-08-04T12:40:42+0200,940,0,18.63,316.881,326.723,125.22599792480469,0.18545100092887878,-1.5688999891281128,8509.54,5,99.8461,0.0,0.0965763,0.00666487,0.0,STRAIGHT,109.8280029296875,0.026785388462825428,155.01704,6,4.5,0.0,53.31647,-0.012926556,0.57192993,0.0,5,False,-0.012926556169986725,0.571929931640625,0.0,5,0,7.71741,16.9785,26.9159,47.0323,85.8954,116.498,114.558,112.722,111.319,109.828,108.232,106.513,103.837,100.211,86.1146,51.2093,30.684,19.8258,9.24336
2026-08-04T12:40:42+0200,941,0,18.652,317.647,327.49,125.52100372314453,0.1904810070991516,-1.58542001247406,8525.96,5,99.8457,0.0,0.0958469,0.00790244,0.0,STRAIGHT,108.84500122070312,0.029884339581033745,154.882,6,4.5,0.0,53.561726,-0.010857539,0.5637054,0.0,5,False,-0.010857539251446724,0.5637053847312927,0.0,5,0,7.73335,17.0549,27.1008,47.5778,87.6809,115.53,113.586,111.746,110.34,108.845,107.245,105.521,102.835,99.1855,84.6896,50.691,30.4917,19.7432,9.22595
2026-08-04T12:40:43+0200,942,0,18.674,318.415,328.258,125.80799865722656,0.18651099503040314,-1.6240700483322144,8543.24,5,99.8452,0.0,0.0949642,0.0089519,0.0,GENTLE_LEFT,107.89299774169922,0.04746025920224597,117.93819,5,5.5,0.55,54.266,0.028850129,0.0,0.066536285,5,False,0.0288501288741827,0.0,0.06653628498315811,5,0,7.74916,17.1251,27.2673,48.0638,117.858,114.585,112.638,110.796,109.389,107.893,106.292,104.565,101.874,98.2131,83.4962,50.2471,30.3231,19.6689,9.20901
2026-08-04T12:40:43+0200,943,0,18.696,319.185,329.027,126.08899688720703,0.17699399590492249,-1.6660699844360352,8561.27,5,99.8448,0.0,0.093955,0.00984365,0.0,GENTLE_LEFT,106.96700286865234,0.04856597348328759,117.89259,5,5.5,0.55,54.440277,0.05523197,0.0,0.06732873,5,False,0.0552319698035717,0.0,0.06732872873544693,5,0,7.76486,17.19,27.4181,48.4977,116.934,113.658,111.711,109.87,108.463,106.967,105.367,103.641,100.95,97.286,82.4873,49.8637,30.1739,19.6014,9.19248
2026-08-04T12:40:43+0200,944,0,18.718,319.956,329.798,125.94000244140625,0.25111299753189087,-1.699779987335205,8354.64,5,99.8447,0.0,0.0929168,0.00962591,0.0,GENTLE_LEFT,106.23699951171875,0.04794892605980811,117.92845,5,5.5,0.55,54.334255,0.07233839,0.0,0.06685775,5,False,0.07233838737010956,0.0,0.06685774773359299,5,0,7.77203,17.1985,27.42,48.4597,116.138,112.879,110.944,109.116,107.72,106.237,104.652,102.944,100.287,96.6849,82.6344,49.8982,30.1748,19.5948,9.18571
2026-08-04T12:40:43+0200,945,0,18.74,320.724,330.566,125.56700134277344,0.23714999854564667,-1.8031799793243408,8323.27,5,99.8447,0.0,0.0920583,0.00740254,0.0,GENTLE_LEFT,105.85600280761719,0.044193679608014326,118.0663,5,5.5,0.55,54.013554,0.08220868,0.0,0.06547681,5,False,0.08220867812633514,0.0,0.06547681242227554,5,0,7.76181,17.1009,27.1479,47.57,115.576,112.367,110.466,108.673,107.306,105.856,104.311,102.651,100.083,96.6434,84.9421,50.7096,30.4553,19.7029,9.19858
2026-08-04T12:40:43+0200,946,0,18.762,321.49,331.332,125.18499755859375,0.10141599923372269,-1.8670300245285034,8298.85,5,99.8446,0.0,0.0915244,0.00313866,0.0,STRAIGHT,105.80799865722656,0.020108723021421113,155.30507,6,4.5,0.0,53.044502,0.04887135,0.55473626,0.0,5,False,0.048871349543333054,0.5547362565994263,0.0,5,0,7.73298,16.8967,26.6102,45.9006,81.8138,112.116,110.268,108.528,107.206,105.808,104.323,102.735,100.297,97.0877,88.0578,52.3999,31.0414,19.9344,9.23296
2026-08-04T12:40:43+0200,947,0,18.784,322.254,332.096,124.80599975585938,-0.11437299847602844,-1.8831700086593628,8275.62,5,99.8445,0.0,0.0914551,-0.0027386,0.0,STRAIGHT,105.99099731445312,0.009240423119923472,155.7323,6,4.5,0.0,52.50753,0.024248766,0.5849462,0.0,5,False,0.024248765781521797,0.5849462151527405,0.0,5,0,7.68823,16.6118,25.8857,43.7547,75.2022,112.052,110.269,108.596,107.328,105.991,104.577,103.071,100.781,97.8161,90.2743,54.9617,31.9089,20.2761,9.28677
2026-08-04T12:40:43+0200,948,0,18.806,323.016,332.859,124.88500213623047,-0.43424299359321594,-1.8734999895095825,8490.19,5,99.8441,0.0,0.0918318,-0.00839412,0.0,STRAIGHT,106.09700012207031,-0.0002985155026821865,156.03981,6,4.5,0.0,52.269672,0.0053858534,0.59882444,0.0,5,False,0.005385853350162506,0.5988244414329529,0.0,5,0,7.64218,16.3392,25.2135,41.8522,69.745,111.937,110.214,108.6,107.38,106.097,104.744,103.31,101.143,98.3715,91.6981,57.7009,32.8052,20.6252,9.34326
2026-08-04T12:40:43+0200,949,0,18.828,323.78,333.623,125.17400360107422,-0.6196659803390503,-1.8536100387573242,8514.19,5,99.8437,0.0,0.092572,-0.0123102,0.0,STRAIGHT,105.91000366210938,-0.0065033772352570424,155.81683,6,4.5,0.0,52.58766,-0.008879179,0.5939752,0.0,5,False,-0.008879179134964943,0.5939751863479614,0.0,5,0,7.60672,16.1472,24.7551,40.6074,66.372,111.597,109.914,108.342,107.156,105.91,104.599,103.214,101.127,98.481,92.2828,59.7894,33.4708,20.8835,9.38704
2026-08-04T12:40:43+0200,950,0,18.85,324.546,334.389,125.48400115966797,-0.6527169942855835,-1.8279600143432617,8531.2,5,99.8432,0.0,0.0936147,-0.0143866,0.0,STRAIGHT,105.44000244140625,-0.00966555110932739,155.66455,6,4.5,0.0,52.852783,-0.01925278,0.5826301,0.0,5,False,-0.019252780824899673,0.5826300978660583,0.0,5,0,7.58263,16.0357,24.5011,39.9478,64.6646,111.033,109.376,107.829,106.663,105.44,104.154,102.798,100.761,98.1875,92.2455,60.9948,33.8548,21.0356,9.41606
2026-08-04T12:40:43+0200,951,0,18.872,325.314,335.156,125.79499816894531,-0.5816310048103333,-1.8626799583435059,8545.86,5,99.8428,0.0,0.0948703,-0.0149151,0.0,STRAIGHT,104.74299621582031,-0.010423301054275604,155.59369,6,4.5,0.0,53.046684,-0.026334953,0.57135826,0.0,5,False,-0.02633495256304741,0.5713582634925842,0.0,5,0,7.56824,15.9901,24.4105,39.7396,64.1732,110.288,108.643,107.109,105.954,104.743,103.47,102.129,100.117,97.5817,91.7646,61.3646,33.9846,21.0937,9.43201
2026-08-04T12:40:43+0200,952,0,18.894,326.084,335.926,126.09600067138672,-0.4577710032463074,-1.915910005569458,8562.29,5,99.8424,0.0,0.0962273,-0.01432,0.0,STRAIGHT,103.88400268554688,-0.00946066259844006,155.58395,6,4.5,0.0,53.182293,-0.03072125,0.5634096,0.0,5,False,-0.030721250921487808,0.5634096264839172,0.0,5,0,7.56127,15.9925,24.4376,39.8519,64.5291,109.413,107.772,106.243,105.091,103.884,102.617,101.282,99.2797,96.7585,90.9856,61.1029,33.9243,21.0816,9.43791
2026-08-04T12:40:43+0200,953,0,18.916,326.856,336.698,126.38500213623047,-0.3210670053958893,-1.9776699542999268,8580.78,5,99.842,0.0,0.0976057,-0.0129738,0.0,STRAIGHT,102.91899871826172,-0.007321510607643423,155.617,6,4.5,0.0,53.27469,-0.032980245,0.55784833,0.0,5,False,-0.03298024460673332,0.557848334312439,0.0,5,0,7.55963,16.028,24.5456,40.1851,65.476,108.452,106.809,105.278,104.126,102.919,101.651,100.316,98.3139,95.7925,90.0134,60.4284,33.7371,21.022,9.43671
2026-08-04T12:40:43+0200,954,0,18.938,327.629,337.471,126.65599822998047,-0.19018499553203583,-2.0647199153900146,8612.78,5,99.8416,0.0,0.0989122,-0.0111013,0.0,STRAIGHT,101.87799835205078,-0.004309222527535987,155.67097,6,4.5,0.0,53.340668,-0.033588197,0.5539019,0.0,5,False,-0.03358819708228111,0.5539019107818604,0.0,5,0,7.5625,16.0887,24.7147,40.6872,66.8908,107.428,105.78,104.245,103.089,101.878,100.606,99.2668,97.2578,94.7257,88.9044,59.4845,33.4625,20.9282,9.42984
2026-08-04T12:40:43+0200,955,0,18.96,328.404,338.246,126.9260025024414,-0.05669860169291496,-2.2108800411224365,8639.94,5,99.8411,0.0,0.100094,-0.00881541,0.0,STRAIGHT,100.7760009765625,-0.0005560842333093155,155.74457,6,4.5,0.0,53.38845,-0.03290725,0.5510689,0.0,5,False,-0.03290725126862526,0.551068902015686,0.0,5,0,7.56952,16.1713,24.9366,41.3388,68.741,106.355,104.698,103.155,101.993,100.776,99.4982,98.151,96.1295,93.5783,87.6838,58.3527,33.1219,20.8075,9.418
2026-08-04T12:40:43+0200,956,0,18.982,329.18,339.023,127.21199798583984,0.06102079898118973,-2.289560079574585,8648.39,5,99.8407,0.0,0.10109,-0.00627834,0.0,STRAIGHT,99.63619995117188,0.003733887367733347,155.58963,6,4.5,0.0,53.647877,-0.031249557,0.5420561,0.0,5,False,-0.031249556690454483,0.5420560836791992,0.0,5,0,7.58006,16.27,25.1974,42.104,70.9497,105.25,103.583,102.03,100.861,99.6362,98.3496,96.9927,94.9551,92.3792,86.3885,57.1325,32.7435,20.6696,9.40227
2026-08-04T12:40:43+0200,957,0,19.004,329.959,339.801,127.49099731445312,0.15649299323558807,-2.3241500854492188,8660.3,5,99.8403,0.0,0.101872,-0.00367314,0.0,STRAIGHT,98.4832992553711,0.00828928810639174,155.39127,6,4.5,0.0,53.94405,-0.0289087,0.5319937,0.0,5,False,-0.02890869975090027,0.5319936871528625,0.0,5,0,7.59303,16.3773,25.4784,42.9335,73.3963,104.134,102.456,100.893,99.7164,98.4833,97.1875,95.8203,93.7656,91.1628,85.0643,55.9218,32.3576,20.5258,9.38422
2026-08-04T12:40:43+0200,958,0,19.026,330.739,340.581,127.76300048828125,0.22559599578380585,-2.32886004447937,8670.87,5,99.8399,0.0,0.102398,-0.00114262,0.0,STRAIGHT,97.33779907226562,0.012913101139712073,155.19319,6,4.5,0.0,54.23777,-0.026144389,0.5224812,0.0,5,False,-0.02614438906311989,0.5224812030792236,0.0,5,0,7.60771,16.4875,25.7649,43.7842,76.0127,103.022,101.334,99.7625,98.5785,97.3378,96.0334,94.6565,92.5854,89.9568,83.7494,54.7843,31.9854,20.3841,9.36487
2026-08-04T12:40:43+0200,959,0,19.048,331.52,341.362,128.0260009765625,0.26705700159072876,-2.312429904937744,8681.72,5,99.8395,0.0,0.102662,0.00123215,0.0,STRAIGHT,96.21170043945312,0.03242221879994944,154.45888,6,4.5,0.0,55.013035,-0.023165818,0.50064224,0.0,5,False,-0.02316581830382347,0.5006422400474548,0.0,5,0,7.62356,16.5967,26.0467,44.6266,104.835,101.925,100.229,98.649,97.4589,96.2117,94.8999,93.5147,91.4294,88.778,82.4686,53.7481,31.6377,20.2489,9.34489
2026-08-04T12:40:43+0200,960,0,19.07,332.304,342.146,128.27999877929688,0.2935430109500885,-2.32273006439209,8693.78,5,99.8391,0.0,0.102659,0.00337833,0.0,STRAIGHT,95.11620330810547,0.03453469045108087,154.35757,6,4.5,0.0,55.213905,-0.020145219,0.49427035,0.0,5,False,-0.020145218819379807,0.49427035450935364,0.0,5,0,7.64005,16.7013,26.3142,45.4291,103.775,100.852,99.1491,97.563,96.3684,95.1162,93.7989,92.4075,90.3113,87.6422,81.2469,52.8339,31.3233,20.1239,9.32492
2026-08-04T12:40:43+0200,961,0,19.092,333.088,342.93,128.5189971923828,0.3002200126647949,-2.377269983291626,8703.32,5,99.8388,0.0,0.102408,0.00519854,0.0,STRAIGHT,94.06639862060547,0.03635254208544169,154.27046,6,4.5,0.0,55.39581,-0.017244872,0.48861974,0.0,5,False,-0.017244871705770493,0.48861974477767944,0.0,5,0,7.65622,16.7958,26.5528,46.1455,102.745,99.8147,98.1077,96.5182,95.3211,94.0664,92.7462,91.3516,89.2497,86.5707,80.1194,52.071,31.0547,20.0147,9.30599
2026-08-04T12:40:43+0200,962,0,19.114,333.874,343.717,128.7480010986328,0.29135099053382874,-2.438070058822632,8718.32,5,99.8384,0.0,0.10194,0.00675225,0.0,STRAIGHT,93.05419921875,0.03792599528060448,154.19493,6,4.5,0.0,55.56315,-0.014542378,0.48345622,0.0,5,False,-0.014542377553880215,0.48345622420310974,0.0,5,0,7.67227,16.8821,26.7675,46.7883,101.741,98.8064,97.0978,95.5072,94.3095,93.0542,91.7335,90.3383,88.2349,85.5529,79.0727,51.4251,30.8218,19.9179,9.28777
2026-08-04T12:40:43+0200,963,0,19.136,334.662,344.504,128.97300720214844,0.27601298689842224,-2.4885499477386475,8733.5,5,99.8381,0.0,0.101266,0.00810635,0.0,STRAIGHT,92.06999969482422,0.03931980631335304,154.128,6,4.5,0.0,55.721184,-0.012055211,0.47852534,0.0,5,False,-0.012055210769176483,0.4785253405570984,0.0,5,0,7.68859,16.963,26.9653,47.3768,100.756,97.8198,96.1113,94.5213,93.3244,92.07,90.7505,89.3567,87.2553,84.5754,78.0886,50.8624,30.6143,19.8294,9.26971
2026-08-04T12:40:43+0200,964,0,19.158,335.451,345.293,129.17300415039062,0.2724379897117615,-2.6415600776672363,8770.55,5,99.8378,0.0,0.100402,0.00936431,0.0,STRAIGHT,91.09870147705078,0.040640749284728224,154.06796,6,4.5,0.55,55.862343,0.026428774,0.47409454,0.0,5,False,0.026428773999214172,0.47409453988075256,0.0,5,0,7.70584,17.0432,27.1586,47.9489,99.7792,96.8427,95.1352,93.5467,92.3514,91.0987,89.7813,88.39,86.2924,83.6175,77.1358,50.3392,30.4172,19.7436,9.251
2026-08-04T12:40:43+0200,965,0,19.18,336.241,346.083,129.4029998779297,0.274836003780365,-2.758049964904785,8775.44,5,99.8374,0.0,0.0993846,0.0105421,0.0,GENTLE_LEFT,90.13829803466797,0.041899984005522105,117.77105,5,5.5,0.55,56.016304,0.053242326,0.0,0.07490921,5,False,0.05324232578277588,0.0,0.07490921020507812,5,0,7.72383,17.1229,27.3482,48.5074,98.8087,95.8735,94.1678,92.5817,91.3885,90.1383,88.8238,87.4359,85.3438,82.6763,76.2103,49.849,30.2289,19.6601,9.23178
2026-08-04T12:40:43+0200,966,0,19.202,337.032,346.875,129.62600708007812,0.3428570032119751,-2.816070079803467,8780.07,5,99.8371,0.0,0.0983079,0.0105112,0.0,GENTLE_LEFT,89.35430145263672,0.04182828020796153,117.76242,5,5.5,0.55,56.123165,0.07069103,0.0,0.075423494,5,False,0.07069102674722672,0.0,0.07542349398136139,5,0,7.73282,17.1418,27.3767,48.5521,97.9647,95.0458,93.3515,91.7771,90.5936,89.3543,88.0523,86.6788,84.6114,81.9815,75.6629,49.8117,30.2035,19.6425,9.22302
2026-08-04T12:40:43+0200,967,0,19.224,337.824,347.667,129.44000244140625,0.30709201097488403,-2.834939956665039,8582.6,5,99.837,0.0,0.0973735,0.00840211,0.0,STRAIGHT,88.86900329589844,0.03947889981317319,154.10806,6,4.5,0.0,55.941177,0.04376548,0.45168895,0.0,5,False,0.04376548156142235,0.4516889452934265,0.0,5,0,7.72421,17.0515,27.1214,47.7052,97.3387,94.4607,92.7929,91.2454,90.0837,88.869,87.5949,86.2534,84.2406,81.6947,75.7084,50.5685,30.4653,19.7428,9.23426
2026-08-04T12:40:43+0200,968,0,19.246,338.614,348.456,129.02699279785156,0.16039100289344788,-2.8159000873565674,8553.67,5,99.8369,0.0,0.0967389,0.00426835,0.0,STRAIGHT,88.66110229492188,0.035034004409951844,154.3144,6,4.5,0.0,55.57474,0.02422046,0.47321063,0.0,5,False,0.024220459163188934,0.4732106328010559,0.0,5,0,7.69735,16.8556,26.6011,46.0723,96.9203,94.1048,92.4771,90.9696,89.8398,88.6611,87.4274,86.1319,84.197,81.7684,76.2133,52.1823,31.0274,19.9648,9.26667
2026-08-04T12:40:43+0200,969,0,19.268,339.402,349.244,129.04200744628906,-0.13411200046539307,-2.787450075149536,8727.98,5,99.8366,0.0,0.0964427,-0.0002231,0.0,STRAIGHT,88.48310089111328,0.03033565733880563,154.48172,6,4.5,0.0,55.428802,0.009284414,0.4832063,0.0,5,False,0.00928441435098648,0.48320630192756653,0.0,5,0,7.66523,16.6412,26.0479,44.4042,96.5303,93.7787,92.1913,90.724,89.6263,88.4831,87.2893,86.0389,84.1789,81.8608,76.6759,54.0795,31.6748,20.2198,9.3057
2026-08-04T12:40:43+0200,970,0,19.29,340.191,350.034,129.2480010986328,-0.3364329934120178,-2.8095099925994873,8747.94,5,99.8362,0.0,0.0964125,-0.00350428,0.0,STRAIGHT,88.1249008178711,0.026928247090099725,154.58095,6,4.5,0.0,55.426758,-0.0020606946,0.48540565,0.0,5,False,-0.002060694620013237,0.48540565371513367,0.0,5,0,7.64047,16.4848,25.6533,43.2522,96.01,93.3073,91.7508,90.3144,89.2412,88.1249,86.9614,85.745,83.9406,81.7032,76.77,55.5659,32.1713,20.414,9.33614
2026-08-04T12:40:43+0200,971,0,19.312,340.982,350.824,129.468994140625,-0.4145199954509735,-2.8367700576782227,8764.12,5,99.8359,0.0,0.0966061,-0.00543004,0.0,STRAIGHT,87.58000183105469,0.024876038957178985,154.62868,6,4.5,0.0,55.477905,-0.010406427,0.48421383,0.0,5,False,-0.010406427085399628,0.48421382904052734,0.0,5,0,7.62426,16.3907,25.4215,42.5938,95.3511,92.6824,91.1476,89.733,88.6772,87.58,86.4378,85.2453,83.4798,81.298,76.5304,56.4882,32.4764,20.5338,9.35595
2026-08-04T12:40:43+0200,972,0,19.334,341.774,351.616,129.69400024414062,-0.4023819863796234,-2.8649299144744873,8778.71,5,99.8356,0.0,0.0969554,-0.00621009,0.0,STRAIGHT,86.88379669189453,0.023940127435886156,154.63513,6,4.5,0.0,55.56842,-0.016238257,0.47747767,0.0,5,False,-0.0162382572889328,0.47747766971588135,0.0,5,0,7.61544,16.348,25.3211,42.3201,94.5779,91.9316,90.4116,89.0118,87.9678,86.8838,85.7562,84.5801,82.8413,80.6972,76.0385,56.8846,32.6097,20.5878,9.36632
2026-08-04T12:40:43+0200,973,0,19.356,342.567,352.409,129.906005859375,-0.3416149914264679,-2.940160036087036,8806.54,5,99.8352,0.0,0.0973937,-0.00612056,0.0,STRAIGHT,86.07589721679688,0.0238445163789606,154.61241,6,4.5,0.0,55.680084,-0.020006293,0.47135878,0.0,5,False,-0.020006293430924416,0.4713587760925293,0.0,5,0,7.61242,16.3442,25.3192,42.3289,93.7192,91.0871,89.5767,88.1868,87.1509,86.0759,84.9583,83.7934,82.0728,79.9544,75.368,56.8636,32.6086,20.5906,9.36921
2026-08-04T12:40:43+0200,974,0,19.378,343.362,353.204,130.1280059814453,-0.2601119875907898,-3.049060106277466,8818.71,5,99.8349,0.0,0.097864,-0.00540519,0.0,STRAIGHT,85.18920135498047,0.024355322135710837,154.5669,6,4.5,0.0,55.817043,-0.022120848,0.4652777,0.0,5,False,-0.022120848298072815,0.46527770161628723,0.0,5,0,7.61383,16.369,25.389,42.5427,92.7993,90.1759,88.6718,87.2885,86.258,85.1892,84.0785,82.9215,81.2136,79.1129,74.5753,56.541,32.5098,20.5559,9.36645
2026-08-04T12:40:43+0200,975,0,19.4,344.158,354.0,130.3489990234375,-0.16593800485134125,-3.113110065460205,8826.01,5,99.8346,0.0,0.0983013,-0.00420946,0.0,STRAIGHT,84.24259948730469,0.025340730591446765,154.50497,6,4.5,0.0,55.96881,-0.02291764,0.45941445,0.0,5,False,-0.02291763946413994,0.45941445231437683,0.0,5,0,7.61916,16.4171,25.5165,42.9223,91.8323,89.2133,87.7132,86.3341,85.3073,84.2426,83.1366,81.9848,80.2857,78.1972,73.692,55.9929,32.3359,20.4916,9.35887
2026-08-04T12:40:43+0200,976,0,19.422,344.955,354.797,130.56300354003906,-0.07213620096445084,-3.1474900245666504,8835.18,5,99.8342,0.0,0.0986588,-0.00269753,0.0,STRAIGHT,83.25669860839844,0.026648752089382843,154.43306,6,4.5,0.0,56.12698,-0.022694318,0.453855,0.0,5,False,-0.022694317623972893,0.4538550078868866,0.0,5,0,7.62759,16.482,25.6854,43.422,90.8337,88.2169,86.7191,85.3428,84.3185,83.2567,82.1541,81.0062,79.3135,77.2337,72.751,55.3056,32.1132,20.4075,9.34768
2026-08-04T12:40:43+0200,977,0,19.444,345.754,355.596,130.77000427246094,0.010142600163817406,-3.1573400497436523,8844.54,5,99.8339,0.0,0.0988896,-0.00100785,0.0,STRAIGHT,82.2488021850586,0.02815309332199506,154.35605,6,4.5,0.0,56.28706,-0.021710724,0.44846925,0.0,5,False,-0.021710723638534546,0.44846925139427185,0.0,5,0,7.63848,16.5584,25.8819,44.0032,89.8165,87.2007,85.7047,84.3306,83.3082,82.2488,81.1489,80.0042,78.3167,76.244,71.779,54.5495,31.8633,20.3113,9.3338
2026-08-04T12:40:43+0200,978,0,19.466,346.553,356.396,130.9720001220703,0.0773107036948204,-3.1498899459838867,8854.74,5,99.8336,0.0,0.0989674,0.000753999,0.0,STRAIGHT,81.23200225830078,0.029755780784382006,154.2774,6,4.5,0.0,56.446705,-0.020186935,0.44278142,0.0,5,False,-0.020186934620141983,0.4427814185619354,0.0,5,0,7.65129,16.6419,26.0949,44.6347,88.7909,86.176,84.6816,83.3095,82.289,81.232,80.1347,78.9929,77.3105,75.2446,70.7963,53.7753,31.6024,20.209,9.31802
2026-08-04T12:40:43+0200,979,0,19.488,347.355,357.197,131.16799926757812,0.13072499632835388,-3.1571900844573975,8865.32,5,99.8332,0.0,0.0988717,0.00248522,0.0,STRAIGHT,80.21880340576172,0.03135891954149358,154.2009,6,4.5,0.0,56.602016,-0.018316256,0.43748248,0.0,5,False,-0.018316255882382393,0.43748247623443604,0.0,5,0,7.6654,16.728,26.3129,45.282,87.7667,85.1534,83.661,82.2914,81.2732,80.2188,79.1244,77.9862,76.3095,74.2513,69.8222,53.0277,31.3453,20.1064,9.30115
2026-08-04T12:40:43+0200,980,0,19.51,348.157,357.999,131.35899353027344,0.16860400140285492,-3.163830041885376,8876.78,5,99.8329,0.0,0.0985959,0.00410855,0.0,STRAIGHT,79.21859741210938,0.03288568062077036,154.03476,6,4.5,0.0,56.838486,-0.016262647,0.43037102,0.0,5,False,-0.01626264676451683,0.4303710162639618,0.0,5,0,7.68029,16.813,26.526,45.9157,86.751,84.1408,82.6514,81.285,80.2697,79.2186,78.128,76.9941,75.3244,73.2758,68.8712,52.3364,31.1028,20.0078,9.28383
2026-08-04T12:40:43+0200,981,0,19.532,348.96,358.802,131.5449981689453,0.19174200296401978,-3.1694600582122803,8888.13,5,99.8326,0.0,0.0981392,0.00559622,0.0,STRAIGHT,78.23490142822266,0.034307687800952516,153.84999,6,4.5,0.0,57.090534,-0.014146576,0.42304757,0.0,5,False,-0.014146575704216957,0.42304757237434387,0.0,5,0,7.69573,16.8955,26.7304,46.5225,85.7468,83.1413,81.6557,80.2937,79.282,78.2349,77.149,76.0203,74.3591,72.3223,67.9483,51.7088,30.8781,19.9146,9.26631
2026-08-04T12:40:43+0200,982,0,19.554,349.765,359.607,131.7220001220703,0.2054630070924759,-3.1929500102996826,8903.12,5,99.8322,0.0,0.0975072,0.00694811,0.0,STRAIGHT,77.2677001953125,0.03562265933439157,153.6735,6,4.5,0.0,57.331463,-0.012046924,0.41614956,0.0,5,False,-0.012046923860907555,0.4161495566368103,0.0,5,0,7.71167,16.9753,26.9253,47.0988,84.754,82.1549,80.6741,79.3172,78.3099,77.2677,76.1872,75.0648,73.4135,71.3905,67.053,51.1409,30.6705,19.8267,9.24862
2026-08-04T12:40:43+0200,983,0,19.576,350.57,360.412,131.89700317382812,0.21502499282360077,-3.2367498874664307,8912.85,5,99.8319,0.0,0.0967161,0.00818193,0.0,STRAIGHT,76.314697265625,0.03684509611413135,153.50359,6,4.5,0.0,57.56582,-0.0100069465,0.40945795,0.0,5,False,-0.010006946511566639,0.4094579517841339,0.0,5,0,7.72811,17.0527,27.1118,47.6481,83.7711,81.1798,79.7046,78.3537,77.3514,76.3147,75.2405,74.125,72.4851,70.4777,66.1817,50.6231,30.4773,19.7433,9.23073
2026-08-04T12:40:43+0200,984,0,19.598,351.377,361.219,132.06900024414062,0.21501600742340088,-3.2624599933624268,8919.87,5,99.8315,0.0,0.09577,0.00926763,0.0,STRAIGHT,75.37940216064453,0.03794274157527018,153.34192,6,4.5,0.0,57.791603,-0.008070147,0.4030381,0.0,5,False,-0.008070146664977074,0.4030381143093109,0.0,5,0,7.74475,17.126,27.2855,48.1547,82.8009,80.2189,78.7504,77.4065,76.4098,75.3794,74.3123,73.2048,71.5777,69.5879,65.3393,50.164,30.3023,19.6658,9.21293
2026-08-04T12:40:43+0200,985,0,19.62,352.184,362.027,132.23500061035156,0.20669299364089966,-3.2771799564361572,8927.37,5,99.8312,0.0,0.0946871,0.0101895,0.0,STRAIGHT,74.4636001586914,0.03889532944119076,153.18958,6,4.5,0.0,58.00644,-0.0062739635,0.3969525,0.0,5,False,-0.006273963488638401,0.3969525098800659,0.0,5,0,7.76132,17.194,27.4428,48.6076,81.8448,79.2739,77.813,76.4771,75.4868,74.4636,73.4044,72.3058,70.6931,68.7232,64.5278,49.7674,30.1473,19.5955,9.19551
2026-08-04T12:40:43+0200,986,0,19.642,352.993,362.835,132.3939971923828,0.1925099939107895,-3.2836899757385254,8935.05,5,99.831,0.0,0.0934636,0.0109467,0.0,STRAIGHT,73.56690216064453,0.03970142930611945,153.04672,6,4.5,0.0,58.209698,-0.0046429536,0.3912028,0.0,5,False,-0.004642953630536795,0.39120280742645264,0.0,5,0,7.77782,17.2565,27.5834,49.0032,80.9029,78.3447,76.8924,75.5653,74.5823,73.5669,72.5166,71.4279,69.8309,67.8828,63.746,49.4307,30.0118,19.532,9.17842
2026-08-04T12:40:43+0200,987,0,19.664,353.803,363.645,132.5489959716797,0.17445999383926392,-3.2838799953460693,8942.66,5,99.8307,0.0,0.0921379,0.0115407,0.0,GENTLE_LEFT,72.68920135498047,0.04035617687915043,116.93335,5,5.5,0.55,58.403107,0.033683747,0.0,0.08568173,5,False,0.03368374705314636,0.0,0.0856817290186882,5,0,7.79393,17.3127,27.7055,49.3373,79.975,77.4311,75.9884,74.6711,73.6958,72.6892,71.6484,70.5705,68.9907,67.0663,62.9928,49.1527,29.8962,19.4759,9.16197
2026-08-04T12:40:44+0200,988,0,19.686,354.613,364.455,132.697998046875,0.15237100422382355,-3.3011600971221924,8950.38,5,99.8305,0.0,0.0907203,0.0119991,0.0,GENTLE_LEFT,71.82689666748047,0.04088604342902799,116.83688,5,5.5,0.55,58.586926,0.058947682,0.0,0.08648445,5,False,0.05894768238067627,0.0,0.08648444712162018,5,0,7.80976,17.3637,27.8124,49.6191,79.0587,76.5303,75.098,73.7911,72.8243,71.8269,70.7964,69.7299,68.1684,66.2691,62.2623,48.9222,29.7966,19.4257,9.14599
2026-08-04T12:40:44+0200,989,0,19.708,355.423,365.266,132.45700073242188,0.21574899554252625,-3.3204400539398193,8777.5,5,99.8304,0.0,0.0893245,0.0113249,0.0,GENTLE_LEFT,71.09590148925781,0.04024024390920274,116.815674,5,5.5,0.55,58.50645,0.075080544,0.0,0.08606056,5,False,0.07508054375648499,0.0,0.08606056123971939,5,0,7.81636,17.355,27.7615,49.3942,78.2472,75.7429,74.3261,73.0346,72.08,71.0959,70.0802,69.0298,67.4943,65.6306,61.7189,49.1049,29.8478,19.4375,9.1403
2026-08-04T12:40:44+0200,990,0,19.73,356.231,366.074,132.0050048828125,0.17690999805927277,-3.334589958190918,8745.15,5,99.8303,0.0,0.0881561,0.00861347,0.0,STRAIGHT,70.5969009399414,0.03747610957868359,152.85474,6,4.5,0.0,58.21755,0.047400877,0.37651694,0.006060563,5,False,0.04740087687969208,0.3765169382095337,0.006060563027858734,5,0,7.80477,17.2365,27.4268,48.2816,77.6243,75.1581,73.7652,72.4971,71.5608,70.5969,69.603,68.5768,67.0795,65.2679,61.494,50.0632,30.1806,19.5653,9.1548
2026-08-04T12:40:44+0200,991,0,19.752,357.037,366.879,131.5500030517578,0.011780500411987305,-3.3522799015045166,8712.05,5,99.8302,0.0,0.0873691,0.00388944,0.0,STRAIGHT,70.314697265625,0.03291469469568224,153.03743,6,4.5,0.0,57.847237,0.027079497,0.39677137,0.0,5,False,0.027079496532678604,0.3967713713645935,0.0,5,0,7.77423,17.0115,26.8282,46.4018,77.1811,74.7654,73.4037,72.1658,71.253,70.3147,69.3485,68.3526,66.9031,65.1561,61.5485,51.4873,30.8161,19.8158,9.19095
2026-08-04T12:40:44+0200,992,0,19.774,357.84,367.682,131.49200439453125,-0.30851998925209045,-3.3737499713897705,8872.36,5,99.8299,0.0,0.0869857,-0.00118035,0.0,STRAIGHT,70.05470275878906,0.02847468118367487,153.17293,6,4.5,0.0,57.69597,0.011352282,0.4051126,0.0,5,False,0.011352282017469406,0.4051125943660736,0.0,5,0,7.73805,16.7688,26.2026,44.5225,76.7613,74.3961,73.0656,71.8576,70.968,70.0547,69.1159,68.1494,66.7459,65.0606,61.6074,52.4819,31.5439,20.1013,9.23429
2026-08-04T12:40:44+0200,993,0,19.796,358.644,368.486,131.6320037841797,-0.5131930112838745,-3.3762500286102295,8887.87,5,99.8297,0.0,0.0869338,-0.00497836,0.0,STRAIGHT,69.6447982788086,0.025373061230176838,153.21893,6,4.5,0.0,57.71465,-0.000767339,0.40690693,0.0,5,False,-0.0007673390209674835,0.40690693259239197,0.0,5,0,7.70934,16.5876,25.7469,43.2019,76.2216,73.8975,72.5921,71.4085,70.5378,69.6448,68.7279,67.7852,66.4187,64.7822,61.4485,52.9227,32.1199,20.3256,9.2692
2026-08-04T12:40:44+0200,994,0,19.818,359.449,369.291,131.79100036621094,-0.5810099840164185,-3.3719499111175537,8897.3,5,99.8294,0.0,0.0871886,-0.0072943,0.0,STRAIGHT,69.07279968261719,0.023584189178556658,153.19405,6,4.5,0.0,57.807514,-0.009818422,0.4058758,0.0,5,False,-0.009818421676754951,0.4058758020401001,0.0,5,0,7.68958,16.4739,25.4689,42.4215,75.5496,73.2569,71.971,70.8062,69.9501,69.0728,68.1729,67.2488,65.9108,64.3117,61.0683,52.9462,32.4904,20.4703,9.29313
2026-08-04T12:40:44+0200,995,0,19.84,360.255,370.097,131.95399475097656,-0.5451110005378723,-3.3650500774383545,8905.64,5,99.8291,0.0,0.087671,-0.008295,0.0,STRAIGHT,68.36309814453125,0.022877239413004364,153.11174,6,4.5,0.0,57.95567,-0.01623022,0.39867216,0.0,5,False,-0.01623021997511387,0.3986721634864807,0.0,5,0,7.67794,16.4186,25.3403,42.0757,74.7635,72.4944,71.2233,70.0731,69.2283,68.3631,67.4764,66.5665,65.2507,63.6806,60.5064,52.6706,32.6643,20.5406,9.30671
2026-08-04T12:40:44+0200,996,0,19.862,361.062,370.904,132.11599731445312,-0.4509640038013458,-3.360599994659424,8914.51,5,99.8288,0.0,0.0882873,-0.00826883,0.0,STRAIGHT,67.54920196533203,0.022988899961995036,152.98676,6,4.5,0.0,58.14338,-0.020420345,0.3915008,0.0,5,False,-0.020420344546437263,0.3915008008480072,0.0,5,0,7.67296,16.4088,25.3262,42.0557,73.8898,71.6389,70.3794,69.2405,68.4047,67.5492,66.673,65.7745,64.4764,62.9295,59.8102,52.19,32.6786,20.5506,9.31174
2026-08-04T12:40:44+0200,997,0,19.884,361.87,371.712,132.2729949951172,-0.33231499791145325,-3.3802599906921387,8922.63,5,99.8285,0.0,0.0889663,-0.00751787,0.0,STRAIGHT,66.66380310058594,0.023674702823927023,152.83276,6,4.5,0.0,58.35626,-0.022807159,0.38448384,0.0,5,False,-0.022807158529758453,0.38448384404182434,0.0,5,0,7.67291,16.4314,25.3936,42.2663,72.9552,70.7189,69.4689,68.3395,67.5111,66.6638,65.7964,64.9076,63.6244,62.097,59.0239,51.5779,32.579,20.5175,9.31044
2026-08-04T12:40:44+0200,998,0,19.906,362.678,372.521,132.42300415039062,-0.21323099732398987,-3.409759998321533,8931.57,5,99.8283,0.0,0.089636,-0.00629175,0.0,STRAIGHT,65.73269653320312,0.024746304661669837,152.66037,6,4.5,0.0,58.583584,-0.023783138,0.37767544,0.0,5,False,-0.023783138021826744,0.37767544388771057,0.0,5,0,7.67655,16.4766,25.5169,42.6361,71.9809,69.7572,68.5156,67.3945,66.5728,65.7327,64.8732,63.993,62.7231,61.2134,58.1814,50.8865,32.405,20.4554,9.30459
2026-08-04T12:40:44+0200,999,0,19.928,363.488,373.33,132.56700134277344,-0.10617099702358246,-3.4422199726104736,8939.93,5,99.828,0.0,0.0902247,-0.00474489,0.0,STRAIGHT,64.77159881591797,0.02609532306679228,152.47585,6,4.5,0.0,58.81997,-0.023676146,0.3710346,0.0,5,False,-0.02367614582180977,0.3710345923900604,0.0,5,0,7.68333,16.5388,25.6817,43.1277,70.9799,68.7677,67.5338,66.4205,65.605,64.7716,63.9195,63.0473,61.79,60.2966,57.303,50.1459,32.1809,20.3731,9.29507
2026-08-04T12:43:13+0200,0,0,-0.982,3598.45,0.0,-0.009130449965596199,-0.003029880113899708,0.003182089887559414,5235.99,0,100.0,0.0,0.333439,0.00822276,0.0,MEDIUM_LEFT,62.02669906616211,0.15411238786404682,86.31558,4,7.0,0.55,18.0,0.034634642,0.47408658,0.0,1,False,0.03463464230298996,0.47408658266067505,0.0,1,0,5.70304,12.6267,22.455,140.486,90.9268,77.357,71.6721,67.3518,64.5773,62.0267,59.6744,57.4982,54.7119,51.8501,47.2417,40.0655,31.0431,22.7658,11.2227
2026-08-04T12:43:13+0200,1,0,-0.962,3598.45,0.0,-0.009130449965596199,-0.003029880113899708,0.003182089887559414,5306.84,0,99.9998,0.0,0.333439,0.00822276,0.0,MEDIUM_LEFT,62.02669906616211,0.15411238786404682,86.31558,4,7.0,0.55,18.0,0.057147164,0.4634134,0.0,1,False,0.05714716389775276,0.46341338753700256,0.0,1,0,5.70304,12.6267,22.455,140.486,90.9268,77.357,71.6721,67.3518,64.5773,62.0267,59.6744,57.4982,54.7119,51.8501,47.2417,40.0655,31.0431,22.7658,11.2227
2026-08-04T12:43:13+0200,2,0,-0.942,3598.45,0.0,-0.009130449965596199,-0.003029880113899708,0.003182089887559414,5376.95,0,99.9997,0.0,0.333439,0.00822276,0.0,MEDIUM_LEFT,62.02669906616211,0.15411238786404682,86.31558,4,7.0,0.55,18.0,0.0717803,0.4564758,0.0,1,False,0.07178030163049698,0.45647579431533813,0.0,1,0,5.70304,12.6267,22.455,140.486,90.9268,77.357,71.6721,67.3518,64.5773,62.0267,59.6744,57.4982,54.7119,51.8501,47.2417,40.0655,31.0431,22.7658,11.2227
2026-08-04T12:43:13+0200,3,0,-0.922,3598.45,0.0,-0.009130449965596199,-0.003029880113899708,0.003182089887559414,5446.87,0,99.9995,0.0,0.333439,0.00822276,0.0,MEDIUM_LEFT,62.02669906616211,0.15411238786404682,86.31558,4,7.0,0.55,18.0,0.08129184,0.45196638,0.0,1,False,0.08129183948040009,0.45196637511253357,0.0,1,0,5.70304,12.6267,22.455,140.486,90.9268,77.357,71.6721,67.3518,64.5773,62.0267,59.6744,57.4982,54.7119,51.8501,47.2417,40.0655,31.0431,22.7658,11.2227
2026-08-04T12:43:13+0200,4,0,-0.902,3598.45,0.0,-0.009130449965596199,-0.003029880113899708,0.003182089887559414,5517.04,0,99.9994,0.0,0.333439,0.00822276,0.0,MEDIUM_LEFT,62.02669906616211,0.15411238786404682,86.31558,4,7.0,0.55,18.0,0.08747434,0.44903523,0.0,1,False,0.08747433871030807,0.4490352272987366,0.0,1,0,5.70304,12.6267,22.455,140.486,90.9268,77.357,71.6721,67.3518,64.5773,62.0267,59.6744,57.4982,54.7119,51.8501,47.2417,40.0655,31.0431,22.7658,11.2227
2026-08-04T12:43:13+0200,5,0,-0.882,3598.45,0.0,-0.009130449965596199,-0.003029880113899708,0.003182089887559414,5587.61,0,99.9992,0.0,0.333439,0.00822276,0.0,MEDIUM_LEFT,62.02669906616211,0.15411238786404682,86.31558,4,7.0,0.55,18.0,0.091492966,0.44713002,0.0,1,False,0.09149296581745148,0.447130024433136,0.0,1,0,5.70304,12.6267,22.455,140.486,90.9268,77.357,71.6721,67.3518,64.5773,62.0267,59.6744,57.4982,54.7119,51.8501,47.2417,40.0655,31.0431,22.7658,11.2227
2026-08-04T12:43:13+0200,6,0,-0.862,3598.45,0.0,-0.009130449965596199,-0.003029880113899708,0.003182089887559414,5658.71,0,99.9991,0.0,0.333439,0.00822276,0.0,MEDIUM_LEFT,62.02669906616211,0.15411238786404682,86.31558,4,7.0,0.55,18.0,0.09410507,0.44589162,0.0,1,False,0.0941050723195076,0.4458916187286377,0.0,1,0,5.70304,12.6267,22.455,140.486,90.9268,77.357,71.6721,67.3518,64.5773,62.0267,59.6744,57.4982,54.7119,51.8501,47.2417,40.0655,31.0431,22.7658,11.2227
2026-08-04T12:43:13+0200,7,0,-0.842,3598.45,0.0,-0.009130449965596199,-0.003029880113899708,0.003182089887559414,5730.51,0,99.9989,0.0,0.333439,0.00822276,0.0,MEDIUM_LEFT,62.02669906616211,0.15411238786404682,86.31558,4,7.0,0.55,18.0,0.09580294,0.44508663,0.0,1,False,0.09580294042825699,0.44508662819862366,0.0,1,0,5.70304,12.6267,22.455,140.486,90.9268,77.357,71.6721,67.3518,64.5773,62.0267,59.6744,57.4982,54.7119,51.8501,47.2417,40.0655,31.0431,22.7658,11.2227
2026-08-04T12:43:13+0200,8,0,-0.822,3598.45,0.0,-0.009130449965596199,-0.003029880113899708,0.003182089887559414,5803.01,0,99.9988,0.0,0.333439,0.00822276,0.0,MEDIUM_LEFT,62.02669906616211,0.15411238786404682,86.31558,4,7.0,0.55,18.0,0.09690656,0.44456342,0.0,1,False,0.09690655767917633,0.4445634186267853,0.0,1,0,5.70304,12.6267,22.455,140.486,90.9268,77.357,71.6721,67.3518,64.5773,62.0267,59.6744,57.4982,54.7119,51.8501,47.2417,40.0655,31.0431,22.7658,11.2227
2026-08-04T12:43:13+0200,9,0,-0.802,3598.45,0.0,-0.009130449965596199,-0.003029880113899708,0.003182089887559414,5876.37,0,99.9986,0.0,0.333439,0.00822276,0.0,MEDIUM_LEFT,62.02669906616211,0.15411238786404682,86.31558,4,7.0,0.55,18.0,0.09762391,0.44422334,0.0,1,False,0.09762390702962875,0.4442233443260193,0.0,1,0,5.70304,12.6267,22.455,140.486,90.9268,77.357,71.6721,67.3518,64.5773,62.0267,59.6744,57.4982,54.7119,51.8501,47.2417,40.0655,31.0431,22.7658,11.2227
2026-08-04T12:43:13+0200,10,0,-0.782,3598.45,0.0,-0.009130449965596199,-0.003029880113899708,0.003182089887559414,5950.43,0,99.9985,0.0,0.333439,0.00822276,0.0,MEDIUM_LEFT,62.02669906616211,0.15411238786404682,86.31558,4,7.0,0.55,18.0,0.09809018,0.44400227,0.0,1,False,0.09809017926454544,0.44400227069854736,0.0,1,0,5.70304,12.6267,22.455,140.486,90.9268,77.357,71.6721,67.3518,64.5773,62.0267,59.6744,57.4982,54.7119,51.8501,47.2417,40.0655,31.0431,22.7658,11.2227
2026-08-04T12:43:13+0200,11,0,-0.762,3598.45,0.0,-0.009130449965596199,-0.003029880113899708,0.003182089887559414,6025.37,0,99.9983,0.0,0.333439,0.00822276,0.0,MEDIUM_LEFT,62.02669906616211,0.15411238786404682,86.31558,4,7.0,0.55,18.0,0.09839326,0.44385856,0.0,1,False,0.0983932614326477,0.4438585638999939,0.0,1,0,5.70304,12.6267,22.455,140.486,90.9268,77.357,71.6721,67.3518,64.5773,62.0267,59.6744,57.4982,54.7119,51.8501,47.2417,40.0655,31.0431,22.7658,11.2227
2026-08-04T12:43:13+0200,12,0,-0.742,3598.45,0.0,-0.009130449965596199,-0.003029880113899708,0.003182089887559414,6101.18,0,99.9982,0.0,0.333439,0.00822276,0.0,MEDIUM_LEFT,62.02669906616211,0.15411238786404682,86.31558,4,7.0,0.55,18.0,0.09859026,0.4437652,0.0,1,False,0.09859026223421097,0.44376519322395325,0.0,1,0,5.70304,12.6267,22.455,140.486,90.9268,77.357,71.6721,67.3518,64.5773,62.0267,59.6744,57.4982,54.7119,51.8501,47.2417,40.0655,31.0431,22.7658,11.2227
2026-08-04T12:43:13+0200,13,0,-0.722,3598.45,0.0,-0.009130449965596199,-0.003029880113899708,0.003182089887559414,6177.88,0,99.998,0.0,0.333439,0.00822276,0.0,MEDIUM_LEFT,62.02669906616211,0.15411238786404682,86.31558,4,7.0,0.55,18.0,0.098718315,0.44370446,0.0,1,False,0.0987183153629303,0.4437044560909271,0.0,1,0,5.70304,12.6267,22.455,140.486,90.9268,77.357,71.6721,67.3518,64.5773,62.0267,59.6744,57.4982,54.7119,51.8501,47.2417,40.0655,31.0431,22.7658,11.2227
2026-08-04T12:43:13+0200,14,0,-0.702,3598.45,0.0,-0.009130449965596199,-0.003029880113899708,0.003182089887559414,6255.48,0,99.9979,0.0,0.333439,0.00822276,0.0,MEDIUM_LEFT,62.02669906616211,0.15411238786404682,86.31558,4,7.0,0.55,18.0,0.098801546,0.443665,0.0,1,False,0.09880154579877853,0.4436649978160858,0.0,1,0,5.70304,12.6267,22.455,140.486,90.9268,77.357,71.6721,67.3518,64.5773,62.0267,59.6744,57.4982,54.7119,51.8501,47.2417,40.0655,31.0431,22.7658,11.2227
2026-08-04T12:43:13+0200,15,0,-0.682,3598.45,0.0,-0.009130449965596199,-0.003029880113899708,0.003182089887559414,6333.97,0,99.9977,0.0,0.333439,0.00822276,0.0,MEDIUM_LEFT,62.02669906616211,0.15411238786404682,86.31558,4,7.0,0.55,18.0,0.098855644,0.44363934,0.0,1,False,0.0988556444644928,0.44363933801651,0.0,1,0,5.70304,12.6267,22.455,140.486,90.9268,77.357,71.6721,67.3518,64.5773,62.0267,59.6744,57.4982,54.7119,51.8501,47.2417,40.0655,31.0431,22.7658,11.2227
2026-08-04T12:43:13+0200,16,0,-0.662,3598.45,0.0,-0.009130449965596199,-0.003029880113899708,0.003182089887559414,6413.37,0,99.9976,0.0,0.333439,0.00822276,0.0,MEDIUM_LEFT,62.02669906616211,0.15411238786404682,86.31558,4,7.0,0.55,18.0,0.09889081,0.44362268,0.0,1,False,0.09889081120491028,0.4436226785182953,0.0,1,0,5.70304,12.6267,22.455,140.486,90.9268,77.357,71.6721,67.3518,64.5773,62.0267,59.6744,57.4982,54.7119,51.8501,47.2417,40.0655,31.0431,22.7658,11.2227
2026-08-04T12:43:13+0200,17,0,-0.642,3598.45,0.0,-0.009130449965596199,-0.003029880113899708,0.003182089887559414,6493.67,0,99.9974,0.0,0.333439,0.00822276,0.0,MEDIUM_LEFT,62.02669906616211,0.15411238786404682,86.31558,4,7.0,0.55,18.0,0.09891367,0.44361186,0.0,1,False,0.09891366958618164,0.44361186027526855,0.0,1,0,5.70304,12.6267,22.455,140.486,90.9268,77.357,71.6721,67.3518,64.5773,62.0267,59.6744,57.4982,54.7119,51.8501,47.2417,40.0655,31.0431,22.7658,11.2227
2026-08-04T12:43:13+0200,18,0,-0.622,3598.45,0.0,-0.009130449965596199,-0.003029880113899708,0.003182089887559414,6574.9,0,99.9973,0.0,0.333439,0.00822276,0.0,MEDIUM_LEFT,62.02669906616211,0.15411238786404682,86.31558,4,7.0,0.55,18.0,0.098928526,0.4436048,0.0,1,False,0.0989285260438919,0.44360479712486267,0.0,1,0,5.70304,12.6267,22.455,140.486,90.9268,77.357,71.6721,67.3518,64.5773,62.0267,59.6744,57.4982,54.7119,51.8501,47.2417,40.0655,31.0431,22.7658,11.2227
2026-08-04T12:43:13+0200,19,0,-0.602,3598.45,0.0,-0.009130449965596199,-0.003029880113899708,0.003182089887559414,6657.04,0,99.9971,0.0,0.333439,0.00822276,0.0,MEDIUM_LEFT,62.02669906616211,0.15411238786404682,86.31558,4,7.0,0.55,18.0,0.09893818,0.44360024,0.0,1,False,0.09893818199634552,0.44360023736953735,0.0,1,0,5.70304,12.6267,22.455,140.486,90.9268,77.357,71.6721,67.3518,64.5773,62.0267,59.6744,57.4982,54.7119,51.8501,47.2417,40.0655,31.0431,22.7658,11.2227
2026-08-04T12:43:13+0200,20,0,-0.582,3598.45,0.0,-0.009130449965596199,-0.003029880113899708,0.003182089887559414,6740.11,0,99.9969,0.0,0.333439,0.00822276,0.0,MEDIUM_LEFT,62.02669906616211,0.15411238786404682,86.31558,4,7.0,0.55,18.0,0.09894446,0.44359723,0.0,1,False,0.09894446283578873,0.4435972273349762,0.0,1,0,5.70304,12.6267,22.455,140.486,90.9268,77.357,71.6721,67.3518,64.5773,62.0267,59.6744,57.4982,54.7119,51.8501,47.2417,40.0655,31.0431,22.7658,11.2227
2026-08-04T12:43:13+0200,21,0,-0.562,3598.45,0.0,-0.009130449965596199,-0.003029880113899708,0.003182089887559414,6824.11,0,99.9968,0.0,0.333439,0.00822276,0.0,MEDIUM_LEFT,62.02669906616211,0.15411238786404682,86.31558,4,7.0,0.55,18.0,0.098948546,0.44359532,0.0,1,False,0.09894854575395584,0.4435953199863434,0.0,1,0,5.70304,12.6267,22.455,140.486,90.9268,77.357,71.6721,67.3518,64.5773,62.0267,59.6744,57.4982,54.7119,51.8501,47.2417,40.0655,31.0431,22.7658,11.2227
2026-08-04T12:43:13+0200,22,0,-0.542,3598.45,0.0,-0.009130449965596199,-0.003029880113899708,0.003182089887559414,6909.05,0,99.9966,0.0,0.333439,0.00822276,0.0,MEDIUM_LEFT,62.02669906616211,0.15411238786404682,86.31558,4,7.0,0.55,18.0,0.0989512,0.44359404,0.0,1,False,0.09895119816064835,0.4435940384864807,0.0,1,0,5.70304,12.6267,22.455,140.486,90.9268,77.357,71.6721,67.3518,64.5773,62.0267,59.6744,57.4982,54.7119,51.8501,47.2417,40.0655,31.0431,22.7658,11.2227
2026-08-04T12:43:13+0200,23,0,-0.522,3598.45,0.0,-0.009130449965596199,-0.003029880113899708,0.003182089887559414,6994.92,0,99.9965,0.0,0.333439,0.00822276,0.0,MEDIUM_LEFT,62.02669906616211,0.15411238786404682,86.31558,4,7.0,0.55,18.0,0.09895292,0.44359323,0.0,1,False,0.09895291924476624,0.44359323382377625,0.0,1,0,5.70304,12.6267,22.455,140.486,90.9268,77.357,71.6721,67.3518,64.5773,62.0267,59.6744,57.4982,54.7119,51.8501,47.2417,40.0655,31.0431,22.7658,11.2227
2026-08-04T12:43:13+0200,24,0,-0.502,3598.45,0.0,-0.009130449965596199,-0.003029880113899708,0.003182089887559414,7081.75,0,99.9963,0.0,0.333439,0.00822276,0.0,MEDIUM_LEFT,62.02669906616211,0.15411238786404682,86.31558,4,7.0,0.55,18.0,0.09895404,0.44359273,0.0,1,False,0.09895403683185577,0.44359272718429565,0.0,1,0,5.70304,12.6267,22.455,140.486,90.9268,77.357,71.6721,67.3518,64.5773,62.0267,59.6744,57.4982,54.7119,51.8501,47.2417,40.0655,31.0431,22.7658,11.2227
2026-08-04T12:43:13+0200,25,0,-0.482,3598.45,0.0,-0.009130449965596199,-0.003029880113899708,0.003182089887559414,7169.53,0,99.996,0.0,0.333439,0.00822276,0.0,MEDIUM_LEFT,62.02669906616211,0.15411238786404682,86.31558,4,7.0,0.55,18.0,0.09895477,0.44359234,0.0,1,False,0.09895476698875427,0.4435923397541046,0.0,1,0,5.70304,12.6267,22.455,140.486,90.9268,77.357,71.6721,67.3518,64.5773,62.0267,59.6744,57.4982,54.7119,51.8501,47.2417,40.0655,31.0431,22.7658,11.2227
2026-08-04T12:43:14+0200,26,0,-0.462,3598.45,0.0,-0.009130449965596199,-0.003029880113899708,0.003182089887559414,7258.26,0,99.9958,0.0,0.333439,0.00822276,0.0,MEDIUM_LEFT,62.02669906616211,0.15411238786404682,86.31558,4,7.0,0.55,18.0,0.098955244,0.44359216,0.0,1,False,0.09895524382591248,0.4435921609401703,0.0,1,0,5.70304,12.6267,22.455,140.486,90.9268,77.357,71.6721,67.3518,64.5773,62.0267,59.6744,57.4982,54.7119,51.8501,47.2417,40.0655,31.0431,22.7658,11.2227
2026-08-04T12:43:14+0200,27,0,-0.442,3598.45,0.0,-0.009130449965596199,-0.003029880113899708,0.003182089887559414,7347.96,0,99.9956,0.0,0.333439,0.00822276,0.0,MEDIUM_LEFT,62.02669906616211,0.15411238786404682,86.31558,4,7.0,0.55,18.0,0.09895555,0.44359198,0.0,1,False,0.09895554929971695,0.44359198212623596,0.0,1,0,5.70304,12.6267,22.455,140.486,90.9268,77.357,71.6721,67.3518,64.5773,62.0267,59.6744,57.4982,54.7119,51.8501,47.2417,40.0655,31.0431,22.7658,11.2227
2026-08-04T12:43:14+0200,28,0,-0.422,3598.45,0.0,-0.009130449965596199,-0.003029880113899708,0.003182089887559414,7438.62,0,99.9954,0.0,0.333439,0.00822276,0.0,MEDIUM_LEFT,62.02669906616211,0.15411238786404682,86.31558,4,7.0,0.55,18.0,0.09895575,0.4435919,0.0,1,False,0.09895575046539307,0.4435918927192688,0.0,1,0,5.70304,12.6267,22.455,140.486,90.9268,77.357,71.6721,67.3518,64.5773,62.0267,59.6744,57.4982,54.7119,51.8501,47.2417,40.0655,31.0431,22.7658,11.2227
2026-08-04T12:43:14+0200,29,0,-0.402,3598.45,0.0,-0.009130449965596199,-0.003029880113899708,0.003182089887559414,7530.25,0,99.9951,0.0,0.333439,0.00822276,0.0,MEDIUM_LEFT,62.02669906616211,0.15411238786404682,86.31558,4,7.0,0.55,18.0,0.098955885,0.44359183,0.0,1,False,0.09895588457584381,0.443591833114624,0.0,1,0,5.70304,12.6267,22.455,140.486,90.9268,77.357,71.6721,67.3518,64.5773,62.0267,59.6744,57.4982,54.7119,51.8501,47.2417,40.0655,31.0431,22.7658,11.2227
2026-08-04T12:43:14+0200,30,0,-0.382,3598.45,0.0,-0.009130449965596199,-0.003029880113899708,0.003182089887559414,7622.85,0,99.9949,0.0,0.333439,0.00822276,0.0,MEDIUM_LEFT,62.02669906616211,0.15411238786404682,86.31558,4,7.0,0.55,18.0,0.09895597,0.44359177,0.0,1,False,0.09895596653223038,0.44359177350997925,0.0,1,0,5.70304,12.6267,22.455,140.486,90.9268,77.357,71.6721,67.3518,64.5773,62.0267,59.6744,57.4982,54.7119,51.8501,47.2417,40.0655,31.0431,22.7658,11.2227
2026-08-04T12:43:14+0200,31,0,-0.362,3598.45,0.0,-0.009130449965596199,-0.003029880113899708,0.003182089887559414,7716.43,0,99.9947,0.0,0.333439,0.00822276,0.0,MEDIUM_LEFT,62.02669906616211,0.15411238786404682,86.31558,4,7.0,0.55,18.0,0.09895602,0.44359174,0.0,1,False,0.09895601868629456,0.44359174370765686,0.0,1,0,5.70304,12.6267,22.455,140.486,90.9268,77.357,71.6721,67.3518,64.5773,62.0267,59.6744,57.4982,54.7119,51.8501,47.2417,40.0655,31.0431,22.7658,11.2227
2026-08-04T12:43:14+0200,32,0,-0.342,3598.45,0.0,-0.009130449965596199,-0.003029880113899708,0.003182089887559414,7810.99,0,99.9944,0.0,0.333439,0.00822276,0.0,MEDIUM_LEFT,62.02669906616211,0.15411238786404682,86.31558,4,7.0,0.55,18.0,0.098956056,0.44359174,0.0,1,False,0.09895605593919754,0.44359174370765686,0.0,1,0,5.70304,12.6267,22.455,140.486,90.9268,77.357,71.6721,67.3518,64.5773,62.0267,59.6744,57.4982,54.7119,51.8501,47.2417,40.0655,31.0431,22.7658,11.2227
2026-08-04T12:43:14+0200,33,0,-0.322,3598.45,0.0,-0.009130449965596199,-0.003029880113899708,0.003182089887559414,7906.54,0,99.9942,0.0,0.333439,0.00822276,0.0,MEDIUM_LEFT,62.02669906616211,0.15411238786404682,86.31558,4,7.0,0.55,18.0,0.09895608,0.4435917,0.0,1,False,0.09895607829093933,0.4435917139053345,0.0,1,0,5.70304,12.6267,22.455,140.486,90.9268,77.357,71.6721,67.3518,64.5773,62.0267,59.6744,57.4982,54.7119,51.8501,47.2417,40.0655,31.0431,22.7658,11.2227
2026-08-04T12:43:14+0200,34,0,-0.302,3598.45,0.0,-0.009130449965596199,-0.003029880113899708,0.003182089887559414,8003.08,0,99.994,0.0,0.333439,0.00822276,0.0,MEDIUM_LEFT,62.02669906616211,0.15411238786404682,86.31558,4,7.0,0.55,18.0,0.09895609,0.4435917,0.0,1,False,0.09895609319210052,0.4435917139053345,0.0,1,0,5.70304,12.6267,22.455,140.486,90.9268,77.357,71.6721,67.3518,64.5773,62.0267,59.6744,57.4982,54.7119,51.8501,47.2417,40.0655,31.0431,22.7658,11.2227
2026-08-04T12:43:14+0200,35,0,-0.282,3598.45,0.0,-0.009130449965596199,-0.003029880113899708,0.003182089887559414,8100.6,0,99.9938,0.0,0.333439,0.00822276,0.0,MEDIUM_LEFT,62.02669906616211,0.15411238786404682,86.31558,4,7.0,0.55,18.0,0.0989561,0.4435917,0.0,1,False,0.09895610064268112,0.4435917139053345,0.0,1,0,5.70304,12.6267,22.455,140.486,90.9268,77.357,71.6721,67.3518,64.5773,62.0267,59.6744,57.4982,54.7119,51.8501,47.2417,40.0655,31.0431,22.7658,11.2227
2026-08-04T12:43:14+0200,36,0,-0.262,3598.45,0.0,-0.009130449965596199,-0.003029880113899708,0.003182089887559414,8199.13,0,99.9935,0.0,0.333439,0.00822276,0.0,MEDIUM_LEFT,62.02669906616211,0.15411238786404682,86.31558,4,7.0,0.55,18.0,0.09895611,0.4435917,0.0,1,False,0.09895610809326172,0.4435917139053345,0.0,1,0,5.70304,12.6267,22.455,140.486,90.9268,77.357,71.6721,67.3518,64.5773,62.0267,59.6744,57.4982,54.7119,51.8501,47.2417,40.0655,31.0431,22.7658,11.2227
2026-08-04T12:43:14+0200,37,0,-0.242,3598.45,0.0,-0.009130449965596199,-0.003029880113899708,0.003182089887559414,8298.65,0,99.9933,0.0,0.333439,0.00822276,0.0,MEDIUM_LEFT,62.02669906616211,0.15411238786404682,86.31558,4,7.0,0.55,18.0,0.098956116,0.4435917,0.0,1,False,0.09895611554384232,0.4435917139053345,0.0,1,0,5.70304,12.6267,22.455,140.486,90.9268,77.357,71.6721,67.3518,64.5773,62.0267,59.6744,57.4982,54.7119,51.8501,47.2417,40.0655,31.0431,22.7658,11.2227
2026-08-04T12:43:14+0200,38,0,-0.222,3598.45,0.0,-0.009130449965596199,-0.003029880113899708,0.003182089887559414,8399.17,0,99.9931,0.0,0.333439,0.00822276,0.0,MEDIUM_LEFT,62.02669906616211,0.15411238786404682,86.31558,4,7.0,0.55,18.0,0.098956116,0.4435917,0.0,1,False,0.09895611554384232,0.4435917139053345,0.0,1,0,5.70304,12.6267,22.455,140.486,90.9268,77.357,71.6721,67.3518,64.5773,62.0267,59.6744,57.4982,54.7119,51.8501,47.2417,40.0655,31.0431,22.7658,11.2227
2026-08-04T12:43:14+0200,39,0,-0.202,3598.45,0.0,-0.009130449965596199,-0.003029880113899708,0.003182089887559414,8500.7,0,99.9928,0.0,0.333439,0.00822276,0.0,MEDIUM_LEFT,62.02669906616211,0.15411238786404682,86.31558,4,7.0,0.55,18.0,0.098956116,0.4435917,0.0,1,False,0.09895611554384232,0.4435917139053345,0.0,1,0,5.70304,12.6267,22.455,140.486,90.9268,77.357,71.6721,67.3518,64.5773,62.0267,59.6744,57.4982,54.7119,51.8501,47.2417,40.0655,31.0431,22.7658,11.2227
2026-08-04T12:43:14+0200,40,0,-0.182,3598.45,0.0,-0.009130449965596199,-0.003029880113899708,0.003182089887559414,8603.23,0,99.9925,0.0,0.333439,0.00822276,0.0,MEDIUM_LEFT,62.02669906616211,0.15411238786404682,86.31558,4,7.0,0.55,18.0,0.098956116,0.4435917,0.0,1,False,0.09895611554384232,0.4435917139053345,0.0,1,0,5.70304,12.6267,22.455,140.486,90.9268,77.357,71.6721,67.3518,64.5773,62.0267,59.6744,57.4982,54.7119,51.8501,47.2417,40.0655,31.0431,22.7658,11.2227
2026-08-04T12:43:14+0200,41,0,-0.162,3598.45,0.0,-0.009130449965596199,-0.003029880113899708,0.003182089887559414,8706.77,0,99.9921,0.0,0.333439,0.00822276,0.0,MEDIUM_LEFT,62.02669906616211,0.15411238786404682,86.31558,4,7.0,0.55,18.0,0.098956116,0.4435917,0.0,1,False,0.09895611554384232,0.4435917139053345,0.0,1,0,5.70304,12.6267,22.455,140.486,90.9268,77.357,71.6721,67.3518,64.5773,62.0267,59.6744,57.4982,54.7119,51.8501,47.2417,40.0655,31.0431,22.7658,11.2227
2026-08-04T12:43:14+0200,42,0,-0.142,3598.45,0.0,-0.009130449965596199,-0.003029880113899708,0.003182089887559414,8811.32,0,99.9918,0.0,0.333439,0.00822276,0.0,MEDIUM_LEFT,62.02669906616211,0.15411238786404682,86.31558,4,7.0,0.55,18.0,0.098956116,0.4435917,0.0,1,False,0.09895611554384232,0.4435917139053345,0.0,1,0,5.70304,12.6267,22.455,140.486,90.9268,77.357,71.6721,67.3518,64.5773,62.0267,59.6744,57.4982,54.7119,51.8501,47.2417,40.0655,31.0431,22.7658,11.2227
2026-08-04T12:43:14+0200,43,0,-0.122,3598.45,0.0,-0.009130449965596199,-0.003029880113899708,0.003182089887559414,8916.88,0,99.9915,0.0,0.333439,0.00822276,0.0,MEDIUM_LEFT,62.02669906616211,0.15411238786404682,86.31558,4,7.0,0.55,18.0,0.098956116,0.4435917,0.0,1,False,0.09895611554384232,0.4435917139053345,0.0,1,0,5.70304,12.6267,22.455,140.486,90.9268,77.357,71.6721,67.3518,64.5773,62.0267,59.6744,57.4982,54.7119,51.8501,47.2417,40.0655,31.0431,22.7658,11.2227
2026-08-04T12:43:14+0200,44,0,-0.102,3598.45,0.0,-0.009130449965596199,-0.003029880113899708,0.003182089887559414,9023.46,0,99.9912,0.0,0.333439,0.00822276,0.0,MEDIUM_LEFT,62.02669906616211,0.15411238786404682,86.31558,4,7.0,0.55,18.0,0.098956116,0.4435917,0.0,1,False,0.09895611554384232,0.4435917139053345,0.0,1,0,5.70304,12.6267,22.455,140.486,90.9268,77.357,71.6721,67.3518,64.5773,62.0267,59.6744,57.4982,54.7119,51.8501,47.2417,40.0655,31.0431,22.7658,11.2227
2026-08-04T12:43:14+0200,45,0,-0.082,3598.45,0.0,-0.009130449965596199,-0.003029880113899708,0.003182089887559414,9131.05,0,99.9909,0.0,0.333439,0.00822276,0.0,MEDIUM_LEFT,62.02669906616211,0.15411238786404682,86.31558,4,7.0,0.55,18.0,0.098956116,0.4435917,0.0,1,False,0.09895611554384232,0.4435917139053345,0.0,1,0,5.70304,12.6267,22.455,140.486,90.9268,77.357,71.6721,67.3518,64.5773,62.0267,59.6744,57.4982,54.7119,51.8501,47.2417,40.0655,31.0431,22.7658,11.2227
2026-08-04T12:43:14+0200,46,0,-0.062,3598.45,0.0,-0.009130449965596199,-0.003029880113899708,0.003182089887559414,9239.65,0,99.9906,0.0,0.333439,0.00822276,0.0,MEDIUM_LEFT,62.02669906616211,0.15411238786404682,86.31558,4,7.0,0.55,18.0,0.098956116,0.4435917,0.0,1,False,0.09895611554384232,0.4435917139053345,0.0,1,0,5.70304,12.6267,22.455,140.486,90.9268,77.357,71.6721,67.3518,64.5773,62.0267,59.6744,57.4982,54.7119,51.8501,47.2417,40.0655,31.0431,22.7658,11.2227
2026-08-04T12:43:14+0200,47,0,-0.042,3598.45,0.0,-0.009130449965596199,-0.003029880113899708,0.003182089887559414,9349.27,0,99.9903,0.0,0.333439,0.00822276,0.0,MEDIUM_LEFT,62.02669906616211,0.15411238786404682,86.31558,4,7.0,0.55,18.0,0.098956116,0.4435917,0.0,1,False,0.09895611554384232,0.4435917139053345,0.0,1,0,5.70304,12.6267,22.455,140.486,90.9268,77.357,71.6721,67.3518,64.5773,62.0267,59.6744,57.4982,54.7119,51.8501,47.2417,40.0655,31.0431,22.7658,11.2227
2026-08-04T12:43:14+0200,48,0,-0.022,3598.45,0.0,-0.009130449965596199,-0.003029880113899708,0.003182089887559414,9459.86,0,99.99,0.0,0.333439,0.00822276,0.0,MEDIUM_LEFT,62.02669906616211,0.15411238786404682,86.31558,4,7.0,0.55,18.0,0.098956116,0.4435917,0.0,1,False,0.09895611554384232,0.4435917139053345,0.0,1,0,5.70304,12.6267,22.455,140.486,90.9268,77.357,71.6721,67.3518,64.5773,62.0267,59.6744,57.4982,54.7119,51.8501,47.2417,40.0655,31.0431,22.7658,11.2227
2026-08-04T12:43:14+0200,49,0,0.018,3598.45,0.0,-0.01585729978978634,0.01352940034121275,0.002556989900767803,9680.69,0,99.9894,0.0,0.33345,0.00871771,0.0,MEDIUM_LEFT,61.88859939575195,0.15375347371547368,86.31249,4,7.0,0.55,18.0,0.09934068,0.4435186,0.0,1,False,0.09934067726135254,0.44351860880851746,0.0,1,0,5.70583,12.6461,22.5475,139.765,90.6261,77.1402,71.4864,67.1883,64.4271,61.8886,59.5468,57.38,54.6051,51.7543,47.1628,40.0055,31.0006,22.7402,11.2173
2026-08-04T12:43:14+0200,50,0,0.038,3598.45,0.000488281,0.05022669956088066,7.193579949671403e-05,0.0030293199233710766,5249.36,1,99.9894,0.0,0.333454,0.00860327,0.0,MEDIUM_LEFT,61.920101165771484,0.15383568627679436,86.31112,4,7.0,0.55,18.0,0.099500865,0.44345352,0.0,1,False,0.0995008647441864,0.44345352053642273,0.0,1,0,5.70513,12.6415,22.5261,139.93,90.6951,77.1898,71.5288,67.2255,64.4614,61.9201,59.5759,57.407,54.6294,51.7762,47.1807,40.0192,31.0103,22.7461,11.2186
2026-08-04T12:43:14+0200,51,0,0.058,3598.45,0.000976563,0.11674900352954865,0.0011312100104987621,0.0030305900145322084,5264.23,1,99.9894,0.0,0.333454,0.00857085,0.0,MEDIUM_LEFT,61.9286003112793,0.1538594389032591,86.30747,4,7.0,0.55,18.0,0.09957971,0.4433716,0.0,1,False,0.09957970678806305,0.44337159395217896,0.0,1,0,5.70494,12.6402,22.5202,139.976,90.714,77.2037,71.5406,67.2359,64.4708,61.9286,59.5838,57.4143,54.6362,51.7821,47.1856,40.0229,31.013,22.7478,11.219
2026-08-04T12:43:14+0200,52,0,0.078,3598.45,0.00170898,0.2184869945049286,-0.010208100080490112,0.002305649919435382,5235.99,1,99.9894,0.0,0.333452,0.00845879,0.0,MEDIUM_LEFT,61.95940017700195,0.15394026927232105,86.302284,4,7.0,0.55,18.0,0.09954383,0.44326505,0.0,1,False,0.09954383224248886,0.44326505064964294,0.0,1,0,5.7043,12.6358,22.4996,140.139,90.7812,77.2519,71.5819,67.2721,64.5041,61.9594,59.6121,57.4406,54.6598,51.8034,47.2031,40.0363,31.0224,22.7535,11.2202
2026-08-04T12:43:14+0200,53,0,0.098,3598.45,0.00341797,0.527953028678894,-0.016039900481700897,0.004808099940419197,5235.99,1,99.9893,0.0,0.333436,0.0084545,0.0,MEDIUM_LEFT,61.95840072631836,0.1539441388207442,86.28464,4,7.0,0.55,18.0,0.099519245,0.44311526,0.0,1,False,0.09951924532651901,0.4431152641773224,0.0,1,0,5.70441,12.6361,22.5009,140.139,90.7803,77.2508,71.5807,67.2711,64.5033,61.9584,59.6112,57.4394,54.6588,51.8022,47.202,40.0352,31.0217,22.7531,11.2201
2026-08-04T12:43:14+0200,54,0,0.118,3598.45,0.00756836,0.9123139977455139,-0.012693599797785282,0.0114826001226902,5235.99,1,99.9892,0.0,0.333419,0.00829857,0.0,MEDIUM_LEFT,61.99769973754883,0.1540598522416824,86.26339,4,7.0,0.55,18.0,0.099383876,0.44297823,0.0,1,False,0.0993838757276535,0.44297823309898376,0.0,1,0,5.70365,12.6304,22.4752,140.358,90.8694,77.3142,71.6346,67.3182,64.5462,61.9977,59.6473,57.4728,54.6888,51.8289,47.2237,40.0516,31.0334,22.7602,11.2217
2026-08-04T12:43:14+0200,55,0,0.138,3598.46,0.013916,1.3000199794769287,-0.0020618299022316933,0.02030869945883751,5235.99,1,99.9891,0.0,0.333403,0.00823134,0.0,MEDIUM_LEFT,62.010101318359375,0.15411020716996274,86.24135,4,7.0,0.55,18.0,0.09924555,0.44290382,0.0,1,False,0.09924554824829102,0.4429038166999817,0.0,1,0,5.7034,12.6284,22.4679,140.441,90.9008,77.3355,71.6525,67.3334,64.5598,62.0101,59.6585,57.483,54.6975,51.8365,47.2295,40.0556,31.0365,22.7624,11.2223
2026-08-04T12:43:14+0200,56,0,0.158,3598.47,0.0222168,1.6826000213623047,0.0003900660085491836,0.02869429998099804,5235.99,1,99.9891,0.0,0.333392,0.00803774,0.0,MEDIUM_LEFT,62.05609893798828,0.1542537128023986,86.22012,4,7.0,0.55,18.0,0.09900609,0.44279397,0.0,1,False,0.09900608658790588,0.44279396533966064,0.0,1,0,5.70238,12.6213,22.4377,140.707,91.0067,77.4107,71.7159,67.3887,64.6101,62.0561,59.7008,57.5218,54.7321,51.8671,47.254,40.0742,31.05,22.7708,11.2244
2026-08-04T12:43:14+0200,57,0,0.178,3598.48,0.0327148,2.0738298892974854,0.01378950010985136,0.035176198929548264,5235.99,1,99.989,0.0,0.333384,0.00791329,0.0,MEDIUM_LEFT,62.080501556396484,0.15434626170103852,86.197876,4,7.0,0.55,18.0,0.09875442,0.44263616,0.0,1,False,0.09875442087650299,0.4426361620426178,0.0,1,0,5.70172,12.617,22.4222,140.866,91.0676,77.4523,71.7505,67.4187,64.6373,62.0805,59.7231,57.542,54.7501,51.8824,47.266,40.0828,31.0566,22.7753,11.2257
2026-08-04T12:43:14+0200,58,0,0.198,3598.49,0.0454102,2.445780038833618,0.01334459986537695,0.03882690146565437,5235.99,1,99.9889,0.0,0.333381,0.00766342,0.0,MEDIUM_LEFT,62.13850021362305,0.15453307263626306,86.17722,4,7.0,0.55,18.0,0.09839637,0.44255963,0.0,1,False,0.09839636832475662,0.4425596296787262,0.0,1,0,5.7003,12.6078,22.3847,141.208,91.203,77.5473,71.831,67.4886,64.7008,62.1385,59.7761,57.5908,54.7935,51.9207,47.2968,40.1056,31.0733,22.786,11.2284
2026-08-04T12:43:14+0200,59,0,0.218,3598.51,0.0600586,2.8229498863220215,0.05458639934659004,0.03905310109257698,5235.99,1,99.9888,0.0,0.333386,0.00753516,0.0,MEDIUM_LEFT,62.16080093383789,0.154630743723777,86.15549,4,7.0,0.55,18.0,0.098062955,0.44231042,0.0,1,False,0.09806295484304428,0.4423104226589203,0.0,1,0,5.69952,12.6033,22.3708,141.366,91.261,77.5863,71.8632,67.5162,64.7254,62.1608,59.7957,57.6086,54.8089,51.9339,47.3065,40.1125,31.0789,22.7901,11.2299
2026-08-04T12:43:14+0200,60,0,0.238,3598.52,0.0771484,3.2490999698638916,0.05096070095896721,0.039293501526117325,5235.99,1,99.9888,0.0,0.333417,0.00739163,0.0,MEDIUM_LEFT,62.18560028076172,0.15473922406354995,86.130806,4,7.0,0.55,18.0,0.097730264,0.4422436,0.0,1,False,0.09773026406764984,0.4422436058521271,0.0,1,0,5.69842,12.5979,22.3543,141.544,91.3268,77.6307,71.8998,67.5473,64.7533,62.1856,59.8183,57.6289,54.8265,51.9488,47.3177,40.1205,31.0854,22.795,11.2317
2026-08-04T12:43:14+0200,61,0,0.26,3598.55,0.0983887,3.6639699935913086,0.05473930016160011,0.041523199528455734,5235.99,1,99.9887,0.0,0.333448,0.00719326,0.0,MEDIUM_LEFT,62.22200012207031,0.15488955761122472,86.10679,4,7.0,0.55,18.0,0.09735528,0.44214642,0.0,1,False,0.09735527634620667,0.4421464204788208,0.0,1,0,5.69701,12.5904,22.3305,141.797,91.4205,77.6947,71.9524,67.5922,64.7937,62.222,59.8511,57.6587,54.8524,51.9714,47.3347,40.1327,31.0951,22.8019,11.2342
2026-08-04T12:43:14+0200,62,0,0.28,3598.57,0.119629,4.07165002822876,0.06427949666976929,0.04542350023984909,5235.99,1,99.9886,0.0,0.333481,0.00701111,0.0,MEDIUM_LEFT,62.25379943847656,0.15502798061051457,86.08308,4,7.0,0.55,18.0,0.09696518,0.44203728,0.0,1,False,0.09696517884731293,0.44203728437423706,0.0,1,0,5.69567,12.5836,22.3099,142.025,91.5042,77.7509,71.9989,67.6317,64.8289,62.2538,59.8796,57.6845,54.8748,51.9903,47.3488,40.1426,31.1034,22.808,11.2365
2026-08-04T12:43:14+0200,63,0,0.3,3598.59,0.143311,4.410940170288086,0.0692937970161438,0.05112680047750473,5235.99,1,99.9885,0.0,0.333518,0.0067994,0.0,MEDIUM_LEFT,62.291900634765625,0.15518922625339263,86.06324,4,7.0,0.55,18.0,0.096541695,0.44198334,0.0,1,False,0.09654169529676437,0.44198334217071533,0.0,1,0,5.69413,12.5756,22.285,142.294,91.6034,77.8181,72.0544,67.679,64.8714,62.2919,59.9142,57.7155,54.9018,52.0135,47.3663,40.155,31.1134,22.8154,11.2391
2026-08-04T12:43:14+0200,64,0,0.32,3598.62,0.168945,4.744770050048828,0.06663980334997177,0.057384900748729706,5235.99,1,99.9884,0.0,0.333554,0.00654047,0.0,MEDIUM_LEFT,62.34149932861328,0.15538782072391538,86.04381,4,7.0,0.55,18.0,0.09605981,0.44197887,0.0,1,False,0.09605980664491653,0.4419788718223572,0.0,1,0,5.69233,12.566,22.2534,142.631,91.7294,77.9038,72.1259,67.7404,64.9263,62.3415,59.959,57.7561,54.9375,52.0443,47.39,40.1719,31.1266,22.8247,11.2423
2026-08-04T12:43:14+0200,65,0,0.34,3598.64,0.196777,5.113269805908203,0.07660820335149765,0.06410519778728485,5235.99,1,99.9884,0.0,0.333592,0.00622338,0.0,MEDIUM_LEFT,62.40599822998047,0.15563110053650064,86.022575,4,7.0,0.55,18.0,0.095494345,0.44191903,0.0,1,False,0.095494344830513,0.4419190287590027,0.0,1,0,5.69018,12.5542,22.2123,143.054,91.889,78.0133,72.2172,67.8192,64.9975,62.406,60.0174,57.8091,54.9841,52.0848,47.4214,40.1947,31.1443,22.8368,11.2461
2026-08-04T12:43:14+0200,66,0,0.36,3598.67,0.226563,5.543610095977783,0.08372709900140762,0.07070609927177429,5235.99,1,99.9883,0.0,0.333636,0.00590866,0.0,MEDIUM_LEFT,62.46760177612305,0.15587431030935728,85.997604,4,7.0,0.55,18.0,0.094875626,0.44186994,0.0,1,False,0.09487562626600266,0.44186994433403015,0.0,1,0,5.688,12.5424,22.1733,143.471,92.0452,78.1201,72.306,67.8951,65.0659,62.4676,60.0734,57.8601,55.0286,52.1232,47.4511,40.2159,31.1608,22.8485,11.25
2026-08-04T12:43:14+0200,67,0,0.38,3598.71,0.258789,5.983389854431152,0.08836729824542999,0.07716330140829086,5235.99,1,99.9882,0.0,0.333685,0.00557202,0.0,MEDIUM_LEFT,62.534000396728516,0.1561358865908193,85.97207,4,7.0,0.55,18.0,0.09420453,0.44184434,0.0,1,False,0.09420453011989594,0.4418443441390991,0.0,1,0,5.68563,12.5298,22.1317,143.921,92.2131,78.2347,72.4009,67.9768,65.1394,62.534,60.1335,57.9146,55.0767,52.1645,47.4828,40.2385,31.1785,22.8608,11.2542
2026-08-04T12:43:14+0200,68,0,0.4,3598.74,0.293213,6.396210193634033,0.09532900154590607,0.08316670358181,5235.99,1,99.9881,0.0,0.333739,0.00522059,0.0,MEDIUM_LEFT,62.602699279785156,0.15641109652291932,85.947945,4,7.0,0.55,18.0,0.09348722,0.4418345,0.0,1,False,0.0934872180223465,0.4418345093727112,0.0,1,0,5.68316,12.5168,22.0889,144.392,92.3876,78.3536,72.4998,68.0613,65.2156,62.6027,60.1955,57.971,55.1258,52.2071,47.5156,40.2618,31.1967,22.8737,11.2585
2026-08-04T12:43:14+0200,69,0,0.42,3598.78,0.32959,6.772630214691162,0.09986119717359543,0.08846279978752136,5235.99,1,99.9881,0.0,0.333797,0.00485342,0.0,MEDIUM_LEFT,62.674400329589844,0.1566994189205874,85.925835,4,7.0,0.55,18.0,0.092727065,0.4418653,0.0,1,False,0.09272706508636475,0.44186529517173767,0.0,1,0,5.68056,12.5031,22.0446,144.887,92.5708,78.4778,72.6031,68.1496,65.2951,62.6744,60.2604,58.0298,55.1773,52.2516,47.5496,40.2857,31.2156,22.887,11.2631
2026-08-04T12:43:14+0200,70,0,0.44,3598.82,0.36792,7.097330093383789,0.10336200147867203,0.0931951031088829,5235.99,1,99.988,0.0,0.333861,0.00446957,0.0,MEDIUM_LEFT,62.74909973144531,0.15700334563869053,85.90655,4,7.0,0.55,18.0,0.091925286,0.44193542,0.0,1,False,0.09192528575658798,0.4419354200363159,0.0,1,0,5.67781,12.4888,21.9988,145.408,92.7627,78.6081,72.7109,68.2421,65.3778,62.7491,60.3282,58.0911,55.2309,52.2977,47.5848,40.3106,31.2352,22.901,11.2679
2026-08-04T12:43:14+0200,71,0,0.46,3598.86,0.408691,7.437160015106201,0.1069130003452301,0.09757030010223389,5235.99,1,99.9879,0.0,0.33393,0.00407093,0.0,MEDIUM_LEFT,62.826698303222656,0.1573230313397327,85.8863,4,7.0,0.55,18.0,0.09108425,0.4420104,0.0,1,False,0.09108424931764603,0.44201040267944336,0.0,1,0,5.67494,12.4741,21.9518,145.954,92.9622,78.7434,72.8228,68.3381,65.464,62.8267,60.398,58.1544,55.2864,52.3455,47.6214,40.336,31.2554,22.9153,11.273
2026-08-04T12:43:14+0200,72,0,0.48,3598.9,0.451416,7.819019794464111,0.11129800230264664,0.1016009971499443,5235.99,1,99.9878,0.0,0.334005,0.00364989,0.0,MEDIUM_LEFT,62.90890121459961,0.15766127256921486,85.863594,4,7.0,0.55,18.0,0.09019945,0.4420748,0.0,1,False,0.09019944816827774,0.44207480549812317,0.0,1,0,5.6719,12.4585,21.9025,146.534,93.1742,78.8871,72.9417,68.4396,65.5554,62.9089,60.4725,58.2217,55.3452,52.3961,47.6599,40.363,31.2767,22.9305,11.2783
2026-08-04T12:43:14+0200,73,0,0.502,3598.95,0.500977,8.335570335388184,0.11861299723386765,0.10615400224924088,5235.99,1,99.9878,0.0,0.334094,0.00316161,0.03114736,MEDIUM_LEFT,63.00490188598633,0.15805734289384538,85.833046,4,7.0,0.55,18.0,0.08923194,0.4317519,0.0,1,False,0.089231938123703,0.43175190687179565,0.0,1,0,5.66835,12.4404,21.8453,147.215,93.4216,79.0545,73.0805,68.5583,65.6618,63.0049,60.559,58.3001,55.4137,52.4552,47.7052,40.3943,31.3015,22.9481,11.2845
2026-08-04T12:43:14+0200,74,0,0.522,3599.0,0.548096,8.717220306396484,0.12265799939632416,0.11057300120592117,5235.99,1,99.9877,0.0,0.334181,0.00270718,0.03551734,MEDIUM_LEFT,63.09360122680664,0.15842935224755578,85.81013,4,7.0,0.55,18.0,0.08823733,0.43040276,0.0,1,False,0.08823733031749725,0.4304027557373047,0.0,1,0,5.66502,12.4236,21.7931,147.852,93.6526,79.2101,73.2093,68.6681,65.7606,63.0936,60.6391,58.3728,55.4769,52.5094,47.7465,40.4226,31.324,22.9643,11.2904
2026-08-04T12:43:15+0200,75,0,0.542,3599.04,0.597412,9.069709777832031,0.12630000710487366,0.11508700251579285,5235.99,1,99.9876,0.0,0.334274,0.00224036,0.028851902,MEDIUM_LEFT,63.184600830078125,0.15881571410849302,85.78873,4,7.0,0.55,18.0,0.08721466,0.4327347,0.0,1,False,0.08721466362476349,0.4327346980571747,0.0,1,0,5.66156,12.4065,21.7403,148.514,93.8899,79.3703,73.3413,68.7809,65.8617,63.1846,60.7209,58.4467,55.5415,52.5652,47.7887,40.4515,31.3471,22.9808,11.2964
2026-08-04T12:43:15+0200,76,0,0.562,3599.1,0.648926,9.405699729919434,0.12868699431419373,0.11977499723434448,5235.99,1,99.9875,0.0,0.334375,0.00175923,0.0,MEDIUM_LEFT,63.2781982421875,0.1592150068522591,85.76817,4,7.0,0.55,18.0,0.086161554,0.44245052,0.0,1,False,0.0861615538597107,0.44245052337646484,0.0,1,0,5.65798,12.3888,21.6863,149.201,94.1358,79.5355,73.4776,68.897,65.9656,63.2782,60.8055,58.5231,55.6081,52.6221,47.8321,40.4809,31.3706,22.9977,11.3027
2026-08-04T12:43:15+0200,77,0,0.582,3599.15,0.702393,9.766610145568848,0.13182400166988373,0.12469500303268433,5235.99,1,99.9874,0.0,0.334482,0.00126284,0.0,MEDIUM_LEFT,63.37480163574219,0.15963169218076995,85.74606,4,7.0,0.55,18.0,0.08507597,0.44258896,0.0,1,False,0.08507596701383591,0.4425889551639557,0.0,1,0,5.65426,12.3706,21.6312,149.916,94.3904,79.7066,73.6186,69.0171,66.0732,63.3748,60.8926,58.6019,55.6766,52.6809,47.8764,40.5109,31.3947,23.0151,11.3092
2026-08-04T12:43:15+0200,78,0,0.602,3599.21,0.757813,10.1496000289917,0.1353989988565445,0.129831001162529,5235.99,1,99.9874,0.0,0.334597,0.00075024,0.0,MEDIUM_LEFT,63.47480010986328,0.16006732411825367,85.72254,4,7.0,0.55,18.0,0.0839556,0.4427243,0.0,1,False,0.08395560085773468,0.4427242875099182,0.0,1,0,5.65037,12.3518,21.5747,150.664,94.655,79.8841,73.7649,69.1416,66.1848,63.4748,60.9828,58.6833,55.7474,52.7416,47.9224,40.5417,31.4194,23.033,11.3159
2026-08-04T12:43:15+0200,79,0,0.622,3599.26,0.815674,10.548800468444824,0.1394139975309372,0.13506999611854553,5235.99,1,99.9873,0.0,0.33472,0.000221904,0.0,MEDIUM_LEFT,63.57830047607422,0.16051814280976412,85.69802,4,7.0,0.55,18.0,0.08279931,0.4428603,0.0,1,False,0.08279930800199509,0.44286030530929565,0.0,1,0,5.64634,12.3325,21.5171,151.441,94.929,80.0673,73.9158,69.2702,66.2999,63.5783,61.0757,58.7673,55.8205,52.8042,47.9697,40.5731,31.4448,23.0515,11.323
2026-08-04T12:43:15+0200,80,0,0.642,3599.32,0.875488,10.954899787902832,0.14343400299549103,0.1403450071811676,5235.99,1,99.9872,0.0,0.334851,-0.000319783,0.0,MEDIUM_LEFT,63.68439865112305,0.16098604068464265,85.672935,4,7.0,0.55,18.0,0.081608206,0.44300273,0.0,1,False,0.08160820603370667,0.44300273060798645,0.0,1,0,5.64217,12.3127,21.4587,152.248,95.212,80.2564,74.0712,69.4024,66.4179,63.6844,61.1713,58.8533,55.8955,52.8684,48.0182,40.605,31.4705,23.0702,11.3302
2026-08-04T12:43:15+0200,81,0,0.662,3599.38,0.9375,11.354000091552734,0.14713500440120697,0.14550499618053436,5235.99,1,99.9871,0.0,0.334991,-0.000874821,0.0050408845,MEDIUM_LEFT,63.792999267578125,0.1614695751498193,85.6481,4,7.0,0.55,18.0,0.08038289,0.44148332,0.0,1,False,0.08038289099931717,0.4414833188056946,0.0,1,0,5.63786,12.2925,21.3996,153.083,95.5032,80.4502,74.2309,69.5377,66.539,63.793,61.2692,58.9417,55.9719,52.9337,48.0673,40.6373,31.4966,23.0893,11.3377
2026-08-04T12:43:15+0200,82,0,0.682,3599.45,1.00171,11.739500045776367,0.14867499470710754,0.15055400133132935,5235.99,1,99.9871,0.0,0.33514,-0.0014351,0.013060878,MEDIUM_LEFT,63.90190124511719,0.16196365061384124,85.623825,4,7.0,0.55,18.0,0.079130076,0.43899652,0.0,1,False,0.07913007587194443,0.4389965236186981,0.0,1,0,5.63345,12.2721,21.3409,153.935,95.797,80.6458,74.3909,69.6739,66.6606,63.9019,61.367,59.0296,56.0484,52.999,48.1162,40.669,31.5224,23.1083,11.3453
2026-08-04T12:43:15+0200,83,0,0.702,3599.52,1.06787,12.114100456237793,0.15128999948501587,0.15539400279521942,5235.99,1,99.987,0.0,0.335296,-0.0020054,0.011233692,MEDIUM_LEFT,64.01270294189453,0.16247232474181697,85.6,4,7.0,0.55,18.0,0.07785066,0.4397896,0.0,1,False,0.07785066217184067,0.4397895932197571,0.0,1,0,5.62892,12.2515,21.2821,154.812,96.098,80.8455,74.5546,69.8127,66.7844,64.0127,61.4664,59.1192,56.126,53.0652,48.1659,40.7007,31.5484,23.1276,11.3532
2026-08-04T12:43:15+0200,84,0,0.722,3599.58,1.13623,12.48550033569336,0.15376199781894684,0.16012699902057648,5235.99,1,99.9869,0.0,0.335463,-0.00258762,0.003290257,MEDIUM_LEFT,64.12560272216797,0.16299466616086672,85.576195,4,7.0,0.55,18.0,0.076543234,0.44262722,0.0,1,False,0.07654323428869247,0.4426272213459015,0.0,1,0,5.62425,12.2304,21.223,155.716,96.4068,81.0495,74.7218,69.9541,66.9109,64.1256,61.5681,59.2107,56.2051,53.1324,48.216,40.7326,31.5745,23.147,11.3612
2026-08-04T12:43:15+0200,85,0,0.742,3599.65,1.20679,12.861100196838379,0.15616199374198914,0.16485300660133362,5235.99,1,99.9868,0.0,0.33564,-0.00318081,0.0,MEDIUM_LEFT,64.24109649658203,0.16353525424268117,85.551956,4,7.0,0.55,18.0,0.07520773,0.4439231,0.0,1,False,0.07520773261785507,0.44392308592796326,0.0,1,0,5.61944,12.209,21.1631,156.651,96.7232,81.2586,74.8927,70.0987,67.0396,64.2411,61.6713,59.3035,56.2853,53.2009,48.2669,40.7647,31.6009,23.1667,11.3695
2026-08-04T12:43:15+0200,86,0,0.762,3599.73,1.27954,13.241999626159668,0.156700000166893,0.16962799429893494,5235.99,1,99.9868,0.0,0.335826,-0.00377781,0.0,MEDIUM_LEFT,64.3563003540039,0.16408373603700538,85.527214,4,7.0,0.55,18.0,0.07384984,0.44413707,0.0,1,False,0.07384984195232391,0.4441370666027069,0.0,1,0,5.61453,12.1875,21.1042,157.6,97.0422,81.4686,75.0643,70.2438,67.1687,64.3563,61.7746,59.3962,56.3657,53.2689,48.3175,40.7959,31.6268,23.1863,11.3779
2026-08-04T12:43:15+0200,87,0,0.782,3599.8,1.35425,13.626199722290039,0.15874700248241425,0.17448799312114716,5235.99,1,99.9867,0.0,0.336022,-0.00438434,0.0,MEDIUM_LEFT,64.47339630126953,0.16464634808675144,85.50211,4,7.0,0.55,18.0,0.07246866,0.44434768,0.0,1,False,0.07246866077184677,0.44434767961502075,0.0,1,0,5.6095,12.1658,21.045,158.577,97.3676,81.6821,75.2383,70.3906,67.2997,64.4734,61.8793,59.4902,56.4464,53.3376,48.3683,40.8268,31.6528,23.206,11.3866
2026-08-04T12:43:15+0200,88,0,0.802,3599.88,1.43115,14.01200008392334,0.15895000100135803,0.1793469935655594,5235.99,1,99.9866,0.0,0.336228,-0.00499183,0.0,MEDIUM_LEFT,64.58940124511719,0.16521836370898188,85.47663,4,7.0,0.55,18.0,0.07107029,0.44457078,0.0,1,False,0.07107029110193253,0.44457077980041504,0.0,1,0,5.60438,12.1441,20.9874,159.566,97.6945,81.896,75.4126,70.5373,67.43,64.5894,61.983,59.5834,56.5265,53.4055,48.4181,40.8569,31.678,23.2253,11.3953
2026-08-04T12:43:15+0200,89,0,0.822,3599.96,1.51025,14.398500442504883,0.16062800586223602,0.1842540055513382,5235.99,1,99.9865,0.0,0.336446,-0.00560695,0.0,MEDIUM_LEFT,64.70680236816406,0.16580196113499412,85.45095,4,7.0,0.55,18.0,0.069653235,0.4447902,0.0,1,False,0.0696532353758812,0.44479021430015564,0.0,1,0,5.59914,12.1222,20.9297,160.579,98.0268,82.1128,75.5886,70.6858,67.5614,64.7068,62.0878,59.6772,56.6074,53.4736,48.4683,40.8865,31.7031,23.2446,11.4042
2026-08-04T12:43:15+0200,90,0,0.842,3600.04,1.59131,14.784500122070312,0.16236799955368042,0.18915599584579468,5235.99,1,99.9865,0.0,0.336675,-0.00623018,0.0,MEDIUM_LEFT,64.82530212402344,0.16640085252355724,85.42504,4,7.0,0.55,18.0,0.06821627,0.44501296,0.0,1,False,0.06821627169847488,0.4450129568576813,0.0,1,0,5.59376,12.1,20.8721,161.619,98.3653,82.3327,75.7673,70.8359,67.6951,64.8253,62.1939,59.772,56.6887,53.542,48.5184,40.9157,31.7281,23.264,11.4134
2026-08-04T12:43:15+0200,91,0,0.862,3600.12,1.67456,15.170100212097168,0.16199399530887604,0.19409500062465668,5235.99,1,99.9864,0.0,0.336915,-0.00685245,0.0,MEDIUM_LEFT,64.94280242919922,0.16700509550808662,85.39894,4,7.0,0.55,18.0,0.06676569,0.44524977,0.0,1,False,0.0667656883597374,0.4452497661113739,0.0,1,0,5.5883,12.078,20.8163,162.669,98.7032,82.5517,75.9446,70.9848,67.8269,64.9428,62.2983,59.8654,56.7687,53.6094,48.5673,40.9437,31.7521,23.283,11.4226
2026-08-04T12:43:15+0200,92,0,0.882,3600.21,1.76001,15.555299758911133,0.16310900449752808,0.19905799627304077,5235.99,1,99.9863,0.0,0.337166,-0.00747997,0.0,MEDIUM_LEFT,65.06050109863281,0.16762202838156132,85.372604,4,7.0,0.55,18.0,0.065300725,0.44548154,0.0,1,False,0.06530072540044785,0.445481538772583,0.0,1,0,5.58273,12.0559,20.7606,163.742,99.0456,82.7731,76.1237,71.1347,67.9596,65.0605,62.4033,59.9591,56.8489,53.6766,48.6161,40.9708,31.7759,23.3019,11.4321
2026-08-04T12:43:15+0200,93,0,0.902,3600.29,1.84766,15.940400123596191,0.16231200098991394,0.20403000712394714,5235.99,1,99.9862,0.0,0.33743,-0.00810558,0.0,MEDIUM_LEFT,65.17669677734375,0.1682449414417306,85.346,4,7.0,0.55,18.0,0.0638262,0.4457241,0.0,1,False,0.06382620334625244,0.44572409987449646,0.0,1,0,5.57707,12.034,20.7069,164.822,99.3871,82.9927,76.3008,71.2831,68.0904,65.1767,62.5064,60.0508,56.9272,53.7423,48.6631,40.9965,31.7984,23.3201,11.4416
2026-08-04T12:43:15+0200,94,0,0.922,3600.38,1.9375,16.326099395751953,0.1630609929561615,0.20897099375724792,5235.99,1,99.9862,0.0,0.337705,-0.00873548,0.0,MEDIUM_LEFT,65.29280090332031,0.1688773175103609,85.319145,4,7.0,0.55,18.0,0.062340695,0.44596002,0.0,1,False,0.06234069541096687,0.44596001505851746,0.0,1,0,5.5713,12.012,20.6536,165.924,99.7319,83.2137,76.4788,71.4316,68.2218,65.2928,62.6097,60.1428,57.0055,53.8075,48.71,41.0215,31.8207,23.3383,11.4512
2026-08-04T12:43:15+0200,95,0,0.942,3600.48,2.0293,16.71190071105957,0.1618890017271042,0.21389900147914886,5235.99,1,99.9861,0.0,0.337994,-0.00936205,0.0,MEDIUM_LEFT,65.40709686279297,0.16951473704820752,85.292015,4,7.0,0.55,18.0,0.060848814,0.44620565,0.0,1,False,0.06084881350398064,0.44620564579963684,0.0,1,0,5.56545,11.9902,20.6022,167.031,100.075,83.4323,76.6547,71.5781,68.351,65.4071,62.711,60.2325,57.0817,53.8709,48.755,41.0443,31.8418,23.3558,11.4609
2026-08-04T12:43:15+0200,96,0,0.962,3600.57,2.12329,17.09749984741211,0.1622759997844696,0.21883200109004974,5235.99,1,99.986,0.0,0.338295,-0.00999099,0.0,MEDIUM_LEFT,65.5208969116211,0.17016211924579916,85.26463,4,7.0,0.55,18.0,0.05934938,0.44644356,0.0,1,False,0.05934938043355942,0.4464435577392578,0.0,1,0,5.55949,11.9684,20.5517,168.159,100.42,83.6519,76.8306,71.7243,68.4798,65.5209,62.8116,60.3218,57.1573,53.9338,48.7992,41.0665,31.8623,23.3731,11.4705
2026-08-04T12:43:15+0200,97,0,0.982,3600.67,2.21948,17.483200073242188,0.16073200106620789,0.2237749993801117,5235.99,1,99.9859,0.0,0.338609,-0.0106152,0.0,MEDIUM_LEFT,65.63179779052734,0.17081238950084773,85.23693,4,7.0,0.55,18.0,0.05784703,0.44668993,0.0,1,False,0.0578470304608345,0.4466899335384369,0.0,1,0,5.55345,11.9469,20.5031,169.288,100.762,83.8684,77.0036,71.868,68.6059,65.6318,62.9097,60.4086,57.2306,53.9943,48.8414,41.0866,31.8813,23.3896,11.4802
2026-08-04T12:43:15+0200,98,0,1.004,3600.77,2.32764,17.908100128173828,0.16095300018787384,0.2291869968175888,5235.99,1,99.9858,0.0,0.33897,-0.0113042,0.0,MEDIUM_LEFT,65.75350189208984,0.17153821885185272,85.20616,4,7.0,0.55,18.0,0.056286134,0.4469046,0.0,1,False,0.05628613382577896,0.44690459966659546,0.0,1,0,5.54668,11.9233,20.451,170.551,101.141,84.1067,77.194,72.0256,68.7442,65.7535,63.017,60.5035,57.3105,54.0598,48.8871,41.1073,31.9014,23.4074,11.4908
2026-08-04T12:43:15+0200,99,0,1.024,3600.88,2.42847,18.29450035095215,0.1591390073299408,0.2341260015964508,5235.99,1,99.9858,0.0,0.339312,-0.0119246,0.0,MEDIUM_LEFT,65.86100006103516,0.17219990841389118,85.17787,4,7.0,0.55,18.0,0.054743163,0.44716525,0.0,1,False,0.05474316328763962,0.44716525077819824,0.0,1,0,5.54045,11.9022,20.4055,171.702,101.481,84.3199,77.3634,72.1652,68.8664,65.861,63.1114,60.5866,57.3804,54.1171,48.9261,41.1243,31.9183,23.4228,11.5005
2026-08-04T12:43:15+0200,100,0,1.044,3600.98,2.53125,18.68079948425293,0.15882599353790283,0.23901799321174622,5235.99,1,99.9857,0.0,0.339668,-0.0125454,0.0,MEDIUM_LEFT,65.96739959716797,0.17287020882614257,85.1493,4,7.0,0.55,18.0,0.0532097,0.44741082,0.0,1,False,0.05320969969034195,0.44741082191467285,0.0,1,0,5.53412,11.8812,20.3617,172.868,101.822,84.5326,77.532,72.3043,68.9879,65.9674,63.2048,60.6689,57.4491,54.1731,48.9641,41.1401,31.9344,23.4377,11.5101
2026-08-04T12:43:15+0200,101,0,1.064,3601.08,2.63599,19.066999435424805,0.1565530002117157,0.24399599432945251,5235.99,1,99.9856,0.0,0.340037,-0.0131581,0.0,MEDIUM_LEFT,66.06999969482422,0.17354001186110174,85.12043,4,7.0,0.55,18.0,0.05168704,0.44765994,0.0,1,False,0.05168703943490982,0.4476599395275116,0.0,1,0,5.52772,11.8606,20.3199,174.029,102.157,84.7401,77.6961,72.4389,69.1052,66.07,63.2945,60.7473,57.5142,54.2261,48.9995,41.1537,31.9487,23.4517,11.5197
2026-08-04T12:43:15+0200,102,0,1.084,3601.19,2.74316,19.453899383544922,0.15587300062179565,0.24891799688339233,5235.99,1,99.9855,0.0,0.340422,-0.0137699,0.0,MEDIUM_LEFT,66.1707992553711,0.1742141594471933,85.091255,4,7.0,0.55,18.0,0.05017002,0.44789547,0.0,1,False,0.05017001926898956,0.44789546728134155,0.0,1,0,5.52121,11.8402,20.2798,175.202,102.491,84.946,77.8586,72.5719,69.2213,66.1708,63.3828,60.8245,57.5783,54.2776,49.0335,41.1662,31.9621,23.4652,11.5292
2026-08-04T12:43:15+0200,103,0,1.104,3601.3,2.85229,19.840999603271484,0.15316499769687653,0.25133299827575684,5235.99,1,99.9855,0.0,0.34082,-0.0143722,0.0,MEDIUM_LEFT,66.26750183105469,0.17488656109831638,85.06177,4,7.0,0.55,18.0,0.04866238,0.44813582,0.0,1,False,0.04866237938404083,0.4481358230113983,0.0,1,0,5.51465,11.8203,20.2423,176.366,102.818,85.1459,78.016,72.7002,69.3324,66.2675,63.4667,60.8976,57.6386,54.3258,49.0645,41.1763,31.9736,23.4777,11.5386
2026-08-04T12:43:15+0200,104,0,1.124,3601.41,2.96387,20.2278995513916,0.15206000208854675,0.2506589889526367,5235.99,1,99.9854,0.0,0.341233,-0.0149716,0.0,MEDIUM_LEFT,66.36180114746094,0.17556316154695414,85.032,4,7.0,0.55,18.0,0.04716115,0.44836324,0.0,1,False,0.047161150723695755,0.4483632445335388,0.0,1,0,5.50799,11.8006,20.2066,177.539,103.143,85.3437,78.1705,72.826,69.441,66.3618,63.5486,60.9686,57.6966,54.372,49.0938,41.1851,31.984,23.4895,11.548
2026-08-04T12:43:15+0200,105,0,1.144,3601.52,3.07739,20.614900588989258,0.1490810066461563,0.24981899559497833,5235.99,1,99.9853,0.0,0.34166,-0.01556,0.0,HAIRPIN_LEFT,66.45120239257812,0.17623585908521702,44.34882,2,9.0,0.55,18.0,0.042203803,0.12739883,0.0,1,False,0.04220380261540413,0.12739883363246918,0.0,1,0,5.50127,11.7815,20.1733,178.701,103.46,85.5349,78.3191,72.9461,69.5446,66.4512,63.6258,61.0353,57.751,54.4146,49.1198,41.1913,31.9924,23.5003,11.5572
2026-08-04T12:43:15+0200,106,0,1.164,3601.64,3.19214,20.73940086364746,0.1373710036277771,0.2473749965429306,5235.99,1,99.9853,0.0,0.342092,-0.0160912,0.0,HAIRPIN_LEFT,66.52050018310547,0.17685030725801978,44.340736,2,9.0,0.55,18.0,0.038392603,0.12708996,0.0,1,False,0.038392603397369385,0.1270899623632431,0.0,1,0,5.49483,11.7647,20.1499,179.732,103.729,85.6927,78.44,73.0425,69.6265,66.5205,63.6843,61.0847,57.7898,54.4433,49.1347,41.1896,31.9951,23.5075,11.5656
2026-08-04T12:43:15+0200,107,0,1.184,3601.76,3.30786,20.83769989013672,0.12564699351787567,0.24265199899673462,5235.99,1,99.9853,0.0,0.342524,-0.0165704,0.0,HAIRPIN_LEFT,66.57150268554688,0.1774100076695345,44.333313,2,9.0,0.55,18.0,0.035378546,0.12682717,0.0,1,False,0.03537854552268982,0.1268271654844284,0.0,1,0,5.48867,11.7501,20.1349,180.644,103.956,85.8216,78.5362,73.1166,69.688,66.5715,63.7264,61.119,57.8147,54.4599,49.1396,41.1808,31.9925,23.5114,11.5733
2026-08-04T12:43:15+0200,108,0,1.204,3601.87,3.42383,20.933000564575195,0.1160999983549118,0.2400140017271042,5235.99,1,99.9853,0.0,0.342958,-0.0170139,0.0,HAIRPIN_LEFT,66.61009979248047,0.17793285797702638,44.32589,2,9.0,0.55,18.0,0.032918163,0.12650773,0.0,1,False,0.032918162643909454,0.1265077292919159,0.0,1,0,5.4827,11.7371,20.126,181.474,104.154,85.9296,78.6149,73.176,69.7362,66.6101,63.7572,61.1427,57.8302,54.4677,49.1374,41.1672,31.9864,23.5133,11.5805
2026-08-04T12:43:15+0200,109,0,1.224,3601.99,3.54028,21.028400421142578,0.10933300107717514,0.2409130036830902,5235.99,1,99.9853,0.0,0.343397,-0.0174325,0.0,HAIRPIN_LEFT,66.64009857177734,0.1784323126400343,44.31837,2,9.0,0.55,18.0,0.030841984,0.12613462,0.0,1,False,0.03084198385477066,0.12613461911678314,0.0,1,0,5.47683,11.7251,20.1214,182.251,104.331,86.0239,78.6818,73.2249,69.7749,66.6401,63.7794,61.1589,57.8392,54.4701,49.1304,41.1502,31.9778,23.5135,11.5873
2026-08-04T12:43:15+0200,110,0,1.244,3602.1,3.65747,21.12310028076172,0.10314299911260605,0.24490000307559967,5235.99,1,99.9853,0.0,0.343837,-0.0178283,0.0,HAIRPIN_LEFT,66.66169738769531,0.17890790999410952,44.310806,2,9.0,0.55,18.0,0.029038267,0.12573028,0.0,1,False,0.029038267210125923,0.12573027610778809,0.0,1,0,5.47106,11.7143,20.1209,182.974,104.489,86.1045,78.7375,73.2645,69.8046,66.6617,63.7945,61.1683,57.8419,54.4667,49.119,41.1298,31.9666,23.5121,11.5936
2026-08-04T12:43:15+0200,111,0,1.264,3602.22,3.77515,21.21769905090332,0.09700080007314682,0.25047099590301514,5235.99,1,99.9853,0.0,0.344282,-0.0182007,0.0,HAIRPIN_LEFT,66.67520141601562,0.1793600552149341,44.30317,2,9.0,0.55,18.0,0.027434465,0.1253017,0.0,1,False,0.027434464544057846,0.12530170381069183,0.0,1,0,5.46539,11.7045,20.1249,183.641,104.628,86.1716,78.7816,73.2933,69.8251,66.6752,63.8017,61.1703,57.8379,54.4575,49.1028,41.1062,31.953,23.5091,11.5996
2026-08-04T12:43:15+0200,112,0,1.284,3602.34,3.89331,21.311399459838867,0.09080909937620163,0.25627601146698,5235.99,1,99.9853,0.0,0.344729,-0.0185488,0.0,HAIRPIN_LEFT,66.67960357666016,0.1797866800238877,44.29548,2,9.0,0.55,18.0,0.025984704,0.12485984,0.0,1,False,0.02598470449447632,0.12485983967781067,0.0,1,0,5.45983,11.6959,20.1332,184.252,104.745,86.2246,78.8136,73.312,69.836,66.6796,63.8009,61.1648,57.8277,54.4426,49.0819,41.0792,31.9368,23.5046,11.6052
2026-08-04T12:43:15+0200,113,0,1.304,3602.46,4.01196,21.405099868774414,0.08700890094041824,0.26121699810028076,5235.99,1,99.9853,0.0,0.34518,-0.0188835,0.0,HAIRPIN_LEFT,66.67900085449219,0.18020027027677307,44.28773,2,9.0,0.55,18.0,0.024647994,0.12440065,0.0,1,False,0.024647993966937065,0.12440065294504166,0.0,1,0,5.45431,11.688,20.1443,184.831,104.851,86.2694,78.8386,73.3242,69.8413,66.679,63.7954,61.1553,57.8131,54.424,49.0578,41.0501,31.9191,23.4991,11.6105
2026-08-04T12:43:15+0200,114,0,1.324,3602.58,4.1311,21.49799919128418,0.08381559699773788,0.2649250030517578,5235.99,1,99.9853,0.0,0.345638,-0.0192068,0.0,HAIRPIN_LEFT,66.67410278320312,0.18060097241325543,44.279957,2,9.0,0.55,18.0,0.02339528,0.123934686,0.0,1,False,0.023395279422402382,0.12393468618392944,0.0,1,0,5.4488,11.6807,20.1582,185.381,104.948,86.3064,78.8575,73.3316,69.8418,66.6741,63.7859,61.1419,57.7956,54.4025,49.0316,41.0193,31.8999,23.4927,11.6156
2026-08-04T12:43:15+0200,115,0,1.344,3602.7,4.25073,21.59079933166504,0.07831340283155441,0.2672489881515503,5235.99,1,99.9853,0.0,0.346097,-0.0195077,0.0,HAIRPIN_LEFT,66.66089630126953,0.18097850215444095,44.272118,2,9.0,0.55,18.0,0.022219496,0.1234639,0.0,1,False,0.022219495847821236,0.12346389889717102,0.0,1,0,5.4434,11.6746,20.1762,185.874,105.024,86.331,78.8655,73.3288,69.8334,66.6609,63.7688,61.1217,57.7716,54.3756,49.0007,40.9853,31.8784,23.4848,11.6203
2026-08-04T12:43:15+0200,116,0,1.364,3602.82,4.37085,21.682899475097656,0.0746069997549057,0.2681620121002197,5235.99,1,99.9853,0.0,0.346561,-0.0197948,0.0,HAIRPIN_LEFT,66.64250183105469,0.18134275316940418,44.26423,2,9.0,0.55,18.0,0.021106897,0.12298723,0.0,1,False,0.021106896921992302,0.12298723310232162,0.0,1,0,5.43804,11.6692,20.1978,186.334,105.088,86.3461,78.8662,73.32,69.8194,66.6425,63.7469,61.0968,57.7436,54.3448,48.9669,40.9492,31.8552,23.4758,11.6248
2026-08-04T12:43:15+0200,117,0,1.384,3602.94,4.49146,21.774900436401367,0.0713815987110138,0.26800400018692017,5235.99,1,99.9853,0.0,0.347029,-0.0200699,0.0,HAIRPIN_LEFT,66.61940002441406,0.1816932847939205,44.256298,2,9.0,0.55,18.0,0.020046882,0.12250434,0.0,1,False,0.020046882331371307,0.1225043386220932,0.0,1,0,5.43271,11.6645,20.2219,186.763,105.142,86.3539,78.8604,73.3056,69.8,66.6194,63.7207,61.0682,57.7122,54.311,48.9305,40.9113,31.8308,23.466,11.6289
2026-08-04T12:43:15+0200,118,0,1.404,3603.06,4.61279,21.866899490356445,0.06826499849557877,0.2672489881515503,5235.99,1,99.9853,0.0,0.3475,-0.0203331,0.0,HAIRPIN_LEFT,66.591796875,0.18203227746944833,44.248314,2,9.0,0.55,18.0,0.01903259,0.122016,0.0,1,False,0.019032590091228485,0.12201599776744843,0.0,1,0,5.42742,11.6605,20.2494,187.161,105.184,86.3545,78.848,73.2854,69.7758,66.5918,63.6902,61.0353,57.6771,54.2739,48.8915,40.8715,31.8049,23.4553,11.6329
2026-08-04T12:43:15+0200,119,0,1.424,3603.18,4.73438,21.958099365234375,0.06516049802303314,0.26618000864982605,5235.99,1,99.9853,0.0,0.347977,-0.0205844,0.0,HAIRPIN_LEFT,66.5593032836914,0.18235731344394088,44.240295,2,9.0,0.55,18.0,0.018059162,0.121527486,0.0,1,False,0.01805916242301464,0.12152748554944992,0.0,1,0,5.42214,11.6572,20.2794,187.527,105.215,86.3472,78.8294,73.2598,69.7465,66.5593,63.6554,60.9988,57.6386,54.2339,48.85,40.8299,31.7774,23.4436,11.6365
2026-08-04T12:43:15+0200,120,0,1.444,3603.3,4.85669,22.049299240112305,0.06204510107636452,0.2655859887599945,5235.99,1,99.9853,0.0,0.348457,-0.0208238,0.0,HAIRPIN_LEFT,66.52239990234375,0.1826697822499806,44.23224,2,9.0,0.55,18.0,0.01712384,0.12103482,0.0,1,False,0.017123840749263763,0.12103482335805893,0.0,1,0,5.41691,11.6547,20.3127,187.862,105.235,86.3322,78.8041,73.2287,69.712,66.5224,63.6165,60.9582,57.5962,54.1907,48.8059,40.7865,31.7488,23.431,11.6399
2026-08-04T12:43:15+0200,121,0,1.464,3603.43,4.97949,22.13960075378418,0.058905601501464844,0.2656190097332001,5235.99,1,99.9853,0.0,0.34894,-0.0210508,0.0,HAIRPIN_LEFT,66.48040008544922,0.18296980912324845,44.22414,2,9.0,0.55,18.0,0.01622533,0.1205432,0.0,1,False,0.016225330531597137,0.12054319679737091,0.0,1,0,5.41171,11.6529,20.3494,188.162,105.245,86.3094,78.7726,73.1916,69.6721,66.4804,63.5728,60.9136,57.5505,54.144,48.7588,40.7411,31.7185,23.4175,11.6431
2026-08-04T12:43:15+0200,122,0,1.484,3603.55,5.10254,22.229900360107422,0.05573920160531998,0.26639899611473083,5235.99,1,99.9853,0.0,0.349428,-0.0212658,0.0,HAIRPIN_LEFT,66.43360137939453,0.1832559811497657,44.215992,2,9.0,0.55,18.0,0.015362131,0.1200478,0.0,1,False,0.015362131409347057,0.12004780024290085,0.0,1,0,5.40655,11.6519,20.3893,188.429,105.242,86.2791,78.734,73.1489,69.6274,66.4336,63.525,60.8648,57.5011,54.0942,48.7093,40.6938,31.6869,23.4032,11.6459
2026-08-04T12:43:15+0200,123,0,1.504,3603.67,5.22632,22.319299697875977,0.052544500678777695,0.26769399642944336,5235.99,1,99.9853,0.0,0.349917,-0.021468,0.0,HAIRPIN_LEFT,66.3822021484375,0.18352547780224499,44.20786,2,9.0,0.55,18.0,0.014534582,0.11955432,0.0,1,False,0.014534582383930683,0.1195543184876442,0.0,1,0,5.40143,11.6516,20.4326,188.654,105.227,86.2404,78.6891,73.1001,69.5767,66.3822,63.4725,60.8118,57.4478,54.0412,48.6571,40.6447,31.6539,23.3877,11.6485
2026-08-04T12:43:15+0200,124,0,1.524,3603.8,5.35059,22.408700942993164,0.05179750174283981,0.2692149877548218,5235.99,1,99.9853,0.0,0.350412,-0.0216687,0.0,HAIRPIN_LEFT,66.32959747314453,0.18378878271553858,44.19973,2,9.0,0.55,18.0,0.013730929,0.119054735,0.0,1,False,0.013730929233133793,0.11905473470687866,0.0,1,0,5.39628,11.6518,20.4777,188.858,105.211,86.1998,78.6426,73.0504,69.5251,66.3296,63.4194,60.7581,57.3939,53.987,48.6042,40.595,31.6203,23.3719,11.651
2026-08-04T12:43:16+0200,125,0,1.544,3603.92,5.47534,22.497299194335938,0.04925429821014404,0.2708370089530945,5235.99,1,99.9853,0.0,0.350911,-0.0218595,0.0,HAIRPIN_LEFT,66.27279663085938,0.18403699532504833,44.191605,2,9.0,0.55,18.0,0.012952217,0.118559524,0.0,1,False,0.012952216900885105,0.11855952441692352,0.0,1,0,5.39116,11.6526,20.5262,189.021,105.184,86.1529,78.5903,72.9955,69.4692,66.2728,63.3621,60.7008,57.3367,53.9306,48.5491,40.5436,31.5855,23.3555,11.6532
2026-08-04T12:43:16+0200,126,0,1.564,3604.05,5.60059,22.585800170898438,0.046174198389053345,0.27246901392936707,5235.99,1,99.9853,0.0,0.351413,-0.0220373,0.0,HAIRPIN_LEFT,66.21089935302734,0.18426962189745139,44.18344,2,9.0,0.55,18.0,0.012202356,0.118062876,0.0,1,False,0.01220235601067543,0.11806287616491318,0.0,1,0,5.38607,11.6543,20.5784,189.141,105.146,86.0975,78.5314,72.9347,69.4078,66.2109,63.3003,60.6394,57.2756,53.8706,48.491,40.4904,31.5493,23.338,11.6551
2026-08-04T12:43:16+0200,127,0,1.584,3604.17,5.72632,22.673500061035156,0.04293379932641983,0.27396801114082336,5235.99,1,99.9853,0.0,0.351916,-0.0222023,0.0,HAIRPIN_LEFT,66.14399719238281,0.18448735687026963,44.175262,2,9.0,0.55,18.0,0.011483958,0.11756813,0.0,1,False,0.01148395799100399,0.11756812781095505,0.0,1,0,5.38104,11.6568,20.6346,189.223,105.096,86.034,78.4652,72.8676,69.3405,66.144,63.2337,60.5735,57.2107,53.8071,48.4304,40.4352,31.5115,23.3195,11.6567
2026-08-04T12:43:16+0200,128,0,1.604,3604.3,5.85254,22.76099967956543,0.03962349891662598,0.26490798592567444,5235.99,1,99.9853,0.0,0.352424,-0.0223544,0.0,HAIRPIN_LEFT,66.07230377197266,0.1846900039688033,44.167057,2,9.0,0.55,18.0,0.010798292,0.117071554,0.0,1,False,0.010798292234539986,0.11707155406475067,0.0,1,0,5.37604,11.6601,20.6947,189.267,105.033,85.9621,78.3921,72.7949,69.2683,66.0723,63.1628,60.5033,57.1424,53.7403,48.3669,40.3781,31.4724,23.3,11.6581
2026-08-04T12:43:16+0200,129,0,1.624,3604.43,5.97925,22.847999572753906,0.03880529850721359,0.25765201449394226,5235.99,1,99.9853,0.0,0.352933,-0.0225051,0.0,HAIRPIN_LEFT,65.99919891357422,0.184889166068353,44.158844,2,9.0,0.55,18.0,0.010135171,0.116571985,0.0,1,False,0.010135171003639698,0.11657198518514633,0.0,1,0,5.37104,11.6639,20.7572,189.302,104.967,85.8881,78.3172,72.7201,69.1943,65.9992,63.0908,60.4323,57.0726,53.6725,48.3027,40.3203,31.4327,23.2802,11.6593
2026-08-04T12:43:16+0200,130,0,1.644,3604.55,6.1062,22.934799194335938,0.03616509959101677,0.25347501039505005,5235.99,1,99.9853,0.0,0.353448,-0.0226448,0.0,HAIRPIN_LEFT,65.9219970703125,0.1850795076304219,44.150562,2,9.0,0.55,18.0,0.009496952,0.11607306,0.0,1,False,0.009496952407062054,0.11607305705547333,0.0,1,0,5.36605,11.6685,20.8239,189.31,104.892,85.8071,78.237,72.6406,69.1158,65.922,63.0147,60.3578,56.9998,53.6019,48.2361,40.261,31.3918,23.2596,11.6602
2026-08-04T12:43:16+0200,131,0,1.664,3604.68,6.23389,23.02079963684082,0.032976798713207245,0.25127100944519043,5235.99,1,99.9853,0.0,0.353962,-0.0227712,0.0,HAIRPIN_LEFT,65.83940124511719,0.18525615409157747,44.14225,2,9.0,0.55,18.0,0.008888389,0.115576744,0.0,1,False,0.008888388983905315,0.11557674407958984,0.0,1,0,5.36113,11.674,20.8951,189.285,104.803,85.7175,78.1489,72.5549,69.0315,65.8394,62.9338,60.2783,56.9232,53.5278,48.1667,40.1996,31.3494,23.2381,11.6609
2026-08-04T12:43:16+0200,132,0,1.684,3604.81,6.36206,23.10650062561035,0.03212520107626915,0.25102901458740234,5235.99,1,99.9853,0.0,0.354479,-0.0228956,0.0,HAIRPIN_LEFT,65.75540161132812,0.1854300781821773,44.13392,2,9.0,0.55,18.0,0.0083007105,0.11507674,0.0,1,False,0.00830071046948433,0.11507674306631088,0.0,1,0,5.35623,11.68,20.9689,189.251,104.711,85.6256,78.0589,72.4675,68.9458,65.7554,62.8517,60.1982,56.8453,53.4527,48.0964,40.1375,31.3063,23.216,11.6613
2026-08-04T12:43:16+0200,133,0,1.704,3604.94,6.49072,23.191499710083008,0.02945620007812977,0.2525539994239807,5235.99,1,99.9853,0.0,0.355,-0.0230091,0.0,HAIRPIN_LEFT,65.66739654541016,0.18559591413890206,44.12553,2,9.0,0.55,18.0,0.007737023,0.11458045,0.0,1,False,0.007737022824585438,0.11458045244216919,0.0,1,0,5.35147,11.6868,21.0472,189.193,104.609,85.5273,77.9637,72.3747,68.8556,65.6674,62.7659,60.1143,56.7642,53.3747,48.0239,40.0738,31.2621,23.1931,11.6615
2026-08-04T12:43:16+0200,134,0,1.724,3605.07,6.61963,23.276199340820312,0.02873780019581318,0.25508999824523926,5235.99,1,99.9853,0.0,0.355522,-0.0231202,0.0,HAIRPIN_LEFT,65.57759857177734,0.18575940583722467,44.11711,2,9.0,0.55,18.0,0.0071912003,0.11408131,0.0,1,False,0.007191200274974108,0.11408130824565887,0.0,1,0,5.34687,11.6942,21.1289,189.128,104.504,85.4263,77.8661,72.2805,68.7636,65.5776,62.6785,60.0291,56.6821,53.296,47.9505,40.0096,31.2174,23.1699,11.6615
2026-08-04T12:43:16+0200,135,0,1.744,3605.2,6.74927,23.36009979248047,0.026088999584317207,0.2580519914627075,5235.99,1,99.9853,0.0,0.35605,-0.0232208,0.0,HAIRPIN_LEFT,65.48390197753906,0.1859137591645546,44.108654,2,9.0,0.55,18.0,0.006666735,0.11358695,0.0,1,False,0.00666673481464386,0.11358694732189178,0.0,1,0,5.34241,11.7023,21.2147,189.037,104.389,85.3182,77.7628,72.1814,68.6672,65.4839,62.5873,59.9404,56.597,53.2141,47.8746,39.9436,31.1713,23.1457,11.6613
2026-08-04T12:43:16+0200,136,0,1.764,3605.33,6.87915,23.44379997253418,0.025364099070429802,0.26081299781799316,5235.99,1,99.9853,0.0,0.356578,-0.0233186,0.0,HAIRPIN_LEFT,65.38860321044922,0.18606742074680965,44.10015,2,9.0,0.55,18.0,0.006158968,0.113089375,0.0,1,False,0.0061589679680764675,0.11308937519788742,0.0,1,0,5.33815,11.711,21.3046,188.941,104.27,85.2082,77.6574,72.0804,68.5691,65.3886,62.4947,59.8504,56.5104,53.1313,47.7981,39.8772,31.1248,23.1213,11.6609
2026-08-04T12:43:16+0200,137,0,1.784,3605.46,7.00977,23.52680015563965,0.02269740030169487,0.2629239857196808,5235.99,1,99.9853,0.0,0.357105,-0.0234059,0.0,HAIRPIN_LEFT,65.28910064697266,0.1862093649567786,44.09164,2,9.0,0.55,18.0,0.0056727077,0.11259644,0.0,1,False,0.005672707688063383,0.11259643733501434,0.0,1,0,5.33407,11.7207,21.3995,188.819,104.14,85.0904,77.5461,71.9742,68.4661,65.2891,62.3983,59.757,56.4207,53.0457,47.7192,39.8088,31.077,23.0959,11.6601
2026-08-04T12:43:16+0200,138,0,1.804,3605.59,7.14063,23.609600067138672,0.021950600668787956,0.26433300971984863,5235.99,1,99.9853,0.0,0.357639,-0.0234907,0.0,HAIRPIN_LEFT,65.18810272216797,0.18635209966623598,44.083057,2,9.0,0.55,18.0,0.0052020173,0.1121001,0.0,1,False,0.00520201725885272,0.11210010200738907,0.0,1,0,5.33011,11.7309,21.498,188.69,104.008,84.9709,77.4331,71.8662,68.362,65.1881,62.3006,59.6622,56.3298,52.9591,47.6393,39.74,31.0287,23.0702,11.6592
2026-08-04T12:43:16+0200,139,0,1.824,3605.72,7.27197,23.691600799560547,0.019260099157691002,0.2653369903564453,5235.99,1,99.9853,0.0,0.358173,-0.0235646,0.0,HAIRPIN_LEFT,65.08300018310547,0.1864856316693856,44.07444,2,9.0,0.55,18.0,0.0047523817,0.111608826,0.0,1,False,0.004752381704747677,0.1116088256239891,0.0,1,0,5.32638,11.742,21.6023,188.537,103.865,84.8441,77.3139,71.7532,68.253,65.083,62.1987,59.5638,56.2358,52.8694,47.5571,39.6694,30.9791,23.0436,11.6581
2026-08-04T12:43:16+0200,140,0,1.844,3605.85,7.40381,23.773500442504883,0.018490899354219437,0.2660360038280487,5235.99,1,99.9853,0.0,0.358708,-0.0236352,0.0,HAIRPIN_LEFT,64.97599792480469,0.1866174139311997,44.06578,2,9.0,0.55,18.0,0.004319613,0.111113966,0.0,1,False,0.004319612868130207,0.11111396551132202,0.0,1,0,5.32281,11.7538,21.7107,188.377,103.718,84.7149,77.1929,71.6383,68.1422,64.976,62.0955,59.4641,56.1406,52.7788,47.4741,39.5982,30.929,23.0165,11.6567
2026-08-04T12:43:16+0200,141,0,1.864,3605.98,7.53613,23.85449981689453,0.015776999294757843,0.2667210102081299,5235.99,1,99.9853,0.0,0.359248,-0.0236953,0.0,HAIRPIN_LEFT,64.86479949951172,0.18673955294979552,44.057076,2,9.0,0.55,18.0,0.003907675,0.11062454,0.0,1,False,0.003907674923539162,0.1106245368719101,0.0,1,0,5.3194,11.7664,21.8253,188.191,103.562,84.5786,77.0657,71.5183,68.0269,64.8648,61.9885,59.3608,56.0422,52.6854,47.3888,39.5254,30.8775,22.9887,11.6551
2026-08-04T12:43:16+0200,142,0,1.884,3606.12,7.66895,23.935400009155273,0.014985299669206142,0.2672410011291504,5235.99,1,99.9853,0.0,0.359788,-0.0237525,0.0,HAIRPIN_LEFT,64.75240325927734,0.1868607559734475,44.04834,2,9.0,0.55,18.0,0.0035121953,0.110131726,0.0,1,False,0.003512195311486721,0.11013172566890717,0.0,1,0,5.31621,11.7797,21.9451,187.997,103.401,84.4402,76.9366,71.3966,67.9099,64.7524,61.8801,59.2563,55.9424,52.5909,47.3025,39.4519,30.8257,22.9604,11.6533
2026-08-04T12:43:16+0200,143,0,1.904,3606.25,7.802,24.015600204467773,0.014787299558520317,0.2678619921207428,5235.99,1,99.9853,0.0,0.360329,-0.0238102,0.0,HAIRPIN_LEFT,64.6395034790039,0.18698335722662837,44.039597,2,9.0,0.55,18.0,0.003126772,0.10964084,0.0,1,False,0.0031267718877643347,0.10964083671569824,0.0,1,0,5.31315,11.7935,22.0693,187.802,103.241,84.3006,76.8067,71.274,67.7923,64.6395,61.7714,59.1513,55.8423,52.4958,47.2158,39.3781,30.7733,22.9319,11.6512
2026-08-04T12:43:16+0200,144,0,1.924,3606.38,7.93555,24.095500946044922,0.012219199910759926,0.26851099729537964,5235.99,1,99.9853,0.0,0.360869,-0.0238565,0.0,HAIRPIN_LEFT,64.52210235595703,0.18709729596216226,44.03079,2,9.0,0.55,18.0,0.002759453,0.10915288,0.0,1,False,0.002759452909231186,0.1091528832912445,0.0,1,0,5.31032,11.8084,22.2008,187.58,103.069,84.1539,76.671,71.1465,67.6699,64.5221,61.6584,59.0424,55.7389,52.3979,47.1268,39.3026,30.7198,22.9024,11.6489
2026-08-04T12:43:16+0200,145,0,1.944,3606.52,8.06982,24.17460060119629,0.011451800353825092,0.26927098631858826,5235.99,1,99.9853,0.0,0.361416,-0.0238999,0.0,HAIRPIN_LEFT,64.4032974243164,0.18720832214086874,44.02196,2,9.0,0.55,18.0,0.0024058914,0.10866592,0.0,1,False,0.002405891427770257,0.10866592079401016,0.0,1,0,5.3076,11.8238,22.338,187.349,102.893,84.0051,76.5332,71.0172,67.5461,64.4033,61.5443,58.9327,55.6344,52.2991,47.0369,39.2264,30.6657,22.8727,11.6465
2026-08-04T12:43:16+0200,146,0,1.964,3606.65,8.20435,24.253599166870117,0.008703730069100857,0.2700769901275635,5235.99,1,99.9853,0.0,0.361962,-0.0239318,0.0,HAIRPIN_LEFT,64.28009796142578,0.18730997335727667,44.013077,2,9.0,0.55,18.0,0.0020729392,0.10818018,0.0,1,False,0.002072939183562994,0.10818018019199371,0.0,1,0,5.30516,11.8403,22.4828,187.091,102.707,83.849,76.3894,70.8826,67.4174,64.2801,61.4261,58.819,55.5268,52.1974,46.9447,39.1487,30.6106,22.842,11.6437
2026-08-04T12:43:16+0200,147,0,1.984,3606.79,8.33911,24.33180046081543,0.007870210334658623,0.27093300223350525,5235.99,1,99.9853,0.0,0.362509,-0.0239609,0.0,HAIRPIN_LEFT,64.15519714355469,0.18741053584272543,44.004166,2,9.0,0.55,18.0,0.0017560557,0.10769509,0.0,1,False,0.0017560557462275028,0.1076950877904892,0.0,1,0,5.30287,11.8576,22.6354,186.82,102.518,83.6905,76.2433,70.7462,67.287,64.1552,61.3064,58.704,55.4178,52.0944,46.8515,39.0703,30.5547,22.8108,11.6407
2026-08-04T12:43:16+0200,148,0,2.006,3606.94,8.48804,24.41950035095215,0.007692220155149698,0.17768999934196472,5235.99,1,99.9853,0.0,0.36311,-0.0239928,0.0,HAIRPIN_LEFT,64.01740264892578,0.1875228078320028,43.994286,2,9.0,0.55,18.0,0.0014397757,0.1071474,0.0,1,False,0.0014397756895050406,0.10714740306138992,0.0,1,0,5.3006,11.8774,22.8095,186.519,102.308,83.5151,76.0819,70.5955,67.1432,64.0174,61.1742,58.5769,55.2974,51.9808,46.7486,38.9835,30.4928,22.7763,11.6372
2026-08-04T12:43:16+0200,149,0,2.028,3607.08,8.6377,24.50589942932129,0.005065289791673422,0.1341239959001541,5235.99,1,99.9853,0.0,0.363712,-0.0240133,0.0,HAIRPIN_LEFT,63.874900817871094,0.18762405568828455,43.984375,2,9.0,0.55,18.0,0.0011351844,0.10660927,0.0,1,False,0.0011351844295859337,0.1066092699766159,0.0,1,0,5.29858,11.8983,22.9956,186.183,102.087,83.3318,75.9143,70.4394,66.994,63.8749,61.0376,58.4462,55.1733,51.8639,46.6431,38.8951,30.4296,22.7408,11.6334
2026-08-04T12:43:16+0200,150,0,2.05,3607.23,8.7876,24.592300415039062,0.004228800069540739,0.1178010031580925,5235.99,1,99.9853,0.0,0.364318,-0.0240296,0.0,HAIRPIN_LEFT,63.73059844970703,0.18772290051480509,43.97442,2,9.0,0.55,18.0,0.0008418859,0.106068105,0.0,1,False,0.0008418859215453267,0.10606810450553894,0.0,1,0,5.29678,11.9201,23.1917,185.832,101.862,83.1459,75.744,70.2808,66.8432,63.7306,60.8995,58.3135,55.048,51.7461,46.5367,38.8058,30.3657,22.7048,11.6293
2026-08-04T12:43:16+0200,151,0,2.072,3607.39,8.93823,24.67770004272461,0.004007069859653711,0.1218620017170906,5235.99,1,99.9853,0.0,0.364926,-0.0240462,0.0,HAIRPIN_LEFT,63.585899353027344,0.18782302036000217,43.964455,2,9.0,0.55,18.0,0.00055536185,0.10553102,0.0,1,False,0.0005553618539124727,0.10553102195262909,0.0,1,0,5.29516,11.9426,23.3976,185.472,101.636,82.9591,75.5734,70.1217,66.6914,63.5859,60.7608,58.1805,54.9223,51.6274,46.4297,38.7162,30.3016,22.6685,11.625
2026-08-04T12:43:16+0200,152,0,2.094,3607.54,9.08936,24.763200759887695,0.003947259858250618,0.13768599927425385,5235.99,1,99.9853,0.0,0.365535,-0.0240625,0.0,HAIRPIN_LEFT,63.44029998779297,0.18792544359237068,43.95443,2,9.0,0.55,18.0,0.0002734185,0.10499235,0.0,1,False,0.00027341849636286497,0.1049923524260521,0.0,1,0,5.29379,11.9661,23.6147,185.105,101.409,82.7718,75.4016,69.9622,66.5391,63.4403,60.6216,58.0469,54.7961,51.5085,46.3223,38.6262,30.2369,22.6318,11.6205
2026-08-04T12:43:16+0200,153,0,2.116,3607.69,9.24072,24.847900390625,0.001194049953483045,0.1581529974937439,5235.99,1,99.9853,0.0,0.366143,-0.0240658,0.0,HAIRPIN_LEFT,63.289798736572266,0.1880128466679926,43.944397,2,9.0,0.55,18.0,7.6111173e-06,0.10446064,0.0,1,False,7.611117325723171e-06,0.10446064174175262,0.0,1,0,5.29269,11.991,23.848,184.691,101.169,82.576,75.223,69.796,66.3814,63.2898,60.4777,57.9092,54.6659,51.3861,46.2122,38.5343,30.171,22.5941,11.6157
2026-08-04T12:43:16+0200,154,0,2.138,3607.84,9.39282,24.931900024414062,0.00044962699757888913,0.17778000235557556,5235.99,1,99.9853,0.0,0.366752,-0.0240658,0.0,HAIRPIN_LEFT,63.137699127197266,0.18809751248099482,43.934345,2,9.0,0.55,18.0,-0.00024452916,0.10392954,0.0,1,False,-0.0002445291611365974,0.1039295420050621,0.0,1,0,5.29187,12.0169,24.0956,184.254,100.926,82.3775,75.0421,69.6283,66.2219,63.1377,60.3324,57.77,54.5346,51.2625,46.1011,38.4417,30.1041,22.5558,11.6105
2026-08-04T12:43:16+0200,155,0,2.16,3607.99,9.54541,25.016000747680664,0.00026042599347420037,0.19329699873924255,5235.99,1,99.9853,0.0,0.367366,-0.0240663,0.0,HAIRPIN_LEFT,62.98529815673828,0.18818404618682028,43.924248,2,9.0,0.55,18.0,-0.00048893574,0.10336326,0.0,1,False,-0.000488935736939311,0.10336326062679291,0.0,1,0,5.2912,12.0434,24.3578,183.808,100.682,82.1785,74.8608,69.46,66.0618,62.9853,60.1867,57.6305,54.4026,51.1386,45.9898,38.3489,30.0372,22.5174,11.6052
2026-08-04T12:43:16+0200,156,0,2.182,3608.15,9.69873,25.09939956665039,0.00021924599423073232,0.20395499467849731,5235.99,1,99.9853,0.0,0.367981,-0.0240663,0.0,HAIRPIN_LEFT,62.83209991455078,0.18827753802305236,43.914074,2,9.0,0.55,18.0,-0.00072794524,0.1028,0.0,1,False,-0.000727945240214467,0.10279999673366547,0.0,1,0,5.29077,12.0709,24.6373,183.362,100.438,81.9787,74.6791,69.2913,65.9012,62.8321,60.0404,57.4905,54.2705,51.0144,45.878,38.2557,29.9699,22.4785,11.5997
2026-08-04T12:43:16+0200,157,0,2.204,3608.3,9.85229,25.1830997467041,-0.0025053799618035555,0.2086459994316101,5235.99,1,99.9853,0.0,0.368597,-0.0240534,0.0,HAIRPIN_LEFT,62.67399978637695,0.18836065508490726,43.90381,2,9.0,0.55,18.0,-0.0009506453,0.10223279,0.0,1,False,-0.000950645306147635,0.10223279148340225,0.0,1,0,5.29067,12.0999,24.9412,182.876,100.181,81.7706,74.4902,69.1163,65.7352,62.674,59.8896,57.3463,54.1346,50.8867,45.7635,38.1604,29.9011,22.4387,11.5938
2026-08-04T12:43:16+0200,158,0,2.226,-0.00450733,9.99463,25.266300201416016,-0.0032827500253915787,0.2082500010728836,5235.99,1,99.9853,0.0,0.368512,-0.0240708,0.0,HAIRPIN_LEFT,62.506900787353516,0.1884699261440193,43.894768,2,9.0,0.55,18.0,-0.0011017736,0.101682365,0.0,1,False,-0.0011017735814675689,0.10168236494064331,0.0,1,0,5.29633,12.1417,25.299,182.366,99.9099,81.551,74.2906,68.932,65.5598,62.5069,59.73,57.1936,53.9907,50.7518,45.6423,38.0598,29.8266,22.3925,11.5828
2026-08-04T12:43:16+0200,159,0,2.248,0.152388,9.99463,25.349599838256836,-0.003502940060570836,0.20460699498653412,5235.99,1,99.9853,0.0,0.369115,-0.0230335,0.0,HAIRPIN_LEFT,62.34669876098633,0.18868780660073559,43.883224,2,9.0,0.55,18.0,-0.00023851031,0.10111491,0.0,1,False,-0.00023851031437516212,0.1011149063706398,0.0,1,0,5.29671,12.1727,25.6536,181.866,99.6483,81.3396,74.0988,68.7543,65.3914,62.3467,59.577,57.0474,53.8528,50.6225,45.5263,37.9636,29.7568,22.3519,11.5764
2026-08-04T12:43:16+0200,160,0,2.27,0.309815,10.1521,25.432300567626953,-0.000861639971844852,0.19960500299930573,5235.99,1,99.9853,0.0,0.369698,-0.0220058,0.0,HAIRPIN_LEFT,62.19020080566406,0.18893255694597022,43.87162,2,9.0,0.55,18.0,0.0012770852,0.100619934,0.0,1,False,0.0012770851608365774,0.10061993449926376,0.0,1,0,5.29724,12.2042,26.033,181.404,99.3973,81.1353,73.9127,68.5819,65.2273,62.1902,59.4277,56.9043,53.718,50.4957,45.4124,37.8686,29.6879,22.3116,11.5701
2026-08-04T12:43:16+0200,161,0,2.292,0.467736,10.31,25.515100479125977,0.0026237498968839645,0.19494299590587616,5235.99,1,99.9853,0.0,0.370257,-0.0209916,0.0,HAIRPIN_LEFT,62.03900146484375,0.18920883534654667,43.85996,2,9.0,0.55,18.0,0.0032062891,0.09999555,0.0,1,False,0.003206289140507579,0.09999555349349976,0.0,1,0,5.29789,12.2357,26.4407,180.988,99.16,80.9397,73.734,68.4156,65.069,62.039,59.283,56.7657,53.5868,50.3722,45.3011,37.7754,29.6197,22.2717,11.5636
2026-08-04T12:43:16+0200,162,0,2.314,0.626207,10.4684,25.597299575805664,0.009078940376639366,0.1920589953660965,5235.99,1,99.9853,0.0,0.370796,-0.0200038,0.0,HAIRPIN_LEFT,61.89720153808594,0.1895341157166741,43.848236,2,9.0,0.55,18.0,0.0053804726,0.099312775,0.0,1,False,0.005380472633987665,0.09931277483701706,0.0,1,0,5.29858,12.2668,26.8743,180.656,98.9473,80.7606,73.5688,68.2608,64.921,61.8972,59.147,56.6346,53.4626,50.2548,45.1946,37.6855,29.5534,22.233,11.5573
2026-08-04T12:43:16+0200,163,0,2.336,0.785173,10.6274,25.678600311279297,0.016432899981737137,0.19112400710582733,5235.99,1,99.9853,0.0,0.371323,-0.0190466,0.0,HAIRPIN_LEFT,61.76649856567383,0.1899135768516352,43.83644,2,9.0,0.55,18.0,0.007684773,0.09861945,0.0,1,False,0.007684772834181786,0.09861945360898972,0.0,1,0,5.29922,12.2971,27.3376,180.42,98.7636,80.6004,73.4194,68.1196,64.7851,61.7665,59.021,56.5131,53.3466,50.1447,45.094,37.5996,29.4898,22.1957,11.5513
2026-08-04T12:43:16+0200,164,0,2.358,0.94467,10.7869,25.760099411010742,0.026793599128723145,0.1916469931602478,5235.99,1,99.9853,0.0,0.371829,-0.0181332,0.0,HAIRPIN_LEFT,61.65079879760742,0.19036672476624847,43.824528,2,9.0,0.55,18.0,0.010032469,0.09791477,0.0,1,False,0.010032469406723976,0.09791477024555206,0.0,1,0,5.2998,12.3262,27.8295,180.318,98.6187,80.4663,73.2913,67.9968,64.6661,61.6508,58.9087,56.4039,53.2418,50.0443,45.0011,37.519,29.4291,22.1602,11.5456
2026-08-04T12:43:16+0200,165,0,2.38,1.10462,10.9469,25.840999603271484,0.035336099565029144,0.19308799505233765,5235.99,1,99.9853,0.0,0.37233,-0.0172549,0.0,HAIRPIN_LEFT,61.547698974609375,0.1908843458643398,43.812473,2,9.0,0.55,18.0,0.012373833,0.09721328,0.0,1,False,0.012373832985758781,0.09721328318119049,0.0,1,0,5.30022,12.354,28.3628,180.324,98.5065,80.3539,73.1811,67.8894,64.5608,61.5477,58.8077,56.3053,53.1459,49.9521,44.9148,37.443,29.3714,22.1265,11.5402
2026-08-04T12:43:16+0200,166,0,2.402,1.26513,11.1074,25.92099952697754,0.043355200439691544,0.19497999548912048,5235.99,1,99.9853,0.0,0.372813,-0.0164074,0.0,HAIRPIN_LEFT,61.455501556396484,0.1914664945080165,43.800262,2,9.0,0.55,18.0,0.014682546,0.09651838,0.0,1,False,0.014682546257972717,0.0965183824300766,0.0,1,0,5.30067,12.3811,28.9568,180.429,98.4232,80.26,73.0865,67.7955,64.4677,61.4555,58.7166,56.2159,53.0586,49.8668,44.8344,37.3708,29.3158,22.094,11.5351
2026-08-04T12:43:16+0200,167,0,2.424,1.42611,11.2684,25.973400115966797,0.05003239959478378,0.016642600297927856,5235.99,1,99.9853,0.0,0.373286,-0.0156093,0.0,HAIRPIN_LEFT,61.380401611328125,0.19214060545337133,43.78862,2,9.0,0.55,18.0,0.016921803,0.095982604,0.0,1,False,0.01692180335521698,0.09598260372877121,0.0,1,0,5.30093,12.4064,29.6233,180.687,98.3838,80.1955,73.0162,67.7221,64.393,61.3804,58.6412,56.1402,52.9837,49.7931,44.7627,37.3046,29.2639,22.0638,11.5304
2026-08-04T12:43:16+0200,168,0,2.446,1.58759,11.4298,26.083799362182617,0.061309099197387695,-0.03636449947953224,5235.99,1,99.9853,0.0,0.373749,-0.0148899,0.0,HAIRPIN_LEFT,61.332298278808594,0.19294142412627993,43.775036,2,9.0,0.55,18.0,0.01903831,0.09511964,0.0,1,False,0.019038310274481773,0.09511964023113251,0.0,1,0,5.30085,12.4285,30.3429,181.185,98.4151,80.1774,72.9841,67.6816,64.3482,61.3323,58.5905,56.0875,52.9285,49.7366,44.705,37.2481,29.2179,22.0372,11.5265
2026-08-04T12:43:16+0200,169,0,2.468,1.74959,11.5918,26.16080093383789,0.07020670175552368,-0.02177250012755394,5235.99,1,99.9853,0.0,0.374201,-0.0141526,0.0,HAIRPIN_LEFT,61.27899932861328,0.19373614288893815,43.762344,2,9.0,0.55,18.0,0.021094406,0.09445631,0.0,1,False,0.02109440602362156,0.09445630759000778,0.0,1,0,5.30096,12.4518,31.0965,181.646,98.4337,80.151,72.9452,67.6354,64.298,61.279,58.5348,56.0304,52.8699,49.6767,44.6448,37.1897,29.1705,22.0096,11.5223
2026-08-04T12:43:16+0200,170,0,2.49,1.91206,11.7543,26.23710060119629,0.07823619991540909,0.015236199833452702,5235.99,1,99.9853,0.0,0.374647,-0.0134662,0.0,HAIRPIN_LEFT,61.243499755859375,0.19457401085767423,43.749912,2,9.0,0.55,18.0,0.023060983,0.09380551,0.0,1,False,0.023060983046889305,0.09380550682544708,0.0,1,0,5.30085,12.473,31.7633,182.253,98.4992,80.1555,72.9318,67.6107,64.2674,61.2435,58.4957,55.988,52.8243,49.6285,44.5938,37.1377,29.127,21.9844,11.5186
2026-08-04T12:43:16+0200,171,0,2.512,2.07504,11.9173,26.31290054321289,0.08624940365552902,0.058713801205158234,5235.99,1,99.9853,0.0,0.375084,-0.0128189,0.0,HAIRPIN_LEFT,61.22200012207031,0.19541825827474085,43.737934,2,9.0,0.55,18.0,0.024931338,0.09316864,0.0,1,False,0.02493133768439293,0.09316863864660263,0.0,1,0,5.30062,12.4928,32.3585,182.891,98.6026,80.1842,72.9381,67.6032,64.2522,61.222,58.469,55.9572,52.7891,49.5893,44.55,37.0906,29.0863,21.9609,11.5152
2026-08-04T12:43:17+0200,172,0,2.534,2.23846,12.0807,26.387699127197266,0.09432409703731537,0.09359090030193329,5235.99,1,99.9853,0.0,0.375509,-0.0121985,0.0,HAIRPIN_LEFT,61.21039962768555,0.1962539724758473,43.72642,2,9.0,0.55,18.0,0.026713746,0.09254868,0.0,1,False,0.026713745668530464,0.0925486832857132,0.0,1,0,5.30034,12.5117,32.8981,183.518,98.732,80.2305,72.9587,67.6076,64.2478,61.2104,58.4517,55.9347,52.7609,49.5564,44.5113,37.0469,29.0474,21.9385,11.5121
2026-08-04T12:43:17+0200,173,0,2.556,2.40237,12.2446,26.462499618530273,0.10228999704122543,0.11020900309085846,5235.99,1,99.9853,0.0,0.375933,-0.0116157,0.0,HAIRPIN_LEFT,61.212799072265625,0.1970918276391181,43.71536,2,9.0,0.55,18.0,0.028401416,0.09193966,0.0,1,False,0.028401415795087814,0.09193965792655945,0.0,1,0,5.29986,12.529,33.3673,184.16,98.8995,80.3012,72.9995,67.6295,64.2588,61.2128,58.4467,55.9238,52.7431,49.5326,44.48,37.0083,29.0115,21.9179,11.5094
2026-08-04T12:43:17+0200,174,0,2.578,2.56674,12.409,26.536800384521484,0.10746099799871445,0.11418899893760681,5235.99,1,99.9853,0.0,0.376345,-0.0110569,0.0,HAIRPIN_LEFT,61.22420120239258,0.19792181826290367,43.704704,2,9.0,0.55,18.0,0.030005002,0.09134667,0.0,1,False,0.03000500239431858,0.09134667366743088,0.0,1,0,5.29937,12.5455,33.7869,184.787,99.092,80.3878,73.0533,67.6623,64.28,61.2242,58.45,55.9203,52.7319,49.5147,44.453,36.9728,28.9772,21.8982,11.5068
2026-08-04T12:43:17+0200,175,0,2.6,2.73155,12.5738,26.61009979248047,0.11455799639225006,0.11140800267457962,5235.99,1,99.9853,0.0,0.37675,-0.0105313,0.0,HAIRPIN_LEFT,61.24810028076172,0.19875359061824183,43.6945,2,9.0,0.55,18.0,0.031521562,0.090767525,0.0,1,False,0.03152156248688698,0.0907675251364708,0.0,1,0,5.29876,12.5608,34.1465,185.42,99.3187,80.4964,73.125,67.7107,64.3149,61.2481,58.4644,55.9269,52.7298,49.5045,44.4326,36.9414,28.9453,21.88,11.5045
2026-08-04T12:43:17+0200,176,0,2.622,2.8968,12.739,26.683500289916992,0.12224800139665604,0.10609199851751328,5235.99,1,99.9853,0.0,0.377149,-0.0100439,0.0,HAIRPIN_LEFT,61.28609848022461,0.19958861257957344,43.684746,2,9.0,0.55,18.0,0.032940406,0.09019769,0.0,1,False,0.03294040635228157,0.09019768983125687,0.0,1,0,5.29795,12.5745,34.4419,186.065,99.5852,80.6304,73.218,67.7765,64.3656,61.2861,58.4919,55.9457,52.7382,49.5036,44.4193,36.915,28.9161,21.8635,11.5026
2026-08-04T12:43:17+0200,177,0,2.644,3.06256,12.9048,26.75589942932129,0.12740600109100342,0.10035300254821777,5235.99,1,99.9853,0.0,0.377543,-0.00958041,0.0,HAIRPIN_LEFT,61.33369827270508,0.2004209227902058,43.675377,2,9.0,0.55,18.0,0.03426048,0.08964584,0.0,1,False,0.03426048159599304,0.08964584022760391,0.0,1,0,5.29711,12.5871,34.6911,186.699,99.8798,80.782,73.3246,67.8543,64.4273,61.3337,58.5282,55.9721,52.7535,49.5087,44.4111,36.892,28.8888,21.8479,11.5009
2026-08-04T12:43:17+0200,178,0,2.666,3.22875,13.071,26.82819938659668,0.13183699548244476,0.09520979970693588,5235.99,1,99.9853,0.0,0.37793,-0.00913595,0.0,HAIRPIN_LEFT,61.38949966430664,0.20124854746687687,43.666336,2,9.0,0.55,18.0,0.035498306,0.089104965,0.0,1,False,0.03549830615520477,0.08910496532917023,0.0,1,0,5.29619,12.5992,34.9036,187.317,100.197,80.9483,73.4432,67.9423,64.4976,61.3895,58.5718,56.0052,52.7746,49.519,44.4067,36.8717,28.8625,21.8333,11.4994
2026-08-04T12:43:17+0200,179,0,2.688,3.39535,13.2376,26.899599075317383,0.13607099652290344,0.09111230075359344,5235.99,1,99.9853,0.0,0.378311,-0.00871067,0.0,HAIRPIN_LEFT,61.4536018371582,0.2020748775665858,43.65762,2,9.0,0.55,18.0,0.036664493,0.08857769,0.0,1,False,0.03666449338197708,0.08857768774032593,0.0,1,0,5.29526,12.6105,35.0797,187.922,100.54,81.1298,73.5741,68.0406,64.577,61.4536,58.6226,56.0452,52.8015,49.5345,44.4064,36.854,28.8378,21.8194,11.498
2026-08-04T12:43:17+0200,180,0,2.71,3.56247,13.4047,26.970800399780273,0.14299799501895905,0.08803609758615494,5235.99,1,99.9853,0.0,0.378688,-0.00831836,0.0,HAIRPIN_LEFT,61.53099822998047,0.20290784423933714,43.6493,2,9.0,0.55,18.0,0.037751712,0.08805755,0.0,1,False,0.037751711905002594,0.08805754780769348,0.0,1,0,5.29415,12.6203,35.2062,188.535,100.921,81.335,73.7246,68.1552,64.6713,61.531,58.6857,56.0958,52.8382,49.5583,44.4127,36.8408,28.8154,21.8069,11.4969
2026-08-04T12:43:17+0200,181,0,2.732,3.73,13.5722,27.041000366210938,0.14802800118923187,0.08630180358886719,5235.99,1,99.9853,0.0,0.379059,-0.00795134,0.0,HAIRPIN_LEFT,61.61859893798828,0.2037462223997572,43.641304,2,9.0,0.55,18.0,0.038763326,0.087552704,0.0,1,False,0.03876332566142082,0.08755270391702652,0.0,1,0,5.29295,12.6291,35.2956,189.144,101.334,81.5603,73.8904,68.2829,64.7776,61.6186,58.758,56.1551,52.8824,49.5886,44.4244,36.8311,28.7947,21.7955,11.496
2026-08-04T12:43:17+0200,182,0,2.754,3.89794,13.7402,27.110599517822266,0.15314699709415436,0.11802399903535843,5235.99,1,99.9853,0.0,0.379425,-0.0076076,0.0,HAIRPIN_LEFT,61.716800689697266,0.20458662872951072,43.633667,2,9.0,0.55,18.0,0.03970331,0.087059185,0.0,1,False,0.039703309535980225,0.08705918490886688,0.0,1,0,5.29169,12.637,35.3491,189.748,101.777,81.8043,74.0719,68.4236,64.8948,61.7168,58.8397,56.223,52.9341,49.6254,44.4409,36.8249,28.7758,21.7851,11.4954
2026-08-04T12:43:17+0200,183,0,2.776,4.06632,13.9086,27.179000854492188,0.15754200518131256,0.14701099693775177,5235.99,1,99.9853,0.0,0.379789,-0.00728416,0.0,HAIRPIN_LEFT,61.82419967651367,0.20543393678657376,43.626305,2,9.0,0.55,18.0,0.040576976,0.08657987,0.0,1,False,0.04057697579264641,0.08657986670732498,0.0,1,0,5.29031,12.6439,35.3746,190.344,102.25,82.066,74.2673,68.5762,65.0229,61.8242,58.9297,56.2982,52.9921,49.668,44.4622,36.8216,28.7583,21.7756,11.4949
2026-08-04T12:43:17+0200,184,0,2.798,4.23517,14.0774,27.24720001220703,0.1616699993610382,0.1688780039548874,5235.99,1,99.9853,0.0,0.38015,-0.006979,0.0,HAIRPIN_LEFT,61.94060134887695,0.20628599451529114,43.619205,2,9.0,0.55,18.0,0.041389715,0.08610858,0.0,1,False,0.04138971492648125,0.08610858023166656,0.0,1,0,5.28886,12.6501,35.3743,190.933,102.752,82.3449,74.4764,68.7399,65.161,61.9406,59.0278,56.3809,53.0569,49.716,44.4875,36.8212,28.742,21.7669,11.4947
2026-08-04T12:43:17+0200,185,0,2.82,4.40443,14.2467,27.314300537109375,0.16294999420642853,0.18340499699115753,5235.99,1,99.9853,0.0,0.380503,-0.00667793,0.0,HAIRPIN_LEFT,62.06100082397461,0.20713763771781185,43.61228,2,9.0,0.55,18.0,0.042160098,0.085651256,0.0,1,False,0.042160097509622574,0.08565125614404678,0.0,1,0,5.28744,12.6562,35.3654,191.498,103.269,82.632,74.6919,68.9088,65.3033,62.061,59.1294,56.4665,53.124,49.7662,44.5147,36.8219,28.726,21.7582,11.4944
2026-08-04T12:43:17+0200,186,0,2.842,4.57408,14.4163,27.381200790405273,0.16614800691604614,0.18915799260139465,5235.99,1,99.9853,0.0,0.380852,-0.00639021,0.0,HAIRPIN_LEFT,62.18830108642578,0.20799393025557705,43.605556,2,9.0,0.55,18.0,0.0428902,0.08519795,0.0,1,False,0.04289019852876663,0.08519794791936874,0.0,1,0,5.28604,12.6619,35.3399,192.053,103.81,82.9332,74.9183,69.0869,65.4538,62.1883,59.2375,56.558,53.196,49.821,44.5452,36.8248,28.7109,21.7501,11.4942
2026-08-04T12:43:17+0200,187,0,2.864,4.74414,14.5864,27.44700050354004,0.16992999613285065,0.186941996216774,5235.99,1,99.9853,0.0,0.381198,-0.0061213,0.0,HAIRPIN_LEFT,62.32529830932617,0.2088604940283283,43.59909,2,9.0,0.55,18.0,0.04357595,0.08475493,0.0,1,False,0.0435759499669075,0.08475492894649506,0.0,1,0,5.28451,12.6667,35.2918,192.604,104.383,83.2533,75.1594,69.2772,65.6152,62.3253,59.354,56.6572,53.2751,49.8814,44.5803,36.8307,28.697,21.7429,11.4942
2026-08-04T12:43:17+0200,188,0,2.886,4.9146,14.7568,27.512500762939453,0.17394700646400452,0.17976100742816925,5235.99,1,99.9853,0.0,0.381541,-0.00587184,0.0,HAIRPIN_LEFT,62.472198486328125,0.20973818966921454,43.592857,2,9.0,0.55,18.0,0.044213887,0.08431827,0.0,1,False,0.04421388730406761,0.08431827276945114,0.0,1,0,5.28289,12.6708,35.2233,193.152,104.989,83.5922,75.4158,69.4799,65.7874,62.4722,59.4794,56.7642,53.3607,49.9476,44.6201,36.8397,28.6846,21.7365,11.4943
2026-08-04T12:43:17+0200,189,0,2.908,5.08549,14.9277,27.57699966430664,0.17537200450897217,0.17068299651145935,5235.99,1,99.9853,0.0,0.381879,-0.00562767,0.0,HAIRPIN_LEFT,62.6239013671875,0.21061981341735142,43.586777,2,9.0,0.55,18.0,0.04481637,0.08389358,0.0,1,False,0.04481637105345726,0.08389358222484589,0.0,1,0,5.28131,12.6745,35.148,193.684,105.614,83.9419,75.6801,69.6891,65.9655,62.6239,59.609,56.8752,53.4501,50.0169,44.6619,36.8498,28.6725,21.7303,11.4945
2026-08-04T12:43:17+0200,190,0,2.93,5.25679,15.099,27.641000747680664,0.17878100275993347,0.1625940054655075,5235.99,1,99.9853,0.0,0.382212,-0.00539785,0.0,HAIRPIN_LEFT,62.78390121459961,0.2115123541105377,43.580894,2,9.0,0.55,18.0,0.04538224,0.08347387,0.0,1,False,0.045382238924503326,0.08347386866807938,0.0,1,0,5.2797,12.6778,35.059,194.21,106.269,84.3082,75.957,69.9091,66.1525,62.7839,59.7459,56.9927,53.5448,50.0909,44.7076,36.8626,28.6616,21.7245,11.4948
2026-08-04T12:43:17+0200,191,0,2.952,5.42846,15.2707,27.703899383544922,0.18011699616909027,0.15768000483512878,5235.99,1,99.9853,0.0,0.382543,-0.0051742,0.0,HAIRPIN_LEFT,62.94969940185547,0.21241212282912544,43.57516,2,9.0,0.55,18.0,0.045918673,0.08306545,0.0,1,False,0.045918673276901245,0.0830654501914978,0.0,1,0,5.27808,12.6808,34.9632,194.723,106.946,84.6863,76.2435,70.1362,66.3464,62.9497,59.8879,57.1145,53.6433,50.1681,44.7555,36.8769,28.6518,21.719,11.4951
2026-08-04T12:43:17+0200,192,0,2.974,5.60053,15.4428,27.766399383544922,0.18355000019073486,0.15604299306869507,5235.99,1,99.9853,0.0,0.382871,-0.00496545,0.0,HAIRPIN_LEFT,63.12409973144531,0.21332461202433106,43.569607,2,9.0,0.55,18.0,0.04642157,0.08266083,0.0,1,False,0.04642156884074211,0.08266083151102066,0.0,1,0,5.27637,12.6832,34.8548,195.232,107.656,85.0828,76.5441,70.3751,66.5503,63.1241,60.0379,57.2434,53.7482,50.2505,44.8077,36.894,28.6435,21.7143,11.4956
2026-08-04T12:43:17+0200,193,0,2.996,5.773,15.6152,27.828699111938477,0.18486599624156952,0.15668299794197083,5235.99,1,99.9853,0.0,0.383197,-0.00476235,0.0,HAIRPIN_LEFT,63.304298400878906,0.21424538937764243,43.564167,2,9.0,0.55,18.0,0.046897363,0.08226227,0.0,1,False,0.04689736291766167,0.08226227015256882,0.0,1,0,5.27467,12.6853,34.7425,195.73,108.389,85.4921,76.854,70.6215,66.7604,63.3043,60.1928,57.3771,53.8566,50.3364,44.8624,36.9124,28.6361,21.7097,11.4961
2026-08-04T12:43:17+0200,194,0,3.018,5.94585,15.7881,27.889699935913086,0.18826599419116974,0.1587900072336197,5235.99,1,99.9853,0.0,0.383517,-0.00457412,0.0,HAIRPIN_LEFT,63.49359893798828,0.21518126083450634,43.55893,2,9.0,0.55,18.0,0.047341734,0.08187223,0.0,1,False,0.047341734170913696,0.08187223225831985,0.0,1,0,5.27293,12.6869,34.6181,196.224,109.157,85.9199,77.1785,70.8797,66.9812,63.4936,60.3559,57.5175,53.9715,50.4275,44.921,36.9334,28.6301,21.7057,11.4968
2026-08-04T12:43:17+0200,195,0,3.04,6.11908,15.9613,27.95050048828125,0.18953000009059906,0.16144999861717224,5235.99,1,99.9853,0.0,0.383835,-0.00439167,0.0,HAIRPIN_LEFT,63.6890983581543,0.21612729238436418,43.55381,2,9.0,0.55,18.0,0.047760244,0.08148807,0.0,1,False,0.0477602444589138,0.08148807287216187,0.0,1,0,5.27118,12.6883,34.4901,196.708,109.951,86.3611,77.5128,71.1457,67.2086,63.6891,60.5242,57.6629,54.0901,50.5218,44.9821,36.9561,28.6249,21.7018,11.4974
2026-08-04T12:43:17+0200,196,0,3.062,6.29266,16.1349,28.010000228881836,0.19288699328899384,0.16407200694084167,5235.99,1,99.9853,0.0,0.384153,-0.00422404,0.0,HAIRPIN_LEFT,63.89419937133789,0.21709133841259845,43.548866,2,9.0,0.55,18.0,0.048147406,0.08111213,0.0,1,False,0.04814740642905235,0.08111213147640228,0.0,1,0,5.26933,12.6889,34.3521,197.189,110.782,86.8228,77.863,71.4249,67.4472,63.8942,60.7008,57.8158,54.2155,50.6218,45.0475,36.9815,28.6215,21.6988,11.4983
2026-08-04T12:43:17+0200,197,0,3.084,6.46663,16.3089,28.06920051574707,0.19412200152873993,0.1661989986896515,5235.99,1,99.9853,0.0,0.384468,-0.00406201,0.0,HAIRPIN_LEFT,64.10540008544922,0.21806641558161316,43.54403,2,9.0,0.55,18.0,0.048509087,0.080742404,0.0,1,False,0.04850908741354942,0.08074240386486053,0.0,1,0,5.26749,12.6894,34.2103,197.662,111.641,87.2988,78.2237,71.7121,67.693,64.1054,60.8833,57.9737,54.3448,50.7254,45.1155,37.0087,28.6189,21.6958,11.4991
2026-08-04T12:43:17+0200,198,0,3.106,6.64097,16.4832,28.12820053100586,0.19746899604797363,0.16769899427890778,5235.99,1,99.9853,0.0,0.384778,-0.00391449,0.0,HAIRPIN_LEFT,64.32669830322266,0.2190599181909974,43.53936,2,9.0,0.55,18.0,0.048840392,0.08037497,0.0,1,False,0.048840392380952835,0.08037497103214264,0.0,1,0,5.26563,12.6891,34.0609,198.132,112.539,87.7959,78.6003,72.0123,67.9504,64.3267,61.0745,58.1393,54.481,50.8344,45.188,37.0386,28.618,21.6936,11.5001
2026-08-04T12:43:17+0200,199,0,3.128,6.8157,16.6579,28.186399459838867,0.19906699657440186,0.1872279942035675,5235.99,1,99.9853,0.0,0.385091,-0.00377166,0.0,HAIRPIN_LEFT,64.55419921875,0.22006749206327902,43.534767,2,9.0,0.55,18.0,0.049147084,0.08001573,0.0,1,False,0.04914708435535431,0.08001572638750076,0.0,1,0,5.26368,12.6886,33.9092,198.593,113.468,88.3079,78.9885,72.3211,68.2149,64.5542,61.2712,58.3099,54.6212,50.9472,45.263,37.0701,28.6179,21.6915,11.5011
2026-08-04T12:43:17+0200,200,0,3.15,6.99077,16.833,28.243499755859375,0.19989800453186035,0.22835199534893036,5235.99,1,99.9853,0.0,0.385396,-0.003628,0.0,HAIRPIN_LEFT,64.78589630126953,0.2210867313591402,43.53025,2,9.0,0.55,18.0,0.049439915,0.07966503,0.0,1,False,0.049439914524555206,0.07966502755880356,0.0,1,0,5.26184,12.6884,33.7616,199.042,114.42,88.8307,79.3836,72.6358,68.4841,64.7859,61.4711,58.4833,54.764,51.0618,45.3392,37.1023,28.6182,21.6892,11.5021
2026-08-04T12:43:17+0200,201,0,3.172,7.16619,17.0084,28.300600051879883,0.2002979964017868,0.2632780075073242,5235.99,1,99.9853,0.0,0.385704,-0.00348477,0.0,HAIRPIN_LEFT,65.02279663085938,0.22211610221289035,43.525787,2,9.0,0.55,18.0,0.04972297,0.07931607,0.0,1,False,0.04972296953201294,0.07931607216596603,0.0,1,0,5.25996,12.6881,33.6143,199.48,115.398,89.3657,79.7879,72.9573,68.7595,65.0228,61.6758,58.6606,54.9098,51.1791,45.4177,37.1357,28.6192,21.6871,11.5031
2026-08-04T12:43:17+0200,202,0,3.194,7.34195,17.1842,28.356800079345703,0.203233003616333,0.2810330092906952,5235.99,1,99.9853,0.0,0.386007,-0.00335737,0.0,HAIRPIN_LEFT,65.27069854736328,0.22317027501156955,43.521484,2,9.0,0.55,18.0,0.049984675,0.07897177,0.0,1,False,0.04998467490077019,0.07897177338600159,0.0,1,0,5.25802,12.687,33.4588,199.918,116.423,89.9256,80.2107,73.294,69.0473,65.2707,61.89,58.8466,55.0631,51.3026,45.5007,37.1722,28.6218,21.6855,11.5042
2026-08-04T12:43:17+0200,203,0,3.216,7.51809,17.3603,28.41320037841797,0.20419000089168549,0.28520700335502625,5235.99,1,99.9853,0.0,0.386309,-0.00323649,0.0,HAIRPIN_LEFT,65.52629852294922,0.224141093773622,43.518097,2,9.0,0.55,18.0,0.05022611,0.07863664,0.0,1,False,0.050226110965013504,0.07863663882017136,0.0,1,0,5.25607,12.6858,33.3007,200.0,117.486,90.5035,80.6469,73.641,69.3444,65.5263,62.1111,59.0386,55.2213,51.4304,45.5868,37.2106,28.6256,21.6842,11.5054
2026-08-04T12:43:17+0200,204,0,3.238,7.69459,17.5368,28.46969985961914,0.2046010047197342,0.2821890115737915,5235.99,1,99.9853,0.0,0.386607,-0.00311571,0.0,HAIRPIN_LEFT,65.78679656982422,0.22510781302323282,43.514877,2,9.0,0.55,18.0,0.050454814,0.07830401,0.0,1,False,0.05045481398701668,0.07830400764942169,0.0,1,0,5.25415,12.6846,33.1465,200.0,118.579,91.095,81.0926,73.9952,69.6474,65.7868,62.3365,59.2341,55.3826,51.5605,45.6748,37.25,28.63,21.683,11.5065
2026-08-04T12:43:17+0200,205,0,3.26,7.87142,17.7137,28.52549934387207,0.2048799991607666,0.2763440012931824,5235.99,1,99.9853,0.0,0.386902,-0.00299503,0.0,HAIRPIN_LEFT,66.05290222167969,0.22609195973303323,43.511696,2,9.0,0.55,18.0,0.050675713,0.07797628,0.0,1,False,0.050675712525844574,0.0779762789607048,0.0,1,0,5.25227,12.6835,32.9933,200.0,119.703,91.7005,81.548,74.3567,69.9567,66.0529,62.5665,59.4339,55.5471,51.6934,45.7646,37.2904,28.6348,21.6817,11.5077
2026-08-04T12:43:17+0200,206,0,3.282,8.04861,17.8909,28.581100463867188,0.2079170048236847,0.2700890004634857,5235.99,1,99.9853,0.0,0.387197,-0.00288874,0.0,HAIRPIN_LEFT,66.33080291748047,0.2271037822783905,43.508636,2,9.0,0.55,18.0,0.050877206,0.07764888,0.0,1,False,0.05087720602750778,0.07764887809753418,0.0,1,0,5.25028,12.6816,32.8327,200.0,120.879,92.3324,82.0234,74.7342,70.2796,66.3308,62.8066,59.6425,55.7196,51.8328,45.8594,37.3342,28.6414,21.681,11.5089
2026-08-04T12:43:17+0200,207,0,3.304,8.22614,18.0684,28.636699676513672,0.20908500254154205,0.26482298970222473,5235.99,1,99.9853,0.0,0.387492,-0.00278831,0.0,HAIRPIN_LEFT,66.6167984008789,0.22814096472884024,43.505585,2,9.0,0.55,18.0,0.051060256,0.077324264,0.0,1,False,0.051060255616903305,0.0773242637515068,0.0,1,0,5.24826,12.6796,32.6721,200.0,122.1,92.9847,82.5136,75.1231,70.6121,66.6168,63.054,59.8573,55.8972,51.9766,45.9574,37.3796,28.6491,21.6805,11.5103
2026-08-04T12:43:17+0200,208,0,3.326,8.40402,18.2463,28.6914005279541,0.20966899394989014,0.26098498702049255,5235.99,1,99.9853,0.0,0.387782,-0.00268803,0.0,HAIRPIN_LEFT,66.90869903564453,0.22919882493359198,43.502563,2,9.0,0.55,18.0,0.051232032,0.07700613,0.0,1,False,0.05123203247785568,0.07700613141059875,0.0,1,0,5.2463,12.6776,32.5137,200.0,123.356,93.653,83.0143,75.5203,70.9513,66.9087,63.3063,60.0765,56.0781,52.1231,46.0573,37.4263,28.6574,21.68,11.5115
2026-08-04T12:43:17+0200,209,0,3.348,8.58222,18.4245,28.746000289916992,0.21007199585437775,0.2585969865322113,5235.99,1,99.9853,0.0,0.388072,-0.00258778,0.0,HAIRPIN_LEFT,67.20649719238281,0.23027916558905812,43.499516,2,9.0,0.55,18.0,0.05139652,0.076689176,0.0,1,False,0.05139651894569397,0.07668917626142502,0.0,1,0,5.24433,12.6756,32.3572,200.0,124.651,94.3377,83.527,75.9258,71.298,67.2065,63.5637,60.3,56.2629,52.2726,46.1593,37.4741,28.6664,21.6795,11.5129
2026-08-04T12:43:17+0200,210,0,3.37,8.76077,18.603,28.800399780273438,0.21042099595069885,0.2576729953289032,5235.99,1,99.9853,0.0,0.388357,-0.00248734,0.0,HAIRPIN_LEFT,67.51029968261719,0.23138116668473535,43.496468,2,9.0,0.55,18.0,0.051557187,0.076373816,0.0,1,False,0.051557186990976334,0.07637381553649902,0.0,1,0,5.24242,12.6736,32.2027,200.0,125.983,95.039,84.051,76.3405,71.6517,67.5103,63.8264,60.528,56.4511,52.425,46.2633,37.5233,28.6759,21.6789,11.5141
2026-08-04T12:43:17+0200,211,0,3.392,8.93967,18.7819,28.854000091552734,0.21352800726890564,0.25804999470710754,5235.99,1,99.9853,0.0,0.388646,-0.00240187,0.0,HAIRPIN_LEFT,67.82779693603516,0.23251693999635034,43.493546,2,9.0,0.55,18.0,0.051700056,0.07606175,0.0,1,False,0.051700055599212646,0.07606174796819687,0.0,1,0,5.24035,12.6709,32.0419,200.0,127.383,95.7716,84.598,76.7729,72.0209,67.8278,64.1006,60.7661,56.648,52.5847,46.373,37.5758,28.6874,21.6789,11.5156
2026-08-04T12:43:17+0200,212,0,3.414,9.11889,18.9611,28.90730094909668,0.2147970050573349,0.26225200295448303,5235.99,1,99.9853,0.0,0.388931,-0.00232301,0.0,HAIRPIN_LEFT,68.15440368652344,0.23368236354375901,43.490646,2,9.0,0.55,18.0,0.05182534,0.075753905,0.0,1,False,0.05182534083724022,0.07575390487909317,0.0,1,0,5.23831,12.6681,31.8803,200.0,128.837,96.5292,85.1625,77.2187,72.4012,68.1544,64.3832,61.0114,56.8508,52.7493,46.4861,37.6303,28.7001,21.6793,11.5171
2026-08-04T12:43:17+0200,213,0,3.436,9.29844,19.1407,28.9601993560791,0.21596600115299225,0.2904689908027649,5235.99,1,99.9853,0.0,0.389219,-0.00224773,0.0,HAIRPIN_LEFT,68.49019622802734,0.23487565292954676,43.48777,2,9.0,0.55,18.0,0.05193535,0.075449444,0.0,1,False,0.0519353486597538,0.07544944435358047,0.0,1,0,5.23625,12.6649,31.7185,200.0,130.343,97.3094,85.7431,77.6768,72.7919,68.4902,64.6729,61.2633,57.059,52.9183,46.6023,37.6868,28.7136,21.6799,11.5186
2026-08-04T12:43:17+0200,214,0,3.458,9.47832,19.3206,29.012100219726562,0.21639400720596313,0.3143959939479828,5235.99,1,99.9853,0.0,0.389501,-0.00217278,0.0,HAIRPIN_LEFT,68.83280181884766,0.23609799972344153,43.484875,2,9.0,0.55,18.0,0.052036095,0.075151466,0.0,1,False,0.0520360954105854,0.0751514658331871,0.0,1,0,5.23421,12.6617,31.5594,200.0,131.9,98.1106,86.3379,78.1454,73.1913,68.8328,64.9688,61.5201,57.2712,53.0907,46.7209,37.7447,28.728,21.6805,11.5201
2026-08-04T12:43:17+0200,215,0,3.48,9.6585,19.5007,29.06369972229004,0.21656599640846252,0.3318310081958771,5235.99,1,99.9853,0.0,0.389786,-0.00209674,0.0,HAIRPIN_LEFT,69.18240356445312,0.237344716953373,43.481964,2,9.0,0.55,18.0,0.052131634,0.0748557,0.0,1,False,0.05213163420557976,0.07485570013523102,0.0,1,0,5.23213,12.6587,31.4019,200.0,133.506,98.9315,86.9459,78.6238,73.5986,69.1824,65.2707,61.7819,57.4876,53.2662,46.8418,37.8037,28.743,21.6809,11.5216
2026-08-04T12:43:17+0200,216,0,3.502,9.83903,19.6813,29.11520004272461,0.2166530042886734,0.34265899658203125,5235.99,1,99.9853,0.0,0.390063,-0.00201927,0.0,HAIRPIN_LEFT,69.53849792480469,0.23862062884103782,43.478996,2,9.0,0.55,18.0,0.052226312,0.07456045,0.0,1,False,0.05222631245851517,0.07456044852733612,0.0,1,0,5.23017,12.6558,31.2483,200.0,135.163,99.7726,87.5676,79.1124,74.0142,69.5385,65.5778,62.0485,57.7078,53.4447,46.9647,37.8639,28.7586,21.6813,11.523
2026-08-04T12:43:17+0200,217,0,3.524,10.0199,19.8621,29.166500091552734,0.21669700741767883,0.3459469974040985,5235.99,1,99.9853,0.0,0.390343,-0.00194066,0.0,HAIRPIN_LEFT,69.90180206298828,0.23992463222504307,43.47598,2,9.0,0.55,18.0,0.052321263,0.074266,0.0,1,False,0.052321262657642365,0.07426600158214569,0.0,1,0,5.22816,12.653,31.096,200.0,136.875,100.635,88.2037,79.6113,74.4384,69.9018,65.891,62.3201,57.932,53.6266,47.0899,37.9254,28.7748,21.6816,11.5245
2026-08-04T12:43:18+0200,218,0,3.546,10.201,20.0433,29.216899871826172,0.2167530059814453,0.34308499097824097,5235.99,1,99.9853,0.0,0.390617,-0.00186125,0.0,HAIRPIN_LEFT,70.27239990234375,0.24125887249106798,43.47294,2,9.0,0.55,18.0,0.052418172,0.07397614,0.0,1,False,0.05241817235946655,0.07397613674402237,0.0,1,0,5.22622,12.6503,30.9465,200.0,138.644,101.52,88.8547,80.1209,74.8713,70.2724,66.2103,62.5968,58.1604,53.8117,47.2174,37.9882,28.7917,21.6818,11.5259
2026-08-04T12:43:18+0200,219,0,3.568,10.3825,20.2248,29.267000198364258,0.2168699949979782,0.33661800622940063,5235.99,1,99.9853,0.0,0.390892,-0.00178121,0.0,HAIRPIN_LEFT,70.65080261230469,0.24262304301053025,43.469856,2,9.0,0.55,18.0,0.052516967,0.07368744,0.0,1,False,0.05251696705818176,0.07368744164705276,0.0,1,0,5.22428,12.6476,30.799,200.0,140.473,102.428,89.521,80.6424,75.3136,70.6508,66.5363,62.8791,58.3932,54.0004,47.3474,38.0523,28.8092,21.682,11.5273
2026-08-04T12:43:18+0200,220,0,3.59,10.5643,20.4066,29.3169002532959,0.2198439985513687,0.329120010137558,5235.99,1,99.9853,0.0,0.391164,-0.00171585,0.0,HAIRPIN_LEFT,71.0448989868164,0.24403420677301405,43.46683,2,9.0,0.55,18.0,0.052602723,0.07339806,0.0,1,False,0.052602723240852356,0.07339806109666824,0.0,1,0,5.22224,12.6443,30.6463,200.0,142.398,103.377,90.2163,81.1856,75.7746,71.0449,66.8757,63.1731,58.6359,54.1973,47.4833,38.1201,28.8287,21.6827,11.5288
2026-08-04T12:43:18+0200,221,0,3.612,10.7464,20.5887,29.365800857543945,0.2210260033607483,0.3228900134563446,5235.99,1,99.9853,0.0,0.391439,-0.00165751,0.0,HAIRPIN_LEFT,71.45120239257812,0.24548512255671437,43.46383,2,9.0,0.55,18.0,0.05267281,0.07311615,0.0,1,False,0.05267281085252762,0.07311615347862244,0.0,1,0,5.22018,12.6406,30.4922,200.0,144.406,104.36,90.9349,81.7463,76.2501,71.4512,67.2254,63.4764,58.886,54.4003,47.6234,38.1904,28.8496,21.6838,11.5304
2026-08-04T12:43:18+0200,222,0,3.634,10.9288,20.7711,29.4143009185791,0.22165800631046295,0.3195739984512329,5235.99,1,99.9853,0.0,0.391711,-0.00159992,0.0,HAIRPIN_LEFT,71.86689758300781,0.24697415842487822,43.46077,2,9.0,0.55,18.0,0.05273246,0.07283716,0.0,1,False,0.05273246020078659,0.07283715903759003,0.0,1,0,5.21813,12.6369,30.34,200.0,146.491,105.372,91.6724,82.321,76.7365,71.8669,67.583,63.7859,59.1414,54.6073,47.7667,38.2622,28.8714,21.685,11.532
2026-08-04T12:43:18+0200,223,0,3.656,11.1115,20.9538,29.462499618530273,0.22209900617599487,0.31885001063346863,5235.99,1,99.9853,0.0,0.391983,-0.00154275,0.0,HAIRPIN_LEFT,72.29199981689453,0.2485001795170669,43.45765,2,9.0,0.55,18.0,0.052784998,0.072560005,0.0,1,False,0.0527849979698658,0.07256000488996506,0.0,1,0,5.21608,12.6332,30.1884,200.0,148.656,106.413,92.4296,82.9098,77.2348,72.292,67.9487,64.1022,59.4023,54.8189,47.9129,38.3359,28.894,21.6862,11.5336
2026-08-04T12:43:18+0200,224,0,3.678,11.2945,21.1368,29.51059913635254,0.2224549949169159,0.3199610114097595,5235.99,1,99.9853,0.0,0.392253,-0.0014857,0.0,HAIRPIN_LEFT,72.72679901123047,0.25006543839550754,43.45446,2,9.0,0.55,18.0,0.052833103,0.07228332,0.0,1,False,0.05283310264348984,0.0722833201289177,0.0,1,0,5.21408,12.6296,30.0388,200.0,150.904,107.484,93.2065,83.5129,77.7445,72.7268,68.322,64.4254,59.6685,55.0347,48.062,38.4112,28.9174,21.6872,11.5352
2026-08-04T12:43:18+0200,225,0,3.7,11.4778,21.3201,29.5575008392334,0.2227569967508316,0.3221080005168915,5235.99,1,99.9853,0.0,0.392522,-0.00142889,0.0,HAIRPIN_LEFT,73.17140197753906,0.2516713688916189,43.45121,2,9.0,0.55,18.0,0.052878477,0.07201273,0.0,1,False,0.052878476679325104,0.07201272994279861,0.0,1,0,5.21202,12.6258,29.8909,200.0,153.24,108.588,94.0043,84.131,78.2664,73.1714,68.7043,64.7556,59.9404,55.2549,48.2142,38.4882,28.9417,21.6884,11.5368
2026-08-04T12:43:18+0200,226,0,3.722,11.6615,21.5037,29.60409927368164,0.22302499413490295,0.324629008769989,5235.99,1,99.9853,0.0,0.392789,-0.00137205,0.0,HAIRPIN_LEFT,73.6260986328125,0.25332007805048146,43.447872,2,9.0,0.55,18.0,0.052922454,0.07174326,0.0,1,False,0.05292245373129845,0.07174325734376907,0.0,1,0,5.21001,12.6222,29.7443,200.0,155.669,109.724,94.823,84.7642,78.8005,73.6261,69.0943,65.0927,60.2177,55.4796,48.3694,38.5667,28.9669,21.6895,11.5383
2026-08-04T12:43:18+0200,227,0,3.744,11.8454,21.6876,29.65049934387207,0.22327199578285217,0.32701000571250916,5235.99,1,99.9853,0.0,0.393059,-0.0013153,0.0,HAIRPIN_LEFT,74.09120178222656,0.25501135882868653,43.444435,2,9.0,0.55,18.0,0.052965127,0.07147423,0.0,1,False,0.05296512693166733,0.07147423177957535,0.0,1,0,5.20798,12.6185,29.5985,200.0,158.196,110.894,95.6638,85.4134,79.3473,74.0912,69.4931,65.437,60.5011,55.7089,48.5279,38.6472,28.993,21.6907,11.5399
2026-08-04T12:43:18+0200,228,0,3.766,12.0295,21.8718,29.695899963378906,0.22349700331687927,0.32892200350761414,5235.99,1,99.9853,0.0,0.393323,-0.00125875,0.0,HAIRPIN_LEFT,74.56680297851562,0.2567492878798469,43.440914,2,9.0,0.55,18.0,0.05300773,0.07120987,0.0,1,False,0.05300772935152054,0.0712098702788353,0.0,1,0,5.206,12.615,29.4547,200.0,160.827,112.1,96.5272,86.0782,79.9069,74.5668,69.9005,65.7885,60.7902,55.9428,48.6892,38.7292,29.0199,21.6916,11.5414
2026-08-04T12:43:18+0200,229,0,3.788,12.214,22.0562,29.741100311279297,0.22412100434303284,0.35013699531555176,5235.99,1,99.9853,0.0,0.39359,-0.00120073,0.0,HAIRPIN_LEFT,75.05239868164062,0.25853055228000626,43.43727,2,9.0,0.55,18.0,0.053051457,0.07094544,0.0,1,False,0.053051456809043884,0.07094544172286987,0.0,1,0,5.204,12.6115,29.3126,200.0,163.564,113.34,97.4129,86.7591,80.4792,75.0524,70.3165,66.1474,61.0849,56.181,48.8538,38.8128,29.0476,21.6926,11.543
2026-08-04T12:43:18+0200,230,0,3.81,12.3987,22.241,29.78569984436035,0.22461099922657013,0.3837920129299164,5235.99,1,99.9853,0.0,0.39385,-0.00114149,0.0,HAIRPIN_LEFT,75.54869842529297,0.26036082880248923,43.433514,2,9.0,0.55,18.0,0.053098164,0.07068335,0.0,1,False,0.053098164498806,0.07068335264921188,0.0,1,0,5.20208,12.6081,29.1723,200.0,166.414,114.617,98.3217,87.4563,81.0645,75.5487,70.741,66.5132,61.385,56.4236,49.021,38.898,29.076,21.6936,11.5445
2026-08-04T12:43:18+0200,231,0,3.832,12.5837,22.426,29.8302001953125,0.22483299672603607,0.4107219874858856,5235.99,1,99.9853,0.0,0.394114,-0.00108305,0.0,HAIRPIN_LEFT,76.05699920654297,0.2622412512706944,43.429623,2,9.0,0.55,18.0,0.05314556,0.070420906,0.0,1,False,0.05314556136727333,0.07042090594768524,0.0,1,0,5.20006,12.6046,29.0321,200.0,169.39,115.935,99.2564,88.1715,81.6643,76.057,71.1753,66.8872,61.6919,56.6716,49.1921,38.9853,29.1056,21.6948,11.546
2026-08-04T12:43:18+0200,232,0,3.854,12.769,22.6113,29.873899459838867,0.22484099864959717,0.4232479929924011,5235.99,1,99.9853,0.0,0.394374,-0.00102592,0.0,HAIRPIN_LEFT,76.57769775390625,0.2641385246186487,43.426,2,9.0,0.55,18.0,0.05319277,0.07016486,0.0,1,False,0.05319276824593544,0.07016485929489136,0.0,1,0,5.19814,12.6012,28.8933,200.0,172.356,117.297,100.219,88.9062,82.2795,76.5777,71.6199,67.2699,62.0056,56.9248,49.3666,39.0744,29.136,21.6967,11.5475
2026-08-04T12:43:18+0200,233,0,3.876,12.9546,22.7968,29.917699813842773,0.22483199834823608,0.42563000321388245,5235.99,1,99.9853,0.0,0.39463,-0.000969462,0.0,HAIRPIN_LEFT,77.11109924316406,0.26583002493229146,43.424942,2,9.0,0.55,18.0,0.053239707,0.06992784,0.0,1,False,0.05323970690369606,0.06992784142494202,0.0,1,0,5.19621,12.5978,28.7555,200.0,174.5,118.704,101.208,89.6602,82.9104,77.1111,72.0749,67.6614,62.326,57.1835,49.5448,39.1656,29.1674,21.699,11.549
2026-08-04T12:43:18+0200,234,0,3.898,13.1405,22.9827,29.961700439453125,0.22488999366760254,0.42280200123786926,5235.99,1,99.9853,0.0,0.394887,-0.000913031,0.0,HAIRPIN_LEFT,77.65689849853516,0.2674179074970677,43.42536,2,9.0,0.55,18.0,0.053286314,0.06970098,0.0,1,False,0.05328631401062012,0.06970097869634628,0.0,1,0,5.19427,12.5944,28.6183,200.0,176.175,120.156,102.227,90.4344,83.5568,77.6569,72.5406,68.0615,62.6537,57.4473,49.7267,39.2586,29.1997,21.7019,11.5505
2026-08-04T12:43:18+0200,235,0,3.92,13.3266,23.1688,30.005599975585938,0.22501899302005768,0.41801100969314575,5235.99,1,99.9853,0.0,0.395139,-0.000856534,0.0,HAIRPIN_LEFT,78.2157974243164,0.26896411237452483,43.42667,2,9.0,0.55,18.0,0.05333345,0.069481336,0.0,1,False,0.053333450108766556,0.06948133558034897,0.0,1,0,5.19241,12.5911,28.4828,200.0,177.592,121.656,103.275,91.2284,84.2194,78.2158,73.0164,68.4701,62.9876,57.7167,49.9119,39.3535,29.233,21.7052,11.5519
2026-08-04T12:43:18+0200,236,0,3.942,13.5129,23.3552,30.0487003326416,0.2251950055360794,0.41303300857543945,5235.99,1,99.9853,0.0,0.395393,-0.00080023,0.0,HAIRPIN_LEFT,78.78820037841797,0.2704897865274666,43.428665,2,9.0,0.55,18.0,0.053380664,0.06927097,0.0,1,False,0.05338066443800926,0.06927096843719482,0.0,1,0,5.1905,12.5878,28.3476,200.0,178.838,123.206,104.353,92.044,84.8985,78.7882,73.5035,68.8881,63.329,57.9916,50.1012,39.4505,29.2674,21.7091,11.5534
2026-08-04T12:43:18+0200,237,0,3.964,13.6996,23.5419,30.091699600219727,0.22540999948978424,0.4090439975261688,5235.99,1,99.9853,0.0,0.395648,-0.000743411,0.0,HAIRPIN_LEFT,79.37439727783203,0.27201355182506715,43.43114,2,9.0,0.55,18.0,0.05342837,0.06906469,0.0,1,False,0.053428370505571365,0.06906469166278839,0.0,1,0,5.18857,12.5844,28.2136,200.0,179.962,124.808,105.464,92.8814,85.5949,79.3744,74.0016,69.3154,63.6779,58.2722,50.2939,39.5493,29.3026,21.7137,11.5548
2026-08-04T12:43:18+0200,238,0,3.986,13.8865,23.7288,30.134599685668945,0.22564800083637238,0.40621399879455566,5235.99,1,99.9853,0.0,0.395894,-0.000686564,0.0,HAIRPIN_LEFT,79.9739990234375,0.27354264047826404,43.434044,2,9.0,0.55,18.0,0.053477608,0.0688621,0.0,1,False,0.053477607667446136,0.06886210292577744,0.0,1,0,5.18676,12.5813,28.0808,200.0,180.99,126.465,106.606,93.7407,86.3087,79.974,74.511,69.7516,64.0337,58.5584,50.4904,39.6501,29.3388,21.7186,11.5562
2026-08-04T12:43:18+0200,239,0,4.008,14.0737,23.916,30.177499771118164,0.22589899599552155,0.40460801124572754,5235.99,1,99.9853,0.0,0.396146,-0.000629783,0.0,HAIRPIN_LEFT,80.58899688720703,0.27508480813283387,43.417206,2,9.0,0.55,18.0,0.053527046,0.068510585,0.0,1,False,0.053527045994997025,0.06851058453321457,0.0,1,0,5.18488,12.5781,27.9485,200.0,181.943,128.181,107.784,94.6242,87.041,80.589,75.0326,70.1982,64.3976,58.8507,50.691,39.7532,29.3762,21.7242,11.5577
2026-08-04T12:43:18+0200,240,0,4.03,14.2612,24.1034,30.220300674438477,0.228970006108284,0.40425899624824524,5235.99,1,99.9853,0.0,0.396395,-0.000588022,0.0,HAIRPIN_LEFT,81.22940063476562,0.27666062009340586,43.39914,2,9.0,0.55,18.0,0.053561985,0.06814871,0.0,1,False,0.0535619854927063,0.06814870983362198,0.0,1,0,5.18295,12.5741,27.8127,200.0,182.849,129.983,109.017,95.5463,87.8049,81.2294,75.5754,70.6628,64.7757,59.1545,50.8996,39.8608,29.4158,21.731,11.5592
2026-08-04T12:43:18+0200,241,0,4.052,14.4489,24.2912,30.26219940185547,0.23015199601650238,0.4049209952354431,5235.99,1,99.9853,0.0,0.396645,-0.000553206,0.0,HAIRPIN_LEFT,81.89109802246094,0.2782662380706289,43.380768,2,9.0,0.55,18.0,0.0535806,0.067791656,0.0,1,False,0.05358060076832771,0.0677916556596756,0.0,1,0,5.18097,12.5698,27.6756,200.0,183.707,131.865,110.297,96.5016,88.5947,81.8911,76.1359,71.1416,65.1655,59.4674,51.1145,39.9717,29.457,21.7388,11.5609
2026-08-04T12:43:18+0200,242,0,4.074,14.6369,24.4791,30.303699493408203,0.2311830073595047,0.4239960014820099,5235.99,1,99.9853,0.0,0.396891,-0.000521667,0.0,HAIRPIN_LEFT,82.57150268554688,0.2799022210385506,43.3621,2,9.0,0.55,18.0,0.053585928,0.067435674,0.0,1,False,0.053585927933454514,0.06743567436933517,0.0,1,0,5.17902,12.5654,27.5388,200.0,184.521,133.822,111.622,97.4871,89.4081,82.5715,76.7116,71.6331,65.5651,59.788,51.3345,40.0853,29.4997,21.7472,11.5625
2026-08-04T12:43:18+0200,243,0,4.096,14.8251,24.6673,30.344100952148438,0.2316190004348755,0.4424619972705841,5235.99,1,99.9853,0.0,0.397146,-0.000491284,0.0,HAIRPIN_LEFT,83.27050018310547,0.2815682424093134,43.343113,2,9.0,0.55,18.0,0.05358055,0.06708444,0.0,1,False,0.053580548614263535,0.06708443909883499,0.0,1,0,5.17695,12.5607,27.4018,200.0,185.296,135.855,112.992,98.5029,90.2453,83.2705,77.3022,72.1374,65.9747,60.1163,51.5595,40.2018,29.5438,21.7565,11.5643
2026-08-04T12:43:18+0200,244,0,4.118,15.0136,24.8559,30.3843994140625,0.23178599774837494,0.45645201206207275,5235.99,1,99.9853,0.0,0.397392,-0.000459455,0.0,HAIRPIN_LEFT,83.98680114746094,0.28326966932618236,43.323776,2,9.0,0.55,18.0,0.05357084,0.0667322,0.0,1,False,0.05357084050774574,0.06673219799995422,0.0,1,0,5.17498,12.5565,27.2665,200.0,186.034,137.965,114.406,99.5471,91.104,83.9868,77.9066,72.6526,66.3925,60.4508,51.7886,40.3201,29.5886,21.7661,11.566
2026-08-04T12:43:18+0200,245,0,4.14,15.2024,25.0446,30.42449951171875,0.23186099529266357,0.46568500995635986,5235.99,1,99.9853,0.0,0.397642,-0.000427224,0.0,HAIRPIN_LEFT,84.72119903564453,0.28500470232183256,43.304077,2,9.0,0.55,18.0,0.053558283,0.06637893,0.0,1,False,0.05355828255414963,0.06637892872095108,0.0,1,0,5.173,12.552,27.1323,200.0,186.739,140.155,115.864,100.621,91.9858,84.7212,78.5254,73.1794,66.8193,60.7921,52.0221,40.4408,29.6346,21.7764,11.5676
2026-08-04T12:43:18+0200,246,0,4.162,15.3913,25.2336,30.463699340820312,0.23187999427318573,0.46941399574279785,5235.99,1,99.9853,0.0,0.397888,-0.000394449,0.0,HAIRPIN_LEFT,85.4739990234375,0.2867799144965454,43.28398,2,9.0,0.55,18.0,0.053545106,0.06602795,0.0,1,False,0.05354510620236397,0.06602794677019119,0.0,1,0,5.17101,12.5478,26.9991,200.0,187.416,142.431,117.371,101.727,92.8911,85.474,79.159,73.7183,67.2555,61.1408,52.2601,40.5638,29.6817,21.7872,11.5693
2026-08-04T12:43:18+0200,247,0,4.184,15.5806,25.4229,30.502599716186523,0.23190100491046906,0.468392014503479,5235.99,1,99.9853,0.0,0.398135,-0.000360526,0.0,HAIRPIN_LEFT,86.24639892578125,0.2885949298900603,43.263466,2,9.0,0.55,18.0,0.053532638,0.06567581,0.0,1,False,0.053532637655735016,0.06567580997943878,0.0,1,0,5.16904,12.5433,26.8669,200.0,188.066,144.796,118.928,102.865,93.8219,86.2464,79.8083,74.2698,67.7013,61.4966,52.5029,40.6892,29.73,21.7987,11.5709
2026-08-04T12:43:18+0200,248,0,4.206,15.7701,25.6123,30.541500091552734,0.23196600377559662,0.4642379879951477,5235.99,1,99.9853,0.0,0.398379,-0.000326589,0.0,HAIRPIN_LEFT,87.03880310058594,0.29045592343881793,43.242466,2,9.0,0.55,18.0,0.05352104,0.065320484,0.0,1,False,0.053521040827035904,0.06532048434019089,0.0,1,0,5.16714,12.5392,26.7355,200.0,188.693,147.257,120.538,104.037,94.7783,87.0388,80.4734,74.8344,68.1567,61.8596,52.7502,40.8168,29.7792,21.8107,11.5725
2026-08-04T12:43:18+0200,249,0,4.228,15.9598,25.802,30.57939910888672,0.23209300637245178,0.4590649902820587,5235.99,1,99.9853,0.0,0.398623,-0.000292458,0.0,HAIRPIN_LEFT,87.85269927978516,0.2840398568408651,43.297256,2,9.0,0.55,18.0,0.053510416,0.06553204,0.0,1,False,0.05351041629910469,0.06553204357624054,0.0,1,0,5.16518,12.535,26.6049,163.995,189.298,149.822,122.205,105.246,95.7621,87.8527,81.1555,75.4125,68.6229,62.231,53.0028,40.9471,29.8298,21.8234,11.5742
2026-08-04T12:43:18+0200,250,0,4.25,16.1498,25.992,30.617799758911133,0.23228399455547333,0.4544450044631958,5235.99,1,99.9853,0.0,0.398867,-0.000258036,0.0,HAIRPIN_LEFT,88.68820190429688,0.2836179622096129,43.30002,2,9.0,0.55,18.0,0.053500645,0.06535499,0.0,1,False,0.053500644862651825,0.06535498797893524,0.0,1,0,5.16322,12.5308,26.475,154.091,189.883,152.495,123.93,106.492,96.7743,88.6882,81.855,76.0047,69.0994,62.6102,53.2605,41.08,29.8815,21.8367,11.5758
2026-08-04T12:43:18+0200,251,0,4.272,16.3399,26.1822,30.655399322509766,0.2325270026922226,0.4517340064048767,5235.99,1,99.9853,0.0,0.399109,-0.000224635,0.0,HAIRPIN_LEFT,89.54720306396484,0.2835133303719041,43.299477,2,9.0,0.55,18.0,0.053490825,0.065157466,0.0,1,False,0.05349082499742508,0.0651574656367302,0.0,1,0,5.16132,12.5266,26.3457,145.398,190.451,155.285,125.718,107.778,97.8168,89.5472,82.5728,76.6117,69.5876,62.9979,53.5234,41.2156,29.9345,21.8507,11.5774
2026-08-04T12:43:18+0200,252,0,4.294,16.5304,26.3727,30.692699432373047,0.22995799779891968,0.4510979950428009,5235.99,1,99.9853,0.0,0.399348,-0.000175476,0.0,HAIRPIN_LEFT,90.41649627685547,0.2836947694545604,43.29596,2,9.0,0.55,18.0,0.053497232,0.064941384,0.0,1,False,0.053497232496738434,0.06494138389825821,0.0,1,0,5.15951,12.5233,26.221,137.808,190.992,158.158,127.544,109.086,98.8738,90.4165,83.2977,77.2237,70.0786,63.3876,53.7872,41.3508,29.9872,21.8647,11.5788
2026-08-04T12:43:18+0200,253,0,4.316,16.721,26.5633,30.729799270629883,0.22925299406051636,0.4517729878425598,5235.99,1,99.9853,0.0,0.399584,-0.000120126,0.0,HAIRPIN_LEFT,91.30359649658203,0.28412319944951914,43.289867,2,9.0,0.55,18.0,0.05352083,0.06470539,0.0,1,False,0.05352082848548889,0.06470538675785065,0.0,1,0,5.15775,12.5203,26.0983,131.076,191.513,161.139,129.425,110.426,99.9549,91.3036,84.0364,77.8463,70.5774,63.7825,54.054,41.4877,30.0405,21.8788,11.5801
2026-08-04T12:43:18+0200,254,0,4.338,16.9119,26.7542,30.766700744628906,0.2319840043783188,0.4533829987049103,5235.99,1,99.9853,0.0,0.399821,-7.95946e-05,0.0,HAIRPIN_LEFT,92.22940063476562,0.284779187498648,43.281387,2,9.0,0.55,18.0,0.05354067,0.06444982,0.0,1,False,0.0535406693816185,0.06444981694221497,0.0,1,0,5.15591,12.5166,25.9726,124.943,192.029,164.3,131.405,111.831,101.085,92.2294,84.8061,78.4948,71.0962,64.1931,54.3312,41.6301,30.0966,21.8945,11.5816
2026-08-04T12:43:18+0200,255,0,4.36,17.1031,26.9453,30.802600860595703,0.23301799595355988,0.45533400774002075,5235.99,1,99.9853,0.0,0.40006,-4.61787e-05,0.0,HAIRPIN_LEFT,93.18840026855469,0.28561738919284113,43.27101,2,9.0,0.55,18.0,0.053550888,0.06418688,0.0,1,False,0.05355088785290718,0.06418687850236893,0.0,1,0,5.15401,12.5124,25.8457,119.37,192.536,167.582,133.474,113.293,102.258,93.1884,85.6028,79.1647,71.6316,64.6162,54.6166,41.7767,30.1546,21.9112,11.5832
2026-08-04T12:43:18+0200,256,0,4.382,17.2944,27.1367,30.838199615478516,0.23348399996757507,0.45722800493240356,5235.99,1,99.9853,0.0,0.400294,-1.37761e-05,0.0,HAIRPIN_LEFT,94.17520141601562,0.286018634379926,43.26484,2,9.0,0.55,18.0,0.053554535,0.063957416,0.0,1,False,0.053554534912109375,0.06395741552114487,0.0,1,0,5.15215,12.5085,25.7194,114.315,193.03,170.003,135.625,114.804,103.468,94.1752,86.4205,79.8513,72.1795,65.0488,54.9078,41.9261,30.2139,21.9285,11.5847
2026-08-04T12:43:18+0200,257,0,4.404,17.486,27.3283,30.87380027770996,0.23385000228881836,0.4615280032157898,5235.99,1,99.9853,0.0,0.40053,1.93641e-05,0.0,HAIRPIN_LEFT,95.19090270996094,0.2861494503782866,43.26123,2,9.0,0.55,18.0,0.053554423,0.063747235,0.0,1,False,0.05355442315340042,0.06374723464250565,0.0,1,0,5.15028,12.5044,25.5934,109.71,193.512,171.824,137.86,116.367,104.715,95.1909,87.2608,80.5562,72.7407,65.4913,55.2052,42.0785,30.2747,21.9466,11.5863
2026-08-04T12:43:18+0200,258,0,4.426,17.6777,27.52,30.909099578857422,0.23444199562072754,0.4859209954738617,5235.99,1,99.9853,0.0,0.400767,5.36069e-05,0.0,HAIRPIN_LEFT,96.2344970703125,0.2861992424786906,43.25833,2,9.0,0.55,18.0,0.05355292,0.06354391,0.0,1,False,0.05355292186141014,0.0635439082980156,0.0,1,0,5.1484,12.5004,25.4683,105.501,193.981,173.338,140.182,117.981,106.0,96.2345,88.1226,81.2777,73.3144,65.943,55.5083,42.2336,30.3366,21.9653,11.5878
2026-08-04T12:43:18+0200,259,0,4.448,17.8698,27.7121,30.94420051574707,0.23474900424480438,0.5091850161552429,5235.99,1,99.9853,0.0,0.401001,8.87662e-05,0.0,HAIRPIN_LEFT,97.30889892578125,0.28623288597430524,43.25552,2,9.0,0.55,18.0,0.05355187,0.063342504,0.0,1,False,0.053551871329545975,0.06334250420331955,0.0,1,0,5.14655,12.4964,25.344,101.634,194.439,174.657,142.599,119.653,107.326,97.3089,89.0081,82.0179,73.9022,66.4049,55.8174,42.3917,30.3999,21.9847,11.5894
2026-08-04T12:43:18+0200,260,0,4.47,18.062,27.9042,30.9783992767334,0.23480699956417084,0.5238819718360901,5235.99,1,99.9853,0.0,0.401235,0.000122227,0.0,HAIRPIN_LEFT,98.4166030883789,0.2862800552180428,43.25251,2,9.0,0.55,18.0,0.053549588,0.06314449,0.0,1,False,0.05354958772659302,0.0631444901227951,0.0,1,0,5.14469,12.4924,25.2198,98.0635,194.887,175.841,145.119,121.385,108.697,98.4166,89.9195,82.7786,74.5048,66.8778,56.1337,42.5532,30.4647,22.0049,11.5909
2026-08-04T12:43:18+0200,261,0,4.492,18.2545,28.0967,31.01259994506836,0.23476499319076538,0.5291200280189514,5235.99,1,99.9853,0.0,0.401469,0.000155285,0.0,HAIRPIN_LEFT,99.55899810791016,0.28636027023029537,43.24909,2,9.0,0.55,18.0,0.053546123,0.0629436,0.0,1,False,0.05354612320661545,0.06294360011816025,0.0,1,0,5.14285,12.4884,25.096,94.7568,195.325,176.922,147.749,123.182,110.114,99.559,90.8573,83.5601,75.1229,67.3621,56.4567,42.718,30.5309,22.0258,11.5924
2026-08-04T12:43:19+0200,262,0,4.514,18.4471,28.2893,31.046899795532227,0.23475000262260437,0.5286819934844971,5235.99,1,99.9853,0.0,0.4017,0.000187263,0.0,HAIRPIN_LEFT,100.73699951171875,0.28648343804706616,43.245167,2,9.0,0.55,18.0,0.053541183,0.06273861,0.0,1,False,0.05354118347167969,0.06273861229419708,0.0,1,0,5.141,12.4844,24.9724,91.6859,195.755,177.92,150.495,125.046,111.579,100.737,91.8224,84.363,75.7567,67.8578,56.7867,42.8861,30.5987,22.0475,11.594
2026-08-04T12:43:19+0200,263,0,4.536,18.64,28.4822,31.081199645996094,0.23480500280857086,0.5258340239524841,5235.99,1,99.9853,0.0,0.401932,0.00021974,0.0,HAIRPIN_LEFT,101.9520034790039,0.28665718589908357,43.240654,2,9.0,0.55,18.0,0.053535685,0.06252937,0.0,1,False,0.05353568494319916,0.06252937018871307,0.0,1,0,5.13919,12.4804,24.8495,88.8278,196.174,178.852,153.361,126.979,113.093,101.952,92.815,85.1873,76.4063,68.3651,57.1239,43.0573,30.6678,22.0699,11.5955
2026-08-04T12:43:19+0200,264,0,4.558,18.8331,28.6753,31.1156005859375,0.23491600155830383,0.5222600102424622,5235.99,1,99.9853,0.0,0.402161,0.000252195,0.0,HAIRPIN_LEFT,103.2040023803711,0.2868881831675839,43.235497,2,9.0,0.55,18.0,0.05353018,0.06231497,0.0,1,False,0.05353017896413803,0.062314968556165695,0.0,1,0,5.13736,12.4766,24.727,86.1592,196.585,179.726,156.357,128.986,114.659,103.204,93.8366,86.034,77.072,68.8841,57.4678,43.2319,30.7385,22.0931,11.597
2026-08-04T12:43:19+0200,265,0,4.58,19.0264,28.8686,31.149099349975586,0.23506399989128113,0.5190889835357666,5235.99,1,99.9853,0.0,0.40239,0.000284627,0.0,HAIRPIN_LEFT,104.49700164794922,0.2871794112703704,43.229683,2,9.0,0.55,18.0,0.053524822,0.062100463,0.0,1,False,0.05352482199668884,0.06210046261548996,0.0,1,0,5.13554,12.4726,24.6048,83.6625,196.988,180.553,159.49,131.07,116.28,104.497,94.8887,86.9043,77.755,69.4155,57.8194,43.4099,30.8105,22.1171,11.5985
2026-08-04T12:43:19+0200,266,0,4.602,19.2199,29.0621,31.1825008392334,0.23523299396038055,0.516605019569397,5235.99,1,99.9853,0.0,0.402618,0.000317007,0.0,HAIRPIN_LEFT,105.83200073242188,0.28753785819182054,43.22312,2,9.0,0.55,18.0,0.053519674,0.061881058,0.0,1,False,0.05351967364549637,0.06188105791807175,0.0,1,0,5.1337,12.4686,24.483,81.3195,197.383,181.338,162.772,133.237,117.959,105.832,95.9719,87.799,78.4555,69.9597,58.1784,43.5916,30.8843,22.1418,11.6
2026-08-04T12:43:19+0200,267,0,4.624,19.4136,29.2558,31.21579933166504,0.23542100191116333,0.515175998210907,5235.99,1,99.9853,0.0,0.402845,0.000349447,0.0,HAIRPIN_LEFT,107.20899963378906,0.28784944734003615,43.21696,2,9.0,0.55,18.0,0.05351488,0.061665177,0.0,1,False,0.05351487919688225,0.06166517734527588,0.0,1,0,5.13192,12.4648,24.3619,79.118,197.77,182.086,166.011,135.49,119.697,107.209,97.0876,88.7184,79.1736,70.5165,58.5452,43.7767,30.9594,22.1673,11.6015
2026-08-04T12:43:19+0200,268,0,4.646,19.6075,29.4498,31.249099731445312,0.23561599850654602,0.5146250128746033,5235.99,1,99.9853,0.0,0.403071,0.00038211,0.0,HAIRPIN_LEFT,108.63300323486328,0.28757572869304304,43.216644,2,9.0,0.55,18.0,0.05351069,0.061491836,0.0,1,False,0.05351068824529648,0.06149183586239815,0.0,1,0,5.13015,12.461,24.2413,77.0434,198.149,182.801,168.276,137.834,121.499,108.633,98.2375,89.6639,79.9109,71.0869,58.9197,43.9653,31.0361,22.1935,11.603
2026-08-04T12:43:19+0200,269,0,4.668,19.8017,29.6439,31.2814998626709,0.2358040064573288,0.5149149894714355,5235.99,1,99.9853,0.0,0.403297,0.000414342,0.0,HAIRPIN_LEFT,110.10399627685547,0.28700450004606964,43.219296,2,9.0,0.55,18.0,0.053506624,0.061344687,0.0,1,False,0.053506623953580856,0.0613446868956089,0.0,1,0,5.12833,12.4571,24.1206,75.0844,198.522,183.487,170.032,140.276,123.367,110.104,99.4229,90.637,80.6675,71.6712,59.3026,44.1578,31.1145,22.2206,11.6045
2026-08-04T12:43:19+0200,270,0,4.69,19.996,29.8382,31.313600540161133,0.23625700175762177,0.525268018245697,5235.99,1,99.9853,0.0,0.403526,0.000445113,0.0,HAIRPIN_LEFT,111.62799835205078,0.2862759772213816,43.223473,2,9.0,0.55,18.0,0.053500876,0.061209932,0.0,1,False,0.05350087583065033,0.06120993196964264,0.0,1,0,5.1265,12.453,24.0,73.2283,198.888,184.148,171.512,142.825,125.31,111.628,100.648,91.6399,81.4456,72.2709,59.6947,44.3545,31.1946,22.2487,11.606
2026-08-04T12:43:19+0200,271,0,4.712,20.1905,30.0328,31.345500946044922,0.2365110069513321,0.5363460183143616,5235.99,1,99.9853,0.0,0.403745,0.000475168,0.0,HAIRPIN_LEFT,113.20600128173828,0.28545454435128004,43.228558,2,9.0,0.55,18.0,0.053494617,0.061082974,0.0,1,False,0.053494617342948914,0.06108297407627106,0.0,1,0,5.12475,12.4484,23.8799,71.4708,199.248,184.784,172.812,145.485,127.326,113.206,101.911,92.6724,82.2447,72.8853,60.0951,44.5549,31.2764,22.2774,11.6075
2026-08-04T12:43:19+0200,272,0,4.734,20.3852,30.2275,31.377500534057617,0.23377099633216858,0.5448340177536011,5235.99,1,99.9853,0.0,0.403969,0.00052157,0.0,HAIRPIN_LEFT,114.81400299072266,0.2845882426834124,43.234043,2,9.0,0.55,18.0,0.053503796,0.06096027,0.0,1,False,0.053503796458244324,0.06096027046442032,0.0,1,0,5.12306,12.4435,23.763,69.8275,199.594,185.389,173.964,148.221,129.391,114.814,103.196,93.7196,83.0528,73.5053,60.4979,44.7558,31.3581,22.3062,11.6088
2026-08-04T12:43:19+0200,273,0,4.756,20.5802,30.4225,31.409299850463867,0.23574399948120117,0.5507749915122986,5235.99,1,99.9853,0.0,0.40419,0.000560403,0.0,HAIRPIN_LEFT,116.49099731445312,0.283674308957505,43.239952,2,9.0,0.55,18.0,0.053515844,0.06083799,0.0,1,False,0.05351584404706955,0.060837991535663605,0.0,1,0,5.12136,12.4375,23.6449,68.2536,199.937,185.978,175.026,151.099,131.552,116.491,104.531,94.8057,83.8889,74.1454,60.9128,44.9623,31.4423,22.3362,11.6102
2026-08-04T12:43:19+0200,274,0,4.778,20.7753,30.6175,31.441099166870117,0.23641599714756012,0.5535039901733398,5235.99,1,99.9853,0.0,0.404411,0.000592381,0.0,HAIRPIN_LEFT,118.23799896240234,0.282637085664188,43.246773,2,9.0,0.55,18.0,0.053522907,0.06072298,0.0,1,False,0.05352290719747543,0.06072298064827919,0.0,1,0,5.11957,12.4302,23.5261,66.7453,200.0,186.552,176.016,154.124,133.812,118.238,105.919,95.9309,84.7532,74.8053,61.3396,45.1742,31.5289,22.3673,11.6116
2026-08-04T12:43:19+0200,275,0,4.8,20.9707,30.8129,31.472900390625,0.2366809993982315,0.5535209774971008,5235.99,1,99.9853,0.0,0.40463,0.000625104,0.0,HAIRPIN_LEFT,120.04900360107422,0.28156899412055086,43.253784,2,9.0,0.55,18.0,0.053527743,0.06060975,0.0,1,False,0.05352774262428284,0.06060975044965744,0.0,1,0,5.11788,12.4223,23.4077,65.309,200.0,187.11,176.94,157.29,136.163,120.049,107.352,97.0903,85.641,75.4821,61.7756,45.3902,31.6171,22.3993,11.613
2026-08-04T12:43:19+0200,276,0,4.822,21.1661,31.0084,31.504499435424805,0.23682500422000885,0.5514209866523743,5235.99,1,99.9853,0.0,0.404851,0.000657454,0.0,HAIRPIN_LEFT,121.9260025024414,0.2804959288798406,43.26078,2,9.0,0.55,18.0,0.05353056,0.060497545,0.0,1,False,0.053530558943748474,0.06049754470586777,0.0,1,0,5.11611,12.4132,23.2895,63.9373,200.0,187.65,177.809,160.605,138.613,121.926,108.833,98.2858,86.5537,76.176,62.2215,45.6105,31.7072,22.4322,11.6145
2026-08-04T12:43:19+0200,277,0,4.844,21.3619,31.2042,31.53529930114746,0.23695600032806396,0.5487499833106995,5235.99,1,99.9853,0.0,0.405067,0.000690579,0.0,HAIRPIN_LEFT,123.875,0.2793410001947966,43.26859,2,9.0,0.55,18.0,0.053533617,0.060395375,0.0,1,False,0.05353361740708351,0.06039537489414215,0.0,1,0,5.11442,12.4035,23.1717,62.6268,200.0,188.176,178.63,163.927,141.166,123.875,110.365,99.5184,87.4922,76.8875,62.6773,45.835,31.799,22.4659,11.6159
2026-08-04T12:43:19+0200,278,0,4.866,21.5578,31.4,31.565799713134766,0.23709900677204132,0.5460320115089417,5235.99,1,99.9853,0.0,0.405286,0.000722438,0.0,HAIRPIN_LEFT,125.89800262451172,0.2775500214984448,43.282898,2,9.0,0.55,18.0,0.053535253,0.060341723,0.0,1,False,0.053535252809524536,0.0603417232632637,0.0,1,0,5.11269,12.3929,23.0541,61.3723,200.0,188.688,179.411,166.262,143.83,125.898,111.95,100.791,88.4579,77.6179,63.1438,46.0642,31.8926,22.5006,11.6173
2026-08-04T12:43:19+0200,279,0,4.888,21.754,31.5962,31.59630012512207,0.2372799962759018,0.5446599721908569,5235.99,1,99.9853,0.0,0.4055,0.000755459,0.0,HAIRPIN_LEFT,128.00100708007812,0.27538664256423195,43.301014,2,9.0,0.55,18.0,0.05353777,0.06031556,0.0,1,False,0.053537771105766296,0.060315560549497604,0.0,1,0,5.11099,12.3816,22.9368,60.1706,200.0,189.186,180.155,168.052,146.611,128.001,113.591,102.104,89.4514,78.3673,63.6207,46.2978,31.988,22.5361,11.6187
2026-08-04T12:43:19+0200,280,0,4.91,21.9502,31.7925,31.62660026550293,0.2374659925699234,0.544281005859375,5235.99,1,99.9853,0.0,0.405716,0.000787303,0.0,HAIRPIN_LEFT,130.18800354003906,0.2730025956243026,43.32135,2,9.0,0.55,18.0,0.053539485,0.06030642,0.0,1,False,0.05353948473930359,0.06030641868710518,0.0,1,0,5.10929,12.3694,22.8197,59.0173,200.0,189.672,180.868,169.554,149.519,130.188,115.291,103.46,90.4741,79.1366,64.1087,46.5362,32.0853,22.5725,11.6201
2026-08-04T12:43:19+0200,281,0,4.932,22.1467,31.989,31.65679931640625,0.2376520037651062,0.5448729991912842,5235.99,1,99.9853,0.0,0.40593,0.000819594,0.0,HAIRPIN_LEFT,132.46299743652344,0.2704578407107562,43.34331,2,9.0,0.55,18.0,0.053541403,0.060309507,0.0,1,False,0.0535414032638073,0.060309506952762604,0.0,1,0,5.10759,12.3564,22.7029,57.9104,200.0,190.145,181.552,170.87,152.559,132.463,117.052,104.861,91.5271,79.9266,64.608,46.7791,32.1845,22.6098,11.6215
2026-08-04T12:43:19+0200,282,0,4.954,22.3434,32.1857,31.686899185180664,0.2378239929676056,0.5459529757499695,5235.99,1,99.9853,0.0,0.406143,0.000851572,0.0,HAIRPIN_LEFT,134.83099365234375,0.2677847695992434,43.36655,2,9.0,0.55,18.0,0.053543303,0.060322303,0.0,1,False,0.05354330316185951,0.06032230332493782,0.0,1,0,5.10592,12.3426,22.5863,56.8462,200.0,190.608,182.209,172.051,155.743,134.831,118.879,106.309,92.6117,80.7377,65.1189,47.0269,32.2857,22.6481,11.6229
2026-08-04T12:43:19+0200,283,0,4.976,22.5403,32.3825,31.716999053955078,0.23798400163650513,0.5472139716148376,5235.99,1,99.9853,0.0,0.406357,0.00088343,0.0,HAIRPIN_LEFT,137.2989959716797,0.26500531700554036,43.39083,2,9.0,0.55,18.0,0.053544965,0.060342617,0.0,1,False,0.053544964641332626,0.06034261733293533,0.0,1,0,5.10423,12.328,22.4698,55.8219,200.0,191.06,182.843,173.131,159.078,137.299,120.774,107.806,93.729,81.5711,65.6418,47.2797,32.3889,22.6873,11.6243
2026-08-04T12:43:19+0200,284,0,4.998,22.7374,32.5796,31.74690055847168,0.23813599348068237,0.5486040115356445,5235.99,1,99.9853,0.0,0.406565,0.000915796,0.0,HAIRPIN_LEFT,139.8719940185547,0.26206295630799714,43.416786,2,9.0,0.55,18.0,0.05354777,0.060376048,0.0,1,False,0.05354776978492737,0.06037604808807373,0.0,1,0,5.1026,12.3127,22.3538,54.8366,200.0,191.501,183.455,174.129,162.451,139.872,122.74,109.354,94.8802,82.4268,66.1768,47.5374,32.4938,22.7273,11.6256
2026-08-04T12:43:19+0200,285,0,5.02,22.9345,32.7768,31.776899337768555,0.23845000565052032,0.5564450025558472,5235.99,1,99.9853,0.0,0.406779,0.000948012,0.0,HAIRPIN_LEFT,142.55599975585938,0.25836353764099423,43.450645,2,9.0,0.55,18.0,0.05355043,0.060466196,0.0,1,False,0.05355042964220047,0.06046619638800621,0.0,1,0,5.10091,12.2966,22.2381,53.8864,200.0,191.932,184.046,175.061,164.834,142.556,124.782,110.956,96.0665,83.3059,66.7242,47.8001,32.6009,22.7684,11.627
2026-08-04T12:43:19+0200,286,0,5.042,23.132,32.9743,31.80660057067871,0.23877300322055817,0.5710700154304504,5235.99,1,99.9853,0.0,0.406988,0.00098215,0.0,HAIRPIN_LEFT,145.35499572753906,0.254167005763626,43.48973,2,9.0,0.55,18.0,0.053555604,0.060595896,0.0,1,False,0.053555604070425034,0.06059589609503746,0.0,1,0,5.09927,12.2798,22.1226,52.9709,200.0,192.354,184.618,175.935,166.647,145.355,126.901,112.612,97.2889,84.2089,67.2842,48.0679,32.7098,22.8103,11.6283
2026-08-04T12:43:19+0200,287,0,5.064,23.3296,33.1718,31.836999893188477,0.23893700540065765,0.5831329822540283,5235.99,1,99.9853,0.0,0.407196,0.00101542,0.0,HAIRPIN_LEFT,148.28199768066406,0.24962800256612727,43.532356,2,9.0,0.55,18.0,0.053561576,0.06074788,0.0,1,False,0.05356157571077347,0.06074788048863411,0.0,1,0,5.09765,12.2623,22.0074,52.0867,200.0,192.766,185.173,176.762,168.164,148.282,129.105,114.328,98.5499,85.137,67.8576,48.341,32.8208,22.8533,11.6296
2026-08-04T12:43:19+0200,288,0,5.086,23.5275,33.3697,31.867700576782227,0.23897700011730194,0.5893849730491638,5235.99,1,99.9853,0.0,0.407402,0.00104916,0.0,HAIRPIN_LEFT,151.343994140625,0.24480745064528592,43.577896,2,9.0,0.55,18.0,0.053568747,0.060919777,0.0,1,False,0.05356874689459801,0.06091977655887604,0.0,1,0,5.09602,12.244,21.8924,51.2322,200.0,193.171,185.712,177.547,169.49,151.344,131.399,116.107,99.8514,86.0919,68.4448,48.6196,32.9339,22.8971,11.6309
2026-08-04T12:43:19+0200,289,0,5.108,23.7254,33.5677,31.898500442504883,0.23898999392986298,0.5911049842834473,5235.99,1,99.9853,0.0,0.407608,0.00108211,0.0,HAIRPIN_LEFT,154.552001953125,0.23973243068835268,43.626076,2,9.0,0.55,18.0,0.05357591,0.061110623,0.0,1,False,0.05357591062784195,0.06111062318086624,0.0,1,0,5.09437,12.225,21.7774,50.4049,200.0,193.567,186.237,178.297,170.68,154.552,133.79,117.953,101.196,87.0747,69.0466,48.9039,33.0493,22.9421,11.6322
2026-08-04T12:43:19+0200,290,0,5.13,23.9236,33.7659,31.92930030822754,0.23903700709342957,0.590395987033844,5235.99,1,99.9853,0.0,0.407817,0.00111488,0.0,HAIRPIN_LEFT,157.9149932861328,0.23442359309532396,43.676666,2,9.0,0.55,18.0,0.05358253,0.06131938,0.0,1,False,0.053582530468702316,0.06131938099861145,0.0,1,0,5.09276,12.2051,21.6626,49.6041,200.0,193.956,186.747,179.014,171.767,157.915,136.281,119.868,102.585,88.0861,69.6634,49.1942,33.1668,22.988,11.6336
2026-08-04T12:43:19+0200,291,0,5.152,24.1221,33.9643,31.960100173950195,0.23912300169467926,0.5887370109558105,5235.99,1,99.9853,0.0,0.40802,0.00114812,0.0,HAIRPIN_LEFT,161.27200317382812,0.22889012785113935,43.7296,2,9.0,0.55,18.0,0.053590037,0.061545666,0.0,1,False,0.05359003692865372,0.06154566630721092,0.0,1,0,5.09115,12.1847,21.548,48.8287,200.0,194.336,187.244,179.701,172.772,161.272,138.878,121.856,104.02,89.1274,70.2952,49.49,33.2865,23.035,11.6349
2026-08-04T12:43:19+0200,292,0,5.174,24.3206,34.1628,31.99169921875,0.23924599587917328,0.5868039727210999,5235.99,1,99.9853,0.0,0.408226,0.00118116,0.0,HAIRPIN_LEFT,163.61700439453125,0.22313679309768056,43.784782,2,9.0,0.55,18.0,0.053597428,0.061784633,0.0,1,False,0.053597427904605865,0.06178463250398636,0.0,1,0,5.08955,12.1635,21.4338,48.077,200.0,194.71,187.728,180.362,173.709,163.617,141.589,123.921,105.503,90.199,70.9425,49.792,33.4084,23.0829,11.6362
2026-08-04T12:43:19+0200,293,0,5.196,24.5194,34.3617,32.02349853515625,0.23940500617027283,0.5854939818382263,5235.99,1,99.9853,0.0,0.408427,0.00121534,0.0,HAIRPIN_LEFT,165.4149932861328,0.2171648073076076,43.842243,2,9.0,0.55,18.0,0.0536065,0.06203974,0.0,1,False,0.05360649898648262,0.06203974038362503,0.0,1,0,5.08797,12.1417,21.3196,47.3483,200.0,195.076,188.2,180.998,174.589,165.415,144.42,126.067,107.037,91.3025,71.6057,50.0998,33.5325,23.1319,11.6377
2026-08-04T12:43:19+0200,294,0,5.218,24.7183,34.5606,32.055301666259766,0.23956499993801117,0.5844169855117798,5235.99,1,99.9853,0.0,0.40863,0.00124888,0.0,HAIRPIN_LEFT,166.9250030517578,0.21097370647487562,43.901978,2,9.0,0.55,18.0,0.053615782,0.062312044,0.0,1,False,0.05361578240990639,0.0623120442032814,0.0,1,0,5.08638,12.1191,21.2056,46.6407,200.0,195.436,188.66,181.612,175.421,166.925,147.38,128.298,108.624,92.4396,72.2858,50.4142,33.659,23.182,11.6396
2026-08-04T12:43:19+0200,295,0,5.24,24.9176,34.7598,32.08700180053711,0.23973500728607178,0.5840569734573364,5235.99,1,99.9853,0.0,0.408829,0.00128333,0.0,HAIRPIN_LEFT,168.24600219726562,0.18955527474422737,44.11192,2,9.0,0.55,18.0,0.053626653,0.06369915,0.0,1,False,0.0536266528069973,0.0636991485953331,0.0,1,0,5.08482,12.0959,21.0919,45.9541,159.304,195.788,189.11,182.206,176.21,168.246,150.476,130.621,110.266,93.6114,72.9829,50.7346,33.7877,23.233,11.6419
2026-08-04T12:43:19+0200,296,0,5.262,25.1169,34.9591,32.120399475097656,0.23991699516773224,0.5841100215911865,5235.99,1,99.9853,0.0,0.40903,0.00131774,0.0,MEDIUM_LEFT,169.4320068359375,0.17938412903206225,84.73961,4,7.0,0.55,18.0,0.053344395,0.4441865,0.0,1,False,0.05334439501166344,0.4441865086555481,0.0,1,0,5.08326,12.072,20.9783,45.2864,150.681,196.135,189.55,182.781,176.962,169.432,153.719,133.04,111.966,94.8194,73.6977,51.0617,33.9188,23.2852,11.6445
2026-08-04T12:43:19+0200,297,0,5.284,25.3174,35.1597,32.482601165771484,0.23787100613117218,0.5876399874687195,5235.99,1,99.9852,0.0,0.409225,0.00141196,0.0,EXIT,170.46299743652344,0.1696847563120352,110.74392,4,5.0,0.35,18.0,0.028149337,0.7540182,0.0,1,False,0.028149336576461792,0.7540181875228882,0.0,1,0,5.08206,12.0498,20.8721,44.6693,143.309,196.451,189.952,183.306,177.643,170.463,156.966,135.446,113.648,96.0078,74.3962,51.379,34.0452,23.3351,11.6468
2026-08-04T12:43:19+0200,298,0,5.306,25.5211,35.3634,33.11539840698242,0.17116999626159668,0.5991690158843994,5590.78,1,99.985,0.0,0.40937,0.00192109,0.048991244,EXIT,171.04800415039062,0.16330955769536304,110.85533,4,5.0,0.35,18.0,0.012080079,0.74027026,0.0,1,False,0.012080078944563866,0.7402702569961548,0.0,1,0,5.08354,12.0445,20.818,44.2996,138.86,196.587,190.146,183.581,178.017,171.048,159.155,137.078,114.776,96.7965,74.852,51.5792,34.1203,23.3616,11.6447
2026-08-04T12:43:19+0200,299,0,5.328,25.7293,35.5716,33.88199996948242,0.10681600123643875,0.618369996547699,5725.35,1,99.9847,0.0,0.409421,0.00285657,0.05130264,EXIT,171.23599243164062,0.16043343328133067,110.87017,4,5.0,0.35,18.0,0.0021999758,0.74744713,0.0,1,False,0.002199975773692131,0.74744713306427,0.0,1,0,5.08814,12.0573,20.8169,44.1692,136.864,196.545,190.135,183.612,178.099,171.236,160.007,137.863,115.307,97.1582,75.0506,51.6566,34.1417,23.3634,11.6377
2026-08-04T12:43:19+0200,300,0,5.35,25.9424,35.7847,34.68109893798828,0.0567638985812664,0.6408429741859436,5854.57,1,99.9845,0.0,0.409381,0.00410865,0.05056927,EXIT,171.1510009765625,0.1598570880041097,110.825905,4,5.0,0.35,18.0,-0.0034683207,0.7526534,0.0,1,False,-0.003468320704996586,0.7526534199714661,0.0,1,0,5.0952,12.0832,20.8544,44.2077,136.485,196.374,189.976,183.471,177.977,171.151,160.124,138.017,115.395,97.2047,75.0603,51.6441,34.124,23.3471,11.6271
2026-08-04T12:43:19+0200,301,0,5.372,26.1605,36.0028,35.498600006103516,0.02289609983563423,0.6616939902305603,6008.21,1,99.9842,0.0,0.409243,0.00555827,0.053323027,EXIT,170.91000366210938,0.16057094515896717,110.74881,4,5.0,0.35,18.0,-0.0062767616,0.74989855,0.0,1,False,-0.006276761647313833,0.7498985528945923,0.0,1,0,5.10426,12.1177,20.9155,44.3467,137.027,196.126,189.731,183.227,177.735,170.91,159.872,137.799,115.222,97.0648,74.9583,51.5783,34.0826,23.3197,11.614
2026-08-04T12:43:19+0200,302,0,5.394,26.3838,36.2261,36.328399658203125,7.180710235843435e-05,0.6778420209884644,6182.42,1,99.984,0.0,0.409022,0.00713742,0.05901006,EXIT,170.5749969482422,0.1620468485692339,110.65236,4,5.0,0.35,18.0,-0.007144468,0.7444097,0.0,1,False,-0.007144467905163765,0.7444096803665161,0.0,1,0,5.11477,12.1575,20.9913,44.546,138.117,195.832,189.432,182.922,177.421,170.575,159.402,137.362,114.895,96.8158,74.7903,51.4808,34.0272,23.2856,11.5994
2026-08-04T12:43:19+0200,303,0,5.416,26.6123,36.4545,37.166900634765625,-0.013135800138115883,0.6887059807777405,6384.93,1,99.9837,0.0,0.408717,0.00880182,0.06877993,EXIT,170.18699645996094,0.16395116704836762,110.54513,4,5.0,0.35,18.0,-0.0066938614,0.7371268,0.0,1,False,-0.006693861447274685,0.7371268272399902,0.0,1,0,5.12656,12.2009,21.0759,44.7807,139.522,195.509,189.102,182.581,177.065,170.187,158.799,136.809,114.486,96.5074,74.5864,51.3654,33.9635,23.2475,11.5838
2026-08-04T12:43:19+0200,304,0,5.438,26.8459,36.6882,38.01190185546875,-0.019592100754380226,0.6950460076332092,6628.23,1,99.9834,0.0,0.408328,0.0105183,0.08449176,EXIT,169.77499389648438,0.16604152316612866,110.4333,4,5.0,0.35,18.0,-0.0053483453,0.727043,0.0,2,False,-0.005348345264792442,0.7270429730415344,0.0,2,0,5.13942,12.2461,21.1651,45.0314,141.067,195.173,188.757,182.223,176.691,169.775,158.123,136.215,114.047,96.1768,74.3685,51.2429,33.8962,23.2075,11.5675
2026-08-04T12:43:19+0200,305,0,5.46,27.0837,36.9259,38.32279968261719,-0.021022800356149673,0.6981800198554993,5250.85,2,99.9833,0.0,0.407865,0.0122315,0.0,EXIT,169.38600158691406,0.16793606008565282,110.36638,4,5.0,0.35,18.0,-0.0034467943,0.77620417,0.0,2,False,-0.0034467943478375673,0.7762041687965393,0.0,2,0,5.15297,12.291,21.2521,45.2688,142.471,194.845,188.423,181.879,176.333,169.386,157.49,135.684,113.652,95.8772,74.1684,51.1283,33.8321,23.1686,11.5512
2026-08-04T12:43:19+0200,306,0,5.482,27.3215,37.1638,38.291500091552734,-0.017118999734520912,0.6874939799308777,5267.2,2,99.9833,0.0,0.407336,0.0138903,0.0,EXIT,169.04800415039062,0.16940250707345192,110.3359,4,5.0,0.35,18.0,-0.0012265607,0.77687895,0.0,2,False,-0.001226560678333044,0.7768789529800415,0.0,2,0,5.16687,12.3339,21.3324,45.4753,143.57,194.54,188.115,181.566,176.013,169.048,156.986,135.274,113.341,95.6369,74.0035,51.0301,33.7749,23.1329,11.5354
2026-08-04T12:43:19+0200,307,0,5.504,27.5593,37.4016,38.30139923095703,-0.009788050316274166,0.6788650155067444,5235.99,2,99.9833,0.0,0.406748,0.0154895,0.0,EXIT,168.76499938964844,0.17038683587051587,110.31475,4,5.0,0.35,18.0,0.0011769347,0.77783865,0.0,2,False,0.001176934689283371,0.7778386473655701,0.0,2,0,5.18105,12.3742,21.4051,45.6467,144.322,194.262,187.837,181.288,175.734,168.765,156.64,134.992,113.12,95.4607,73.877,50.9501,33.7256,23.1006,11.5203
2026-08-04T12:43:19+0200,308,0,5.526,27.7984,37.6406,38.74509811401367,-0.001763049978762865,0.6847370266914368,5235.99,2,99.9832,0.0,0.406105,0.0170317,0.011623275,EXIT,168.54100036621094,0.17082859012222654,110.27533,4,5.0,0.35,18.0,0.0036987215,0.7707355,0.0,2,False,0.0036987215280532837,0.770735502243042,0.0,2,0,5.19543,12.4118,21.4693,45.7795,144.688,194.009,187.59,181.047,175.499,168.541,156.479,134.85,112.997,95.3541,73.792,50.8896,33.6846,23.0722,11.5059
2026-08-04T12:43:20+0200,309,0,5.548,28.0408,37.8831,39.29880142211914,0.009695660322904587,0.7045090198516846,5235.99,2,99.983,0.0,0.405401,0.01852,0.0067991433,MEDIUM_LEFT,168.38600158691406,0.1706575571464923,84.51996,4,7.0,0.55,18.0,0.033657983,0.45611477,0.0,2,False,0.0336579829454422,0.4561147689819336,0.0,2,0,5.21012,12.4465,21.5243,45.8682,144.605,193.786,187.377,180.847,175.315,168.386,156.52,134.867,112.986,95.3272,73.7544,50.8513,33.6531,23.0479,11.4921
2026-08-04T12:43:20+0200,310,0,5.57,28.2862,38.1284,39.66080093383789,0.10216999799013138,0.7272149920463562,5235.99,2,99.9829,0.0,0.404701,0.0195121,0.0,EXIT,168.6999969482422,0.166443586778159,110.326454,4,5.0,0.35,18.0,0.026406916,0.7608273,0.0,2,False,0.026406915858387947,0.7608273029327393,0.0,2,0,5.22199,12.4582,21.5102,45.6465,141.519,193.781,187.415,180.944,175.483,168.7,157.746,136.003,113.758,95.8568,74.0492,50.9702,33.6895,23.0545,11.4842
2026-08-04T12:43:20+0200,311,0,5.592,28.534,38.3762,40.14690017700195,0.11583799868822098,0.7497820258140564,5235.99,2,99.9827,0.0,0.404002,0.0203713,0.003105692,EXIT,169.1280059814453,0.16134897070655826,110.42209,4,5.0,0.35,18.0,0.022279147,0.76359165,0.0,2,False,0.022279147058725357,0.7635916471481323,0.0,2,0,5.23279,12.4624,21.4751,45.3376,137.764,193.836,187.521,181.121,175.744,169.128,158.994,137.498,114.778,96.5604,74.4465,51.1372,33.7467,23.0707,11.4783
2026-08-04T12:43:20+0200,312,0,5.614,28.785,38.6272,40.684600830078125,0.11117900162935257,0.7689880132675171,5235.99,2,99.9826,0.0,0.403254,0.0213431,0.0024814033,EXIT,169.45399475097656,0.15710537619829862,110.49294,4,5.0,0.35,18.0,0.020251665,0.7668035,0.0,2,False,0.020251665264368057,0.766803503036499,0.0,2,0,5.24405,12.4703,21.4518,45.0865,134.687,193.846,187.576,181.237,175.932,169.454,159.881,138.821,115.674,97.1748,74.7894,51.2779,33.7924,23.0817,11.4715
2026-08-04T12:43:20+0200,313,0,5.636,29.0394,38.8817,41.222900390625,0.10458000004291534,0.7827349901199341,5235.99,2,99.9824,0.0,0.402451,0.0224094,0.002392282,EXIT,169.7010040283203,0.15347531533028214,110.5488,4,5.0,0.35,18.0,0.019647302,0.7685087,0.0,2,False,0.019647302106022835,0.7685086727142334,0.0,2,0,5.25571,12.4813,21.4379,44.8806,132.117,193.821,187.591,181.305,176.062,169.701,160.546,140.005,116.471,97.7168,75.0881,51.3973,33.8289,23.0885,11.4639
2026-08-04T12:43:20+0200,314,0,5.658,29.2971,39.1393,41.76139831542969,0.10196299850940704,0.7906659841537476,5235.99,2,99.9822,0.0,0.401583,0.0235175,0.0026229182,EXIT,169.91600036621094,0.1500512361232613,110.59991,4,5.0,0.35,18.0,0.019997586,0.76922905,0.0,2,False,0.01999758556485176,0.7692290544509888,0.0,2,0,5.26753,12.4932,21.427,44.6896,129.755,193.782,187.59,181.355,176.17,169.916,161.112,141.163,117.247,98.2424,75.3759,51.511,33.8627,23.094,11.4561
2026-08-04T12:43:20+0200,315,0,5.68,29.5581,39.4003,42.29909896850586,0.10084199905395508,0.793749988079071,5235.99,2,99.9821,0.0,0.400655,0.0246444,0.0029804276,EXIT,170.1199951171875,0.1466554557871679,110.650734,4,5.0,0.35,18.0,0.020984491,0.76937765,0.0,2,False,0.02098449133336544,0.7693776488304138,0.0,2,0,5.27931,12.5049,21.4157,44.4995,127.476,193.741,187.585,181.401,176.273,170.12,161.626,142.351,118.04,98.7785,75.6687,51.6264,33.8971,23.0998,11.4482
2026-08-04T12:43:20+0200,316,0,5.702,29.8224,39.6647,42.836299896240234,0.10310299694538116,0.7940829992294312,5235.99,2,99.9819,0.0,0.399663,0.0257685,0.00337734,EXIT,170.33099365234375,0.14312977846411387,110.70524,4,5.0,0.35,18.0,0.02238967,0.7691911,0.0,2,False,0.022389670833945274,0.7691910862922668,0.0,2,0,5.29092,12.5155,21.4014,44.2987,125.179,193.707,187.587,181.454,176.382,170.331,162.123,143.623,118.887,99.3507,75.9813,51.7505,33.935,23.107,11.4407
2026-08-04T12:43:20+0200,317,0,5.724,30.0901,39.9324,43.37379837036133,0.10690400004386902,0.7966349720954895,5235.99,2,99.9817,0.0,0.398616,0.0268761,0.0035077685,EXIT,170.55799865722656,0.13937737381027107,110.76569,4,5.0,0.35,18.0,0.024062509,0.7689948,0.0,2,False,0.0240625087171793,0.7689948081970215,0.0,2,0,5.30221,12.5243,21.382,44.0795,122.815,193.685,187.601,181.52,176.507,170.558,162.622,145.016,119.815,99.9767,76.3241,51.8878,33.9783,23.1167,11.4336
2026-08-04T12:43:20+0200,318,0,5.746,30.3611,40.2034,43.911800384521484,0.11421100050210953,0.8028619885444641,5273.13,2,99.9816,0.0,0.397504,0.0279488,0.0037045015,EXIT,170.81399536132812,0.1352760412594676,110.83518,4,5.0,0.35,18.076208,0.02589592,0.7686886,0.0,2,False,0.025895919650793076,0.7686886191368103,0.0,2,0,5.31308,12.5305,21.3554,43.8331,120.321,193.684,187.636,181.61,176.659,170.814,163.141,146.586,120.858,100.681,76.7107,52.0446,34.0296,23.1299,11.4272
2026-08-04T12:43:20+0200,319,0,5.768,30.6354,40.4777,44.455101013183594,0.12291400134563446,0.8106889724731445,5342.5,2,99.9813,0.0,0.396345,0.0289743,0.0045163566,EXIT,171.1060028076172,0.1307388024534229,110.91543,4,5.0,0.35,18.264185,0.027811563,0.76804274,0.0,2,False,0.0278115626424551,0.7680427432060242,0.0,2,0,5.32335,12.5334,21.3198,43.5532,117.672,193.709,187.696,181.729,176.842,171.106,163.69,148.376,122.045,101.482,77.1519,52.2256,34.091,23.1477,11.4217
2026-08-04T12:43:20+0200,320,0,5.79,30.9131,40.7553,45.00550079345703,0.132082998752594,0.8157370090484619,5412.59,2,99.9811,0.0,0.395131,0.0299526,0.005285862,EXIT,171.43099975585938,0.12575941664739868,111.00649,4,5.0,0.35,18.44933,0.029759396,0.7674847,0.0,2,False,0.029759395867586136,0.767484724521637,0.0,2,0,5.333,12.5329,21.2751,43.2411,114.894,193.76,187.782,181.877,177.057,171.431,164.266,150.403,123.387,102.387,77.65,52.4315,34.1627,23.17,11.4171
2026-08-04T12:43:20+0200,321,0,5.812,31.1942,41.0364,45.563201904296875,0.14166699349880219,0.8226979970932007,5483.35,2,99.9808,0.0,0.393867,0.0308814,0.005992585,EXIT,171.78900146484375,0.12031293930081946,111.10898,4,5.0,0.35,18.631258,0.031704977,0.76705754,0.0,2,False,0.03170497715473175,0.7670575380325317,0.0,2,0,5.34198,12.5289,21.2211,42.8969,112.004,193.839,187.892,182.053,177.302,171.789,164.867,152.695,124.897,103.403,78.2096,52.6642,34.2454,23.1973,11.4135
2026-08-04T12:43:20+0200,322,0,5.834,31.4788,41.321,46.128700256347656,0.15140600502490997,0.8317000269889832,5555.59,2,99.9806,0.0,0.392553,0.0317589,0.0067794695,EXIT,172.17799377441406,0.11470761876945763,111.21505,4,5.0,0.35,18.813566,0.033624843,0.76661766,0.0,2,False,0.03362484276294708,0.7666176557540894,0.0,2,0,5.35028,12.5212,21.1578,42.5214,109.024,193.946,188.029,182.257,177.578,172.178,165.49,154.832,126.593,104.541,78.835,52.9251,34.3394,23.2296,11.4109
2026-08-04T12:43:20+0200,323,0,5.856,31.7668,41.6091,46.70209884643555,0.16115599870681763,0.8423799872398376,5629.04,2,99.9803,0.0,0.39119,0.0325833,0.007591715,EXIT,172.5989990234375,0.10916032820470752,111.31922,4,5.0,0.35,18.99878,0.03550255,0.76615375,0.0,2,False,0.03550254926085472,0.7661537528038025,0.0,2,0,5.35777,12.5097,21.0847,42.1148,105.973,194.084,188.191,182.489,177.883,172.599,166.136,156.497,128.492,105.81,79.5313,53.2161,34.4457,23.2673,11.4094
2026-08-04T12:43:20+0200,324,0,5.878,32.0585,41.9007,47.283199310302734,0.17083999514579773,0.8542720079421997,5703.16,2,99.98,0.0,0.389778,0.0333535,0.008342447,EXIT,173.04800415039062,0.10347310787331822,111.426476,4,5.0,0.35,19.18446,0.037326697,0.7657759,0.0,2,False,0.03732669726014137,0.7657759189605713,0.0,2,0,5.36446,12.4944,21.002,41.6787,102.871,194.252,188.378,182.749,178.218,173.048,166.801,157.94,130.616,107.224,80.3034,53.5389,34.5646,23.3107,11.4091
2026-08-04T12:43:20+0200,325,0,5.9,32.3513,42.1936,47.87220001220703,0.17767000198364258,0.8667979836463928,5779.26,2,99.9798,0.0,0.388332,0.0330253,0.009258314,GENTLE_LEFT,173.51400756835938,0.09752505510944351,120.8345,5,5.5,0.55,19.36931,0.06201128,0.6784299,0.0,2,False,0.06201127916574478,0.678429901599884,0.0,2,0,5.37043,12.4758,20.9116,41.2222,99.7837,194.444,188.583,183.027,178.571,173.514,167.472,159.232,132.951,108.77,81.1437,53.8893,34.6944,23.3588,11.4099
2026-08-04T12:43:20+0200,326,0,5.922,32.6456,42.4879,48.41569900512695,0.2497439980506897,0.8791890144348145,5797.87,2,99.9795,0.0,0.386971,0.0313829,0.0008678072,GENTLE_LEFT,174.23399353027344,0.08929734502561859,121.020966,5,5.5,0.55,19.505882,0.07712126,0.67250544,0.0,2,False,0.07712125778198242,0.6725054383277893,0.0,2,0,5.37296,12.4372,20.7669,40.5687,95.734,194.831,188.971,183.51,179.15,174.234,168.438,160.847,136.389,111.038,82.3752,54.4076,34.8921,23.4367,11.4162
2026-08-04T12:43:20+0200,327,0,5.944,32.9431,42.7854,48.93349838256836,0.3223550021648407,0.8901320099830627,5864.29,2,99.9793,0.0,0.385762,0.0291636,0.0015218894,GENTLE_LEFT,175.2570037841797,0.0783278349231631,121.28193,5,5.5,0.55,19.596619,0.08564088,0.6668836,0.0,2,False,0.08564087748527527,0.6668835878372192,0.0,2,0,5.37088,12.3731,20.5544,39.6814,90.6884,195.471,189.586,184.244,180.002,175.257,169.745,162.806,141.404,114.317,84.1426,55.1512,35.1797,23.554,11.4301
2026-08-04T12:43:20+0200,328,0,5.966,33.2438,43.0861,49.45289993286133,0.37902599573135376,0.8994309902191162,5929.69,2,99.979,0.0,0.384722,0.0265143,0.0019967365,CHICANE,176.46800231933594,0.06534520609941231,65.47458,3,8.0,0.24750000000000003,19.66142,0.06461793,0.115324795,0.0,2,False,0.06461793184280396,0.11532479524612427,0.0,2,0,5.36492,12.2897,20.2943,38.651,85.2868,196.306,190.361,185.145,181.032,176.468,171.241,164.879,147.953,118.538,86.3844,56.0843,35.5406,23.7028,11.4502
2026-08-04T12:43:20+0200,329,0,5.988,33.5467,43.389,49.604698181152344,0.35440298914909363,0.9036369919776917,5738.27,2,99.979,0.0,0.383816,0.0240234,0.0,CHICANE,177.5290069580078,0.05373423162314437,65.639046,3,8.0,0.24750000000000003,19.58191,0.048847258,0.11773249,0.0,2,False,0.0488472580909729,0.11773248761892319,0.0,2,0,5.35877,12.2113,20.0542,37.7286,80.7691,197.082,191.074,185.943,181.941,177.529,172.533,166.592,153.75,122.815,88.6125,56.9955,35.8892,23.8461,11.4699
2026-08-04T12:43:20+0200,330,0,6.01,33.85,43.6923,49.65409851074219,0.2983349859714508,0.8897979855537415,5746.35,2,99.979,0.0,0.382975,0.0219889,0.0,CHICANE,178.30299377441406,0.0455991726882112,65.757286,3,8.0,0.24750000000000003,19.500765,0.036878508,0.119894035,0.0,2,False,0.03687850758433342,0.11989403516054153,0.0,2,0,5.35466,12.1501,19.8661,37.0153,77.4409,197.663,191.604,186.517,182.6,178.303,173.475,167.822,156.601,126.54,90.5156,57.7591,36.177,23.9629,11.4852
2026-08-04T12:43:20+0200,331,0,6.032,34.1536,43.9959,49.70560073852539,0.24003399908542633,0.8800510168075562,5753.23,2,99.979,0.0,0.382168,0.0204249,0.0,CHICANE,178.8070068359375,0.03971680410672516,65.84278,3,8.0,0.0,19.44814,0.001371868,0.12141954,0.0,2,False,0.0013718679547309875,0.12141954153776169,0.0,2,0,5.35292,12.1069,19.7295,36.496,75.0887,198.037,191.942,186.873,183.02,178.807,174.099,168.642,158.273,129.549,92.0262,58.3541,36.3975,24.0509,11.4957
2026-08-04T12:43:20+0200,332,0,6.054,34.4575,44.2997,49.757999420166016,0.10807099938392639,0.8774420022964478,5759.53,2,99.979,0.0,0.381316,0.0197703,0.0,CHICANE,178.83599853515625,0.03735434847502674,65.87772,3,8.0,0.0,19.438835,-0.022183176,0.12442453,0.0,2,False,-0.02218317613005638,0.1244245320558548,0.0,2,0,5.35665,12.0989,19.6893,36.3134,74.2094,198.002,191.897,186.836,183.012,178.836,174.182,168.808,158.759,130.804,92.6398,58.5853,36.4771,24.079,11.4958
2026-08-04T12:43:20+0200,333,0,6.076,34.7617,44.6039,49.811500549316406,-0.014742200262844563,0.8804979920387268,5766.5,2,99.979,0.0,0.380343,0.0200925,0.0,CHICANE,178.37100219726562,0.038634746151150416,65.86064,3,8.0,0.0,19.474323,-0.037085928,0.12226991,0.0,2,False,-0.03708592802286148,0.12226991355419159,0.0,2,0,5.36687,12.1301,19.7534,36.485,74.8074,197.522,191.438,186.385,182.555,178.371,173.703,168.309,158.17,130.052,92.2437,58.4123,36.4012,24.0409,11.4842
2026-08-04T12:43:20+0200,334,0,6.098,35.0662,44.9085,49.86360168457031,-0.11256299912929535,0.8864849805831909,5771.68,2,99.979,0.0,0.379227,0.0210736,0.0,CHICANE,177.5679931640625,0.042422462635380145,65.80805,3,8.0,0.24750000000000003,19.539646,-0.019370418,0.12001682,0.0,2,False,-0.019370418041944504,0.12001682072877884,0.0,2,0,5.38204,12.1891,19.8908,36.9042,76.4495,196.746,190.701,185.652,181.792,177.568,172.843,167.354,156.824,127.979,91.1768,57.9681,36.2196,23.9574,11.4641
2026-08-04T12:43:20+0200,335,0,6.12,35.371,45.2133,49.915199279785156,-0.10071399807929993,0.8923329710960388,5776.82,2,99.979,0.0,0.378026,0.0219661,0.0,CHICANE,176.8040008544922,0.045965619051673755,65.75931,3,8.0,0.24750000000000003,19.60158,-0.0069261864,0.12055359,0.0,2,False,-0.006926186382770538,0.12055359035730362,0.0,2,0,5.39748,12.2467,20.0231,37.3038,78.025,196.011,190.003,184.953,181.065,176.804,172.026,166.446,155.51,126.131,90.214,57.5614,36.051,23.8787,11.4443
2026-08-04T12:43:20+0200,336,0,6.142,35.6761,45.5184,49.967201232910156,-0.06416130065917969,0.897150993347168,5783.03,2,99.979,0.0,0.376817,0.022417,0.0,CHICANE,176.26499938964844,0.04786001090775683,65.7343,3,8.0,0.24750000000000003,19.64342,0.0016989186,0.12092826,0.0,2,False,0.001698918640613556,0.12092825770378113,0.0,2,0,5.41052,12.2878,20.1098,37.5446,78.9198,195.474,189.49,184.441,180.542,176.265,171.463,165.842,154.702,125.161,89.6955,57.3328,35.9506,23.8286,11.4294
2026-08-04T12:43:20+0200,337,0,6.164,35.9816,45.8238,50.019100189208984,-0.02349420078098774,0.9004989862442017,5788.98,2,99.979,0.0,0.375633,0.022511,0.0,CHICANE,175.91000366210938,0.048369360952013336,65.72916,3,8.0,0.24750000000000003,19.668234,0.007520713,0.120937616,0.0,2,False,0.007520712912082672,0.12093761563301086,0.0,2,0,5.42134,12.3148,20.158,37.6514,79.2268,195.097,189.125,184.082,180.185,175.91,171.11,165.492,154.349,124.876,89.5273,57.2466,35.9054,23.802,11.4185
2026-08-04T12:43:20+0200,338,0,6.186,36.2873,46.1296,50.07099914550781,0.01160029973834753,0.9020259976387024,5794.99,2,99.979,0.0,0.374487,0.0223498,0.0,CHICANE,175.68800354003906,0.04787677713608757,65.7383,3,8.0,0.24750000000000003,19.680792,0.011288753,0.12019038,0.0,2,False,0.011288752779364586,0.12019038200378418,0.0,2,0,5.43037,12.3312,20.1778,37.6597,79.1028,194.832,188.866,183.833,179.947,175.688,170.908,165.323,154.325,125.076,89.6088,57.2622,35.9,23.7926,11.4108
2026-08-04T12:43:20+0200,339,0,6.208,36.5934,46.4356,50.122100830078125,0.03625689819455147,0.902072012424469,5800.59,2,99.979,0.0,0.373381,0.0220394,0.0,CHICANE,175.54100036621094,0.04680459111757839,65.75568,3,8.0,0.24750000000000003,19.685946,0.013584433,0.1196532,0.0,2,False,0.013584433123469353,0.11965320259332657,0.0,2,0,5.43821,12.341,20.1804,37.6098,78.7283,194.633,188.669,183.647,179.779,175.541,170.793,165.258,154.478,125.565,89.8383,57.3384,35.9183,23.7934,11.405
2026-08-04T12:43:20+0200,340,0,6.23,36.8998,46.7421,50.173099517822266,0.056586600840091705,0.9009979963302612,5806.52,2,99.979,0.0,0.372313,0.0216195,0.0,CHICANE,175.44900512695312,0.04531496982400944,65.77893,3,8.0,0.24750000000000003,19.685976,0.014821333,0.11929873,0.0,2,False,0.01482133287936449,0.11929872632026672,0.0,2,0,5.44508,12.3458,20.1701,37.5171,78.1758,194.483,188.516,183.507,179.66,175.449,170.74,165.267,154.744,126.274,90.1796,57.46,35.9545,23.802,11.4007
2026-08-04T12:43:20+0200,341,0,6.252,37.2065,47.0488,50.22330093383789,0.06879840046167374,0.8994190096855164,5812.06,2,99.979,0.0,0.371284,0.0211319,0.0,CHICANE,175.38999938964844,0.04357887021287495,65.80562,3,8.0,0.24750000000000003,19.682693,0.015305359,0.119078554,0.0,2,False,0.015305358916521072,0.11907855421304703,0.0,2,0,5.45123,12.3473,20.1515,37.3978,77.5202,194.363,188.392,183.395,179.57,175.39,170.723,165.317,155.063,127.128,90.5938,57.611,36.0021,23.8157,11.3974
2026-08-04T12:43:20+0200,342,0,6.274,37.5135,47.3558,50.273399353027344,0.07445749640464783,0.8982620239257812,5817.87,2,99.979,0.0,0.370289,0.0206209,0.0,CHICANE,175.34100341796875,0.04176602806809637,65.83329,3,8.0,0.24750000000000003,19.678478,0.015275452,0.11893597,0.0,2,False,0.01527545228600502,0.1189359724521637,0.0,2,0,5.45696,12.3472,20.1294,37.2692,76.8371,194.253,188.277,183.292,179.49,175.341,170.716,165.378,155.381,128.045,91.0381,57.7737,36.0545,23.8315,11.3948
2026-08-04T12:43:20+0200,343,0,6.296,37.8208,47.6631,50.32350158691406,0.0774248018860817,0.898032009601593,5823.68,2,99.979,0.0,0.369324,0.0201083,0.0,CHICANE,175.2899932861328,0.03995794769637097,65.86078,3,8.0,0.0,19.674376,-0.011390764,0.11883471,0.0,2,False,-0.011390764266252518,0.1188347116112709,0.0,2,0,5.4624,12.3464,20.1063,37.1395,76.1617,194.143,188.163,183.187,179.409,175.29,170.707,165.434,155.674,128.982,91.4913,57.9397,36.1081,23.8479,11.3923
2026-08-04T12:43:20+0200,344,0,6.318,38.1285,47.9708,50.3734016418457,0.00036573500256054103,0.8985239863395691,5829.46,2,99.979,0.0,0.368327,0.02009,0.0,CHICANE,174.99200439453125,0.03998608823908884,65.86196,3,8.0,0.0,19.692865,-0.028618943,0.118859865,0.0,2,False,-0.028618942946195602,0.11885986477136612,0.0,2,0,5.47093,12.3652,20.1362,37.1916,76.2542,193.814,187.843,182.875,179.104,174.992,170.419,165.161,155.447,128.925,91.4432,57.9049,36.0847,23.8318,11.3842
2026-08-04T12:43:20+0200,345,0,6.34,38.4364,48.2787,50.42259979248047,-0.08498439937829971,0.8995339870452881,5835.18,2,99.979,0.0,0.36723,0.0207419,0.0,CHICANE,174.36000061035156,0.04251897100008039,65.82748,3,8.0,0.24750000000000003,19.741909,-0.012827534,0.11669341,0.0,2,False,-0.012827534228563309,0.1166934072971344,0.0,2,0,5.48415,12.4118,20.24,37.4947,77.4004,193.187,187.246,182.283,178.494,174.36,169.754,164.442,154.522,127.519,90.7139,57.5963,35.9554,23.7704,11.368
2026-08-04T12:43:20+0200,346,0,6.362,38.7447,48.5869,50.47140121459961,-0.07295969873666763,0.9002259969711304,5840.13,2,99.979,0.0,0.366069,0.021376,0.0,CHICANE,173.73300170898438,0.04502695075920453,65.793594,3,8.0,0.24750000000000003,19.79033,-0.0018699095,0.11720764,0.0,2,False,-0.0018699094653129578,0.11720763891935349,0.0,2,0,5.49786,12.4592,20.3447,37.7991,78.557,192.569,186.657,181.696,177.89,173.733,169.095,163.73,153.593,126.17,90.0082,57.2949,35.8279,23.7094,11.3514
2026-08-04T12:43:20+0200,347,0,6.384,39.0532,48.8954,50.519798278808594,-0.037946298718452454,0.900223970413208,5845.72,2,99.979,0.0,0.36491,0.021631,0.0,CHICANE,173.29600524902344,0.04612384513168233,65.780045,3,8.0,0.24750000000000003,19.821045,0.005607524,0.11757847,0.0,2,False,0.0056075239554047585,0.11757846921682358,0.0,2,0,5.50937,12.4919,20.4093,37.9639,79.1166,192.117,186.223,181.267,177.458,173.296,168.65,163.27,153.067,125.571,89.6819,57.1455,35.7588,23.6729,11.339
2026-08-04T12:43:20+0200,348,0,6.406,39.362,49.2042,50.56869888305664,-0.00016536300245206803,0.9001700282096863,5851.72,2,99.979,0.0,0.363782,0.0215719,0.0,CHICANE,173.01600646972656,0.046031216628376295,65.783485,3,8.0,0.24750000000000003,19.837246,0.010539554,0.11699632,0.0,2,False,0.010539554059505463,0.11699631810188293,0.0,2,0,5.51882,12.5118,20.4392,38.0091,79.1603,191.804,185.918,180.97,177.169,173.016,168.383,163.023,152.888,125.58,89.6654,57.1215,35.7382,23.6571,11.3303
2026-08-04T12:43:20+0200,349,0,6.428,39.6711,49.5134,50.61709976196289,0.031004900112748146,0.9004859924316406,5856.98,2,99.979,0.0,0.362693,0.0212909,0.0,CHICANE,172.84800720214844,0.045092411899402586,65.798996,3,8.0,0.24750000000000003,19.842773,0.013615017,0.11637192,0.0,2,False,0.01361501682549715,0.11637192219495773,0.0,2,0,5.52664,12.5222,20.4439,37.9684,78.8369,191.587,185.704,180.766,176.98,172.848,168.242,162.925,152.949,126.022,89.8695,57.187,35.7524,23.6562,11.3243
2026-08-04T12:43:20+0200,350,0,6.45,39.9806,49.8228,50.66450119018555,0.05397560074925423,0.9011819958686829,5862.14,2,99.979,0.0,0.361651,0.0208705,0.0,CHICANE,172.7469940185547,0.04362849448123942,65.82194,3,8.0,0.24750000000000003,19.84143,0.015354306,0.115982994,0.0,2,False,0.015354306437075138,0.11598299443721771,0.0,2,0,5.53325,12.5263,20.4322,37.8732,78.288,191.431,185.546,180.62,176.854,172.747,168.178,162.917,153.146,126.746,90.216,57.3101,35.7891,23.6652,11.3202
2026-08-04T12:43:20+0200,351,0,6.472,40.2903,50.1325,50.71179962158203,0.06749170273542404,0.9021549820899963,5867.62,2,99.979,0.0,0.360649,0.0203784,0.0,CHICANE,172.68099975585938,0.041903642811114056,65.84849,3,8.0,0.24750000000000003,19.83687,0.01615685,0.11574477,0.0,2,False,0.01615685038268566,0.11574476957321167,0.0,2,0,5.5391,12.5267,20.4117,37.7499,77.631,191.306,185.418,180.503,176.759,172.681,168.151,162.951,153.398,127.625,90.64,57.4642,35.8379,23.6794,11.3172
2026-08-04T12:43:20+0200,352,0,6.494,40.6003,50.4426,50.75910186767578,0.07694710046052933,0.9034299850463867,5873.1,2,99.979,0.0,0.359682,0.0198467,0.0,CHICANE,172.6320037841797,0.04003614206003371,65.87697,3,8.0,0.24750000000000003,19.830591,0.016311426,0.115602195,0.0,2,False,0.01631142571568489,0.11560219526290894,0.0,2,0,5.5444,12.525,20.3859,37.6112,76.9217,191.199,185.305,180.4,176.68,172.632,168.143,163.007,153.669,128.601,91.1114,57.6369,35.8941,23.6969,11.315
2026-08-04T12:43:20+0200,353,0,6.516,40.9106,50.7529,50.806400299072266,0.0819694995880127,0.9045609831809998,5878.57,2,99.979,0.0,0.35875,0.0193117,0.0,CHICANE,172.58200073242188,0.038162265441689595,65.90541,3,8.0,0.0,19.824299,-0.010160692,0.11551357,0.0,2,False,-0.010160692036151886,0.11551357060670853,0.0,2,0,5.54939,12.5224,20.3588,37.4708,76.2183,191.093,185.194,180.298,176.6,172.582,168.134,163.059,153.923,129.604,91.594,57.8137,35.9519,23.7153,11.313
2026-08-04T12:43:21+0200,354,0,6.538,41.2212,51.0634,50.85350036621094,0.0057498998939991,0.9054840207099915,5884.02,2,99.979,0.0,0.35779,0.0192688,0.0,CHICANE,172.29200744628906,0.03809016016292875,65.90802,3,8.0,0.0,19.840406,-0.027290322,0.11573449,0.0,2,False,-0.02729032188653946,0.11573448777198792,0.0,2,0,5.55744,12.5395,20.3848,37.5113,76.2677,190.77,184.881,179.993,176.302,172.292,167.856,162.797,153.708,129.6,91.5732,57.7903,35.9331,23.7013,11.3055
2026-08-04T12:43:21+0200,355,0,6.56,41.5321,51.3743,50.90010070800781,-0.07608339935541153,0.9063090085983276,5889.46,2,99.979,0.0,0.356735,0.0198828,0.0,CHICANE,171.68499755859375,0.04043398258363713,65.8762,3,8.0,0.24750000000000003,19.886349,-0.01157232,0.11367899,0.0,2,False,-0.011572320014238358,0.11367899179458618,0.0,2,0,5.57013,12.584,20.4836,37.7976,77.3316,190.161,184.3,179.418,175.713,171.685,167.221,162.119,152.88,128.249,90.8774,57.4974,35.8107,23.6432,11.29
2026-08-04T12:43:21+0200,356,0,6.582,41.8432,51.6855,50.94599914550781,-0.06571029871702194,0.9046260118484497,5894.19,2,99.979,0.0,0.355617,0.0204804,0.0,CHICANE,171.08200073242188,0.042751352320126806,65.845024,3,8.0,0.24750000000000003,19.93151,-0.00070066005,0.11420375,0.0,2,False,-0.0007006600499153137,0.11420375108718872,0.0,2,0,5.58328,12.6293,20.5833,38.085,78.4036,189.559,183.726,178.849,175.13,171.082,166.592,161.447,152.052,126.951,90.2032,57.2111,35.6899,23.5853,11.2743
2026-08-04T12:43:21+0200,357,0,6.604,42.1546,51.9969,50.99169921875,-0.03146890178322792,0.9035130143165588,5899.4,2,99.979,0.0,0.354502,0.0207042,0.0,GENTLE_LEFT,170.66099548339844,0.043701041491652035,122.26229,5,5.5,0.55,19.959427,0.03289541,0.71312714,0.0,2,False,0.03289540857076645,0.7131271362304688,0.0,2,0,5.59425,12.66,20.6431,38.2348,78.8968,189.12,183.303,178.433,174.711,170.661,166.166,161.012,151.58,126.406,89.9068,57.0751,35.6264,23.5516,11.2626
2026-08-04T12:43:21+0200,358,0,6.626,42.4674,52.3096,51.435001373291016,0.07710380107164383,0.9052219986915588,6237.92,2,99.9788,0.0,0.353468,0.0200992,0.013634595,CHICANE,170.64199829101562,0.04157665446570885,65.848854,3,8.0,0.24750000000000003,20.119446,0.028133247,0.107823476,0.0,2,False,0.028133247047662735,0.10782347619533539,0.0,2,0,5.59968,12.6564,20.6109,38.0699,78.0625,189.037,183.214,178.355,174.66,170.642,166.192,161.107,151.907,127.507,90.4409,57.2724,35.6914,23.5724,11.2605
2026-08-04T12:43:21+0200,359,0,6.648,42.7825,52.6248,51.62110137939453,0.1093590036034584,0.91246497631073,5969.17,2,99.9788,0.0,0.352535,0.0191012,0.0,CHICANE,170.8070068359375,0.03801777503261999,65.89557,3,8.0,0.0,20.150898,-0.0017712973,0.108302645,0.0,2,False,-0.0017712973058223724,0.10830264538526535,0.0,2,0,5.60194,12.6355,20.5337,37.7569,76.6379,189.124,183.283,178.434,174.776,170.807,166.423,161.438,152.563,129.443,91.3903,57.6345,35.8198,23.6204,11.2636
2026-08-04T12:43:21+0200,360,0,6.67,43.0981,52.9403,51.66109848022461,0.03969680145382881,0.9176139831542969,5973.71,2,99.9788,0.0,0.351612,0.018681,0.0,CHICANE,170.69200134277344,0.03656900216894245,65.918175,3,8.0,0.0,20.146492,-0.02147524,0.110193156,0.0,2,False,-0.02147524058818817,0.1101931557059288,0.0,2,0,5.60748,12.6371,20.5182,37.6578,76.1169,188.96,183.117,178.277,174.637,170.692,166.34,161.403,152.674,130.226,91.7605,57.7658,35.8602,23.6314,11.2604
2026-08-04T12:43:21+0200,361,0,6.692,43.4139,53.2561,51.70140075683594,-0.04342859983444214,0.9173660278320312,5979.76,2,99.9788,0.0,0.350612,0.019027,0.0,CHICANE,170.21200561523438,0.03790750680631012,65.9009,3,8.0,0.0,20.177517,-0.033857793,0.10829462,0.0,2,False,-0.0338577926158905,0.10829462110996246,0.0,2,0,5.61815,12.6702,20.5867,37.8419,76.7533,188.463,182.641,177.809,174.164,170.212,165.85,160.897,152.109,129.412,91.3364,57.5826,35.7803,23.5916,11.2483
2026-08-04T12:43:21+0200,362,0,6.714,43.7299,53.5721,51.740299224853516,-0.11739599704742432,0.9145770072937012,5984.04,2,99.9788,0.0,0.349501,0.019948,0.0,GENTLE_LEFT,169.45599365234375,0.041373498783151254,122.29927,5,5.5,0.55,20.234785,0.011286035,0.6974422,0.0,2,False,0.011286035180091858,0.6974421739578247,0.0,2,0,5.63315,12.7281,20.721,38.247,78.3034,187.718,181.934,177.107,173.439,169.456,165.051,160.031,151.022,127.435,90.3274,57.1648,35.6098,23.513,11.2291
2026-08-04T12:43:21+0200,363,0,6.736,44.0471,53.8894,52.174400329589844,-0.016632800921797752,0.9159420132637024,6320.05,2,99.9785,0.0,0.348373,0.0202701,0.012402324,GENTLE_LEFT,168.98300170898438,0.042675120012778144,122.23743,5,5.5,0.55,20.43434,0.04087465,0.7015243,0.0,2,False,0.040874648839235306,0.7015243172645569,0.0,2,0,5.64481,12.7629,20.7918,38.434,78.9487,187.231,181.466,176.646,172.973,168.983,164.569,159.533,150.465,126.687,89.9301,56.9888,35.5311,23.4727,11.2163
2026-08-04T12:43:21+0200,364,0,6.758,44.3679,54.2101,52.77289962768555,0.09999830275774002,0.9253090023994446,6392.33,2,99.9783,0.0,0.347363,0.0194066,0.012816952,STRAIGHT,169.0749969482422,0.03961641826670483,159.90231,6,4.5,0.0,20.648863,8.199364e-05,0.8813618,0.0,2,False,8.199363946914673e-05,0.8813617825508118,0.0,2,0,5.64848,12.7485,20.7306,38.1712,77.7177,187.249,181.47,176.662,173.022,169.075,164.718,159.769,150.98,128.324,90.73,57.2911,35.6361,23.5104,11.2172
2026-08-04T12:43:21+0200,365,0,6.78,44.6926,54.5348,53.47380065917969,0.03017839975655079,0.9405019879341125,6659.95,2,99.9779,0.0,0.346393,0.0187301,0.04141658,STRAIGHT,169.07000732421875,0.03724656446929741,159.92047,6,4.5,0.0,20.916254,-0.026478399,0.8865519,0.0,2,False,-0.026478398591279984,0.8865519165992737,0.0,2,0,5.6529,12.7408,20.6886,37.9788,76.8033,187.183,181.396,176.596,172.983,169.07,164.759,159.878,151.296,129.621,91.3556,57.5228,35.7141,23.537,11.2164
2026-08-04T12:43:21+0200,366,0,6.802,45.0219,54.8642,54.27009963989258,-0.05549680069088936,0.9594569802284241,6811.94,2,99.9775,0.0,0.345336,0.0190472,0.05042018,STRAIGHT,168.59100341796875,0.03848754078856331,159.80307,6,4.5,0.0,21.272703,-0.0432581,0.8641074,0.0,3,False,-0.043258100748062134,0.8641073703765869,0.0,3,0,5.66391,12.7739,20.7562,38.1568,77.4076,186.684,180.918,176.127,172.51,168.591,164.272,159.379,150.751,128.865,90.959,57.3495,35.6374,23.4981,11.2042
2026-08-04T12:43:21+0200,367,0,6.824,45.3551,55.1973,54.564701080322266,-0.13710500299930573,0.9764999747276306,5384.88,3,99.9774,0.0,0.34415,0.0201686,0.0,GENTLE_LEFT,167.7270050048828,0.04269191811756203,122.074425,5,5.5,0.55,21.45261,0.005411662,0.69106853,0.0,3,False,0.00541166216135025,0.6910685300827026,0.0,3,0,5.68079,12.8416,20.9155,38.6447,79.2979,185.84,180.116,175.329,171.683,167.727,163.356,158.382,149.491,126.491,89.7493,56.8506,35.4352,23.4057,11.1823
2026-08-04T12:43:21+0200,368,0,6.846,45.6883,55.5305,54.52239990234375,-0.04628299921751022,0.9729819893836975,5401.27,3,99.9774,0.0,0.34292,0.0208341,0.0,GENTLE_LEFT,167.0749969482422,0.045275991297626765,122.017204,5,5.5,0.55,21.46478,0.037588105,0.70874363,0.0,3,False,0.037588104605674744,0.7087436318397522,0.0,3,0,5.69539,12.8923,21.0278,38.9705,80.5253,185.191,179.497,174.713,171.052,167.075,162.676,157.657,148.611,125.073,89.0106,56.536,35.3022,23.3419,11.1649
2026-08-04T12:43:21+0200,369,0,6.868,46.0213,55.8635,54.5088005065918,0.09009440243244171,0.9588080048561096,5235.99,3,99.9774,0.0,0.341811,0.0202157,0.0,GENTLE_LEFT,167.03599548339844,0.04311419117469025,122.08386,5,5.5,0.55,21.425884,0.058240168,0.6941064,0.0,3,False,0.058240167796611786,0.69410640001297,0.0,3,0,5.70133,12.8893,20.9952,38.8004,79.6564,185.086,179.387,174.616,170.98,167.036,162.681,157.729,148.898,126.178,89.5463,56.7329,35.3664,23.3619,11.1623
2026-08-04T12:43:21+0200,370,0,6.89,46.3551,56.1974,54.79990005493164,0.20084500312805176,0.952580988407135,5235.99,3,99.9773,0.0,0.340885,0.0185445,0.0,STRAIGHT,167.48800659179688,0.03711194174170729,159.83607,6,4.5,0.0,21.467606,0.012156151,0.8781292,0.0,3,False,0.012156151235103607,0.8781291842460632,0.0,3,0,5.69944,12.8408,20.8429,38.2305,77.1703,185.43,179.694,174.937,171.358,167.488,163.231,158.428,150.05,129.476,91.1725,57.3626,35.5965,23.4526,11.1725
2026-08-04T12:43:21+0200,371,0,6.912,46.6914,56.5337,55.25019836425781,0.11153899878263474,0.960860013961792,5235.99,3,99.977,0.0,0.340035,0.0173249,0.0,STRAIGHT,167.71499633789062,0.0327804955842683,159.94814,6,4.5,0.0,21.600304,-0.018204458,0.9072753,0.0,3,False,-0.0182044580578804,0.9072753190994263,0.0,3,0,5.69958,12.8091,20.7389,37.8362,75.4761,185.582,179.823,175.07,171.533,167.715,163.529,158.829,150.747,131.979,92.3866,57.8241,35.7619,23.5163,11.1786
2026-08-04T12:43:21+0200,372,0,6.934,47.0306,56.8729,55.74399948120117,-0.002871379954740405,0.9730349779129028,5286.72,3,99.9768,0.0,0.339103,0.0173143,0.0,STRAIGHT,167.38099670410156,0.032797358599725636,159.9042,6,4.5,0.0,21.810644,-0.03772049,0.90430605,0.0,3,False,-0.037720490247011185,0.9043060541152954,0.0,3,0,5.70757,12.8268,20.7671,37.8858,75.5675,185.214,179.466,174.722,171.191,167.381,163.205,158.519,150.469,131.91,92.3335,57.7882,35.7387,23.5006,11.1709
2026-08-04T12:43:21+0200,373,0,6.956,47.3729,57.2152,56.24509811401367,-0.10084900259971619,0.9882709980010986,5329.95,3,99.9765,0.0,0.33803,0.0182513,0.0,STRAIGHT,166.60899353027344,0.03624106737078852,159.74084,6,4.5,0.0,22.071566,-0.049697943,0.89046246,0.0,3,False,-0.04969794303178787,0.8904624581336975,0.0,3,0,5.72239,12.8847,20.9015,38.2882,77.0644,184.439,178.73,173.998,170.447,166.609,162.397,157.654,149.442,129.811,91.2804,57.3592,35.5656,23.4215,11.1519
2026-08-04T12:43:21+0200,374,0,6.978,47.7182,57.5604,56.74250030517578,-0.17458300292491913,1.0035899877548218,5371.43,3,99.9763,0.0,0.336793,0.0198135,0.0,GENTLE_LEFT,165.53900146484375,0.0420172383547625,121.9688,5,5.5,0.55,22.364155,0.0014098361,0.68694645,0.0,3,False,0.0014098361134529114,0.686946451663971,0.0,3,0,5.7424,12.9714,21.111,38.9431,79.6185,183.399,177.746,173.02,169.428,165.539,161.255,156.405,147.866,126.502,89.6107,56.6798,35.2948,23.3001,11.1248
2026-08-04T12:43:21+0200,375,0,7.0,48.0663,57.9086,57.14939880371094,-0.07178449630737305,1.0159599781036377,5352.03,3,99.9761,0.0,0.335494,0.0207108,0.0,GENTLE_LEFT,164.7689971923828,0.04544558563567116,121.853355,5,5.5,0.55,22.58543,0.035245687,0.709011,0.0,3,False,0.035245686769485474,0.7090110182762146,0.0,3,0,5.75902,13.033,21.2517,39.3632,81.231,182.641,177.024,172.299,168.686,164.769,160.446,155.537,146.803,124.619,88.6386,56.2716,35.1255,23.2206,11.1045
2026-08-04T12:43:21+0200,376,0,7.022,48.4168,58.259,57.52909851074219,0.062171999365091324,1.0222599506378174,5397.1,3,99.9759,0.0,0.334301,0.0202441,0.0,GENTLE_LEFT,164.63699340820312,0.04385615549369979,121.87371,5,5.5,0.55,22.724678,0.05701231,0.69363064,0.0,3,False,0.05701230838894844,0.6936306357383728,0.0,3,0,5.76656,13.0375,21.238,39.254,80.6114,182.45,176.832,172.12,168.528,164.637,160.349,155.492,146.916,125.416,89.0171,56.4043,35.1642,23.2294,11.0995
2026-08-04T12:43:21+0200,377,0,7.044,48.7695,58.6118,57.90650177001953,0.1788650006055832,1.0233500003814697,5433.23,3,99.9758,0.0,0.333282,0.0187138,0.0,STRAIGHT,164.9929962158203,0.03837695489389442,159.53479,6,4.5,0.0,22.807749,0.013006896,0.8766268,0.0,3,False,0.013006895780563354,0.8766267895698547,0.0,3,0,5.7662,12.9957,21.1018,38.7346,78.3189,182.703,177.054,172.359,168.818,164.993,160.795,156.069,147.885,128.392,90.4827,56.9693,35.3689,23.3088,11.1074
2026-08-04T12:43:21+0200,378,0,7.066,49.1249,58.9671,58.37260055541992,0.10584700107574463,1.0250799655914307,5536.58,3,99.9755,0.0,0.332351,0.0174885,0.0,STRAIGHT,165.1959991455078,0.034026213660972984,159.64667,6,4.5,0.0,22.945238,-0.016003385,0.9043119,0.0,3,False,-0.016003385186195374,0.9043118953704834,0.0,3,0,5.76692,12.9648,20.9981,38.3363,76.5934,182.828,177.157,172.469,168.969,165.196,161.068,156.443,148.54,130.871,91.6852,57.4256,35.5317,23.3709,11.1127
2026-08-04T12:43:21+0200,379,0,7.088,49.4833,59.3255,58.89250183105469,8.586780313635245e-05,1.030900001525879,5596.61,3,99.9753,0.0,0.331355,0.0173799,0.0015509129,STRAIGHT,164.88800048828125,0.03369829293717865,159.61264,6,4.5,0.0,23.16375,-0.034688927,0.9021657,0.0,3,False,-0.03468892723321915,0.9021657109260559,0.0,3,0,5.77487,12.9797,21.0176,38.3539,76.5489,182.48,176.819,172.139,168.649,164.888,160.774,156.169,148.319,131.006,91.7305,57.4271,35.5218,23.3604,11.1056
2026-08-04T12:43:21+0200,380,0,7.11,49.8449,59.6871,59.42150115966797,-0.08976159989833832,1.0368599891662598,5648.42,3,99.975,0.0,0.330232,0.0182221,0.0018540221,STRAIGHT,164.14500427246094,0.03680506528100468,159.45854,6,4.5,0.0,23.436451,-0.046173654,0.8888102,0.0,3,False,-0.04617365449666977,0.8888102173805237,0.0,3,0,5.78962,13.0353,21.1445,38.7284,77.9279,181.73,176.104,171.436,167.929,164.145,160.001,155.352,147.371,129.116,90.7786,57.0367,35.3628,23.2869,11.0872
2026-08-04T12:43:21+0200,381,0,7.132,50.2097,60.0519,59.95009994506836,-0.15438300371170044,1.0444300174713135,5694.88,3,99.9748,0.0,0.328954,0.0197178,0.00117136,GENTLE_LEFT,163.09800720214844,0.042333767740655594,121.75728,5,5.5,0.55,23.745438,0.003914267,0.6863599,0.0,3,False,0.00391426682472229,0.6863598823547363,0.0,3,0,5.80969,13.1208,21.3499,39.3667,80.4058,180.706,175.134,170.472,166.928,163.098,158.89,154.145,145.883,125.95,89.1802,56.3852,35.1023,23.1695,11.0606
2026-08-04T12:43:21+0200,382,0,7.154,50.5775,60.4197,60.38740158081055,-0.048616599291563034,1.053279995918274,5666.23,3,99.9745,0.0,0.32762,0.0205619,0.0,GENTLE_LEFT,162.33999633789062,0.0455559269093615,121.64511,5,5.5,0.55,23.981167,0.037050903,0.7062399,0.0,3,False,0.03705090284347534,0.7062398791313171,0.0,3,0,5.82635,13.1814,21.4867,39.7715,81.9452,179.953,174.417,169.756,166.194,162.34,158.099,153.303,144.882,124.171,88.2608,55.9977,34.9406,23.0931,11.0406
2026-08-04T12:43:21+0200,383,0,7.176,50.9478,60.79,60.789100646972656,0.08075229823589325,1.0619100332260132,5713.3,3,99.9743,0.0,0.32639,0.0199975,0.0,GENTLE_LEFT,162.22900390625,0.04361246991560267,121.673454,5,5.5,0.55,24.124788,0.05830119,0.69099134,0.0,3,False,0.05830119177699089,0.6909913420677185,0.0,3,0,5.83359,13.1824,21.4627,39.6249,81.1658,179.778,174.239,169.592,166.054,162.229,158.027,153.289,145.037,125.155,88.7316,56.1664,34.9926,23.1072,11.0363
2026-08-04T12:43:21+0200,384,0,7.198,51.3206,61.1628,61.188899993896484,0.188633993268013,1.0691399574279785,5750.03,3,99.974,0.0,0.325339,0.01833,0.0,STRAIGHT,162.61399841308594,0.03764992642287078,159.28786,6,4.5,0.0,24.207253,0.015219927,0.87378097,0.0,3,False,0.015219926834106445,0.8737809658050537,0.0,3,0,5.83257,13.1349,21.3109,39.0517,78.6617,180.057,174.485,169.855,166.37,162.614,158.504,153.901,146.029,128.417,90.3342,56.7835,35.2163,23.1943,11.0453
2026-08-04T12:43:21+0200,385,0,7.22,51.696,61.5383,61.679500579833984,0.11051899939775467,1.0768200159072876,5864.9,3,99.9737,0.0,0.324383,0.0169528,0.0020486251,STRAIGHT,162.85400390625,0.03275866619657982,159.41637,6,4.5,0.0,24.34539,-0.013267934,0.89965755,0.0,3,False,-0.013267934322357178,0.8996575474739075,0.0,3,0,5.83251,13.0979,21.1903,38.5971,76.7227,180.217,174.619,169.995,166.555,162.854,158.818,154.319,146.727,131.237,91.6981,57.3006,35.4013,23.2654,11.052
2026-08-04T12:43:21+0200,386,0,7.242,52.0747,61.917,62.229698181152344,0.0066774701699614525,1.0857700109481812,5930.15,3,99.9734,0.0,0.323373,0.0166997,0.0044503347,STRAIGHT,162.58799743652344,0.0319039234616605,159.39775,6,4.5,0.0,24.570738,-0.031689323,0.89997494,0.0,3,False,-0.031689323484897614,0.8999749422073364,0.0,3,0,5.8397,13.1073,21.1944,38.5623,76.4716,179.906,174.314,169.699,166.272,162.588,158.573,154.103,146.586,131.687,91.8956,57.3606,35.4132,23.2639,11.0463
2026-08-04T12:43:21+0200,387,0,7.264,52.4568,62.2991,62.792598724365234,-0.07904630154371262,1.0962899923324585,5984.41,3,99.973,0.0,0.322245,0.0174331,0.004621882,STRAIGHT,161.8820037841797,0.034599478225114666,159.25452,6,4.5,0.0,24.856483,-0.043060437,0.88715863,0.0,3,False,-0.043060436844825745,0.8871586322784424,0.0,3,0,5.85388,13.1587,21.3098,38.8961,77.6706,179.182,173.623,169.022,165.582,161.882,157.845,153.342,145.734,129.996,91.0474,57.0125,35.2706,23.1972,11.029
2026-08-04T12:43:21+0200,388,0,7.286,52.8423,62.6846,63.354698181152344,-0.13816499710083008,1.107550024986267,6032.99,3,99.9727,0.0,0.320969,0.0188612,0.0037806195,STRAIGHT,160.86000061035156,0.03984308410175891,159.0234,6,4.5,0.0,25.182343,-0.04948837,0.87859964,0.0,3,False,-0.0494883693754673,0.8785996437072754,0.0,3,0,5.87359,13.2417,21.508,39.506,79.9959,178.171,172.665,168.073,164.601,160.86,156.768,152.185,144.352,126.907,89.4984,56.3845,35.02,23.0843,11.0032
2026-08-04T12:43:21+0200,389,0,7.308,53.2313,63.0736,63.914100646972656,-0.17555999755859375,1.118749976158142,6084.67,3,99.9724,0.0,0.319527,0.0207192,0.0034929595,GENTLE_LEFT,159.63099670410156,0.04674856393278573,121.38618,5,5.5,0.55,25.534462,0.0026677325,0.68042463,0.0,3,False,0.002667732536792755,0.6804246306419373,0.0,3,0,5.89745,13.3466,21.7633,40.3124,83.1972,176.987,171.545,166.947,163.43,159.631,155.46,150.759,142.582,123.113,87.5707,55.5955,34.7043,22.9425,10.9716
2026-08-04T12:43:21+0200,390,0,7.33,53.6235,63.4657,64.38099670410156,-0.055177800357341766,1.1285899877548218,6049.4,3,99.9721,0.0,0.318026,0.021782,0.0,GENTLE_LEFT,158.7519989013672,0.05083306432157665,121.2496,5,5.5,0.55,25.802156,0.037291415,0.7033851,0.0,3,False,0.03729141503572464,0.7033851146697998,0.0,3,0,5.91702,13.4204,21.9334,40.8276,85.2242,176.128,170.727,166.122,162.582,158.752,154.537,149.771,141.388,120.978,86.459,55.1251,34.5083,22.8504,10.948
2026-08-04T12:43:21+0200,391,0,7.352,54.0182,63.8605,64.80709838867188,0.0787201002240181,1.1349600553512573,6102.55,3,99.9719,0.0,0.316628,0.0212866,0.0,GENTLE_LEFT,158.58399963378906,0.049149451205045054,121.2702,5,5.5,0.55,25.960604,0.059560332,0.68752503,0.0,3,False,0.05956033244729042,0.6875250339508057,0.0,3,0,5.92608,13.4271,21.9211,40.7111,84.5278,175.893,170.492,165.905,162.386,158.584,154.406,149.693,141.467,121.77,86.8356,55.2555,34.5444,22.8568,10.9415
2026-08-04T12:43:21+0200,392,0,7.374,54.4156,64.2579,65.23269653320312,0.1883160024881363,1.139930009841919,6141.87,3,99.9716,0.0,0.315414,0.0195359,0.0,GENTLE_LEFT,158.9770050048828,0.04285214626323463,121.41324,5,5.5,0.55,26.044962,0.07301164,0.67772126,0.0,3,False,0.07301163673400879,0.6777212619781494,0.0,3,0,5.9258,13.378,21.76,40.0902,81.7318,176.161,170.727,166.17,162.708,158.977,154.895,150.324,142.501,125.025,88.4507,55.8818,34.7717,22.9448,10.9498
2026-08-04T12:43:21+0200,393,0,7.396,54.8156,64.6579,65.6532974243164,0.2633270025253296,1.1447700262069702,6181.27,3,99.9714,0.0,0.314426,0.0169175,0.0,STRAIGHT,159.7310028076172,0.03350520777391267,159.06354,6,4.5,0.0,26.077394,0.026101012,0.8626096,0.0,3,False,0.026101011782884598,0.8626096248626709,0.0,3,0,5.91825,13.2895,21.4987,39.1528,77.8016,176.785,171.293,166.751,163.365,159.731,155.777,151.387,144.047,130.262,91.0456,56.8841,35.1405,23.0927,10.9693
2026-08-04T12:43:21+0200,394,0,7.418,55.2185,65.0607,66.1707992553711,0.15835799276828766,1.1512700319290161,6312.83,3,99.971,0.0,0.313567,0.0147808,0.005420862,STRAIGHT,160.24600219726562,0.02688679109444742,159.2488,6,4.5,0.0,26.196415,-0.0052736104,0.8891506,0.0,3,False,-0.005273610353469849,0.8891506195068359,0.0,3,0,5.91261,13.2194,21.2923,38.4248,74.8774,177.218,171.682,167.131,163.806,160.246,156.389,152.135,145.13,133.293,93.2786,57.7282,35.4465,23.2142,10.9848
2026-08-04T12:43:21+0200,395,0,7.44,55.6247,65.4669,66.75740051269531,0.036321401596069336,1.159749984741211,6384.9,3,99.9707,0.0,0.312683,0.0139726,0.008274478,STRAIGHT,160.1820068359375,0.024653888403222596,159.27342,6,4.5,0.0,26.417036,-0.025868714,0.9007863,0.0,3,False,-0.025868713855743408,0.900786280632019,0.0,3,0,5.91531,13.2039,21.2326,38.188,73.8897,177.105,171.56,167.008,163.709,160.182,156.367,152.168,145.296,134.024,94.1129,58.0297,35.5487,23.2507,10.9861
2026-08-04T12:43:21+0200,396,0,7.462,56.0346,65.8768,67.36479949951172,-0.0560762993991375,1.1707299947738647,6449.56,3,99.9703,0.0,0.311701,0.0143465,0.009426843,STRAIGHT,159.61500549316406,0.02582367984692091,159.17767,6,4.5,0.0,26.702925,-0.038852766,0.8869454,0.0,3,False,-0.038852766156196594,0.8869454264640808,0.0,3,0,5.92603,13.2378,21.3032,38.3746,74.4935,176.5,170.979,166.445,163.144,159.615,155.796,151.592,144.703,133.336,93.6257,57.8284,35.4637,23.2092,10.9739
2026-08-04T12:43:21+0200,397,0,7.484,56.4482,66.2905,67.97560119628906,-0.11571499705314636,1.18326997756958,6500.08,3,99.97,0.0,0.310582,0.0155859,0.008219569,STRAIGHT,158.677001953125,0.029574532233330897,158.99243,6,4.5,0.0,27.033928,-0.04644405,0.87808436,0.0,3,False,-0.04644405096769333,0.8780843615531921,0.0,3,0,5.94326,13.3096,21.4726,38.8823,76.3184,175.539,170.066,165.558,162.235,158.677,154.822,150.565,143.547,131.556,92.1914,57.2625,35.2416,23.1099,10.9513
2026-08-04T12:43:21+0200,398,0,7.506,56.8655,66.7077,68.58190155029297,-0.14920100569725037,1.19582998752594,6554.4,3,99.9697,0.0,0.309309,0.0173795,0.0076222965,STRAIGHT,157.4929962158203,0.03535774901349025,158.73776,6,4.5,0.0,27.39834,-0.05024065,0.8716653,0.0,3,False,-0.0502406507730484,0.8716652989387512,0.0,3,0,5.96528,13.4077,21.7106,39.6183,79.0722,174.354,168.945,164.457,161.098,157.493,153.577,149.234,141.994,128.683,90.2119,56.4763,34.9337,22.9736,10.9217
2026-08-04T12:43:22+0200,399,0,7.528,57.2866,67.1288,69.1863021850586,-0.16656799614429474,1.2075300216674805,6612.53,3,99.9693,0.0,0.307855,0.0195081,0.0076494743,GENTLE_LEFT,156.1479949951172,0.04306145283431437,121.14274,5,5.5,0.55,27.796242,0.0017234161,0.6760143,0.0,3,False,0.0017234161496162415,0.6760143041610718,0.0,3,0,5.99105,13.5245,21.9971,40.5218,82.5885,173.041,167.703,163.218,159.811,156.148,152.151,147.694,140.149,124.361,87.9698,55.5716,34.5761,22.8147,10.8872
2026-08-04T12:43:22+0200,400,0,7.55,57.7111,67.5533,69.69709777832031,-0.03868189826607704,1.2162100076675415,6564.89,3,99.969,0.0,0.306333,0.0207805,0.0,GENTLE_LEFT,155.16200256347656,0.04784598856297711,120.98395,5,5.5,0.55,28.103617,0.03634251,0.7016605,0.0,3,False,0.03634250909090042,0.7016605138778687,0.0,3,0,6.01218,13.6079,22.1924,41.1188,84.9161,172.072,166.781,162.293,158.86,155.162,151.12,146.595,138.86,121.766,86.6367,55.0162,34.3483,22.7093,10.8613
2026-08-04T12:43:22+0200,401,0,7.572,58.1385,67.9808,70.15859985351562,0.09047800302505493,1.2200900316238403,6624.61,3,99.9687,0.0,0.304897,0.0203777,0.0,GENTLE_LEFT,154.91299438476562,0.046506480942080305,120.99277,5,5.5,0.55,28.283998,0.05866007,0.6855573,0.0,3,False,0.05866007134318352,0.6855573058128357,0.0,3,0,6.0221,13.619,22.1915,41.0415,84.3992,171.761,166.474,162.001,158.587,154.913,150.901,146.419,138.796,122.397,86.9268,55.1099,34.3696,22.7092,10.8535
2026-08-04T12:43:22+0200,402,0,7.594,58.5687,68.4109,70.62059783935547,0.18794600665569305,1.2240300178527832,6666.24,3,99.9684,0.0,0.303644,0.0185997,0.0,STRAIGHT,155.2570037841797,0.0401444099580239,158.4073,6,4.5,0.55,28.377533,0.07004958,0.8664714,0.0,3,False,0.07004957646131516,0.8664714097976685,0.0,3,0,6.02182,13.5686,22.0269,40.4121,81.6184,171.989,166.67,162.224,158.863,155.257,151.334,146.979,139.689,125.767,88.5851,55.7477,34.5996,22.7978,10.8617
2026-08-04T12:43:22+0200,403,0,7.616,59.0019,68.8442,71.17120361328125,0.23488099873065948,1.230929970741272,6822.19,3,99.9679,0.0,0.30261,0.0158586,0.01030131,STRAIGHT,155.98800659179688,0.031457032297815074,158.66338,6,4.5,0.0,28.470137,0.025829934,0.85475934,0.0,3,False,0.02582993358373642,0.8547593355178833,0.0,3,0,6.01367,13.4747,21.751,39.4324,77.5906,172.602,167.225,162.787,159.502,155.988,152.186,147.998,141.125,129.658,91.3397,56.8025,34.9855,22.9521,10.8818
2026-08-04T12:43:22+0200,404,0,7.638,59.4389,69.2811,71.79000091552734,0.11581800132989883,1.2406500577926636,6880.99,3,99.9675,0.0,0.301707,0.0134899,0.010510569,STRAIGHT,156.53199768066406,0.024872455417625464,158.83722,6,4.5,0.0,28.629566,-0.0039037764,0.88291585,0.0,3,False,-0.0039037764072418213,0.8829158544540405,0.0,3,0,6.00678,13.395,21.5193,38.6262,74.4271,173.073,167.647,163.193,159.969,156.532,152.827,148.771,142.205,131.932,93.8655,57.7479,35.3265,23.0872,10.8993
2026-08-04T12:43:22+0200,405,0,7.66,59.8796,69.7219,72.42849731445312,-0.0033301101066172123,1.25246000289917,6958.4,3,99.9671,0.0,0.300802,0.0124834,0.013014281,STRAIGHT,156.5,0.02229205700268863,158.86879,6,4.5,0.0,28.868061,-0.023536567,0.8953051,0.0,3,False,-0.023536566644906998,0.8953050971031189,0.0,3,0,6.00836,13.3716,21.4385,38.3228,73.2166,172.994,167.556,163.095,159.901,156.5,152.84,148.845,142.413,132.575,94.9447,58.1364,35.4594,23.1359,10.9024
2026-08-04T12:43:22+0200,406,0,7.682,60.3244,70.1666,73.08769989013672,-0.08315250277519226,1.2661999464035034,7031.19,3,99.9667,0.0,0.299819,0.012723,0.014504727,STRAIGHT,155.95799255371094,0.02304687791037864,158.78214,6,4.5,0.0,29.175508,-0.03596997,0.8814283,0.0,3,False,-0.035969968885183334,0.8814283013343811,0.0,3,0,6.01829,13.4001,21.4944,38.4603,73.6268,172.407,166.991,162.548,159.356,155.958,152.301,148.309,141.882,132.044,94.5982,57.99,35.395,23.103,10.8916
2026-08-04T12:43:22+0200,407,0,7.704,60.7732,70.6155,73.75170135498047,-0.1243240013718605,1.2803900241851807,7086.9,3,99.9663,0.0,0.298721,0.0138831,0.013382965,STRAIGHT,155.03799438476562,0.026297847133662944,158.6086,6,4.5,0.0,29.53091,-0.04325292,0.87315446,0.0,3,False,-0.04325291886925697,0.8731544613838196,0.0,3,0,6.03491,13.4684,21.6542,38.9317,75.2703,171.448,166.078,161.667,158.458,155.038,151.353,147.323,140.805,130.65,93.2112,57.4499,35.1844,23.0091,10.8702
2026-08-04T12:43:22+0200,408,0,7.726,61.2261,71.0683,74.41120147705078,-0.13967199623584747,1.293779969215393,7146.91,3,99.9659,0.0,0.297476,0.015652,0.01286788,STRAIGHT,153.86099243164062,0.03139453067399385,158.37215,6,4.5,0.0,29.91918,-0.046872392,0.86720854,0.0,3,False,-0.04687239229679108,0.8672085404396057,0.0,3,0,6.05665,13.5653,21.8881,39.6459,77.8641,170.247,164.941,160.561,157.32,153.861,150.126,146.025,139.342,128.558,91.199,56.6628,34.8791,22.8746,10.8411
2026-08-04T12:43:22+0200,409,0,7.748,61.6829,71.5252,75.068603515625,-0.139957994222641,1.305609941482544,7211.11,3,99.9654,0.0,0.296068,0.0178058,0.012982557,STRAIGHT,152.50900268554688,0.0379939712804266,158.08456,6,4.5,0.0,30.335894,-0.04790546,0.8627117,0.0,3,False,-0.04790546000003815,0.8627117276191711,0.0,3,0,6.08232,13.6827,22.1754,40.5421,81.2481,168.901,163.667,159.303,156.021,152.509,148.706,144.511,137.596,125.748,88.8662,55.736,34.5166,22.7147,10.8068
2026-08-04T12:43:22+0200,410,0,7.77,62.1438,71.986,75.72669982910156,-0.12882700562477112,1.3162699937820435,7278.5,3,99.965,0.0,0.294481,0.0201783,0.013543645,GENTLE_LEFT,151.04600524902344,0.04612955221386336,120.62807,5,5.5,0.55,30.783676,0.003882289,0.66863567,0.0,3,False,0.003882288932800293,0.6686356663703918,0.0,3,0,6.11108,13.8146,22.5006,41.5753,85.3203,167.479,162.322,157.951,154.619,151.046,147.161,142.85,135.636,121.799,86.4234,54.7461,34.1243,22.5402,10.7689
2026-08-04T12:43:22+0200,411,0,7.792,62.6084,72.4507,76.29389953613281,0.010933799669146538,1.3254300355911255,7207.24,3,99.9647,0.0,0.292811,0.0215938,0.0,GENTLE_LEFT,149.97500610351562,0.05146701831920884,120.45075,5,5.5,0.55,31.139118,0.03847579,0.6832647,0.0,3,False,0.03847578912973404,0.6832646727561951,0.0,3,0,6.13458,13.9084,22.7218,42.2582,88.0306,166.43,161.323,156.941,153.582,149.975,146.043,141.664,134.265,119.005,84.979,54.1408,33.8752,22.4247,10.7405
2026-08-04T12:43:22+0200,412,0,7.814,63.0762,72.9185,76.78839874267578,0.13194899260997772,1.3303500413894653,7263.06,3,99.9643,0.0,0.291223,0.0211763,0.0,GENTLE_LEFT,149.68699645996094,0.05007682250774763,120.45934,5,5.5,0.55,31.334852,0.060772896,0.6597609,0.0,3,False,0.06077289581298828,0.6597608923912048,0.0,3,0,6.14569,13.9215,22.7229,42.1786,87.4714,166.075,160.974,156.61,153.271,149.687,145.787,141.451,134.162,119.624,85.263,54.2307,33.8938,22.4225,10.7316
2026-08-04T12:43:22+0200,413,0,7.836,63.547,73.3893,77.2738037109375,0.2108290046453476,1.3354500532150269,7302.08,3,99.964,0.0,0.289808,0.0192368,0.0,GENTLE_LEFT,150.03900146484375,0.04336056813259936,120.61048,5,5.5,0.55,31.425127,0.07413046,0.6456308,0.0,3,False,0.07413046061992645,0.6456307768821716,0.0,3,0,6.14553,13.8655,22.5389,41.4692,84.2878,166.295,161.161,156.835,153.552,150.039,146.23,142.022,135.058,122.792,87.0195,54.9092,34.1387,22.5166,10.7398
2026-08-04T12:43:22+0200,414,0,7.858,64.0208,73.863,77.74649810791016,0.24850699305534363,1.3422399759292603,7343.36,3,99.9637,0.0,0.288634,0.0162224,0.0,STRAIGHT,150.80999755859375,0.034317724596909786,157.99965,6,4.5,0.0,31.46466,0.03105715,0.8535965,0.0,3,False,0.031057149171829224,0.8535965085029602,0.0,3,0,6.13649,13.7601,22.2282,40.3602,79.6824,166.932,161.737,157.432,154.228,150.81,147.125,143.087,136.529,126.099,89.9785,56.0462,34.5553,22.683,10.7613
2026-08-04T12:43:22+0200,415,0,7.88,64.4977,74.3399,78.3322982788086,0.11796899884939194,1.3517199754714966,7541.43,3,99.9632,0.0,0.287625,0.0135235,0.014699894,STRAIGHT,151.41600036621094,0.02701554487436886,158.20328,6,4.5,0.0,31.589138,0.0018891953,0.8718995,0.0,3,False,0.001889195293188095,0.8718994855880737,0.0,3,0,6.12814,13.6666,21.957,39.4173,75.9733,167.455,162.205,157.892,154.753,151.416,147.834,143.932,137.683,128.274,92.8126,57.1091,34.9391,22.8353,10.781
2026-08-04T12:43:22+0200,416,0,7.902,64.9786,74.8208,79.01519775390625,-0.014603300020098686,1.3629399538040161,7640.53,3,99.9627,0.0,0.286637,0.0121001,0.019682942,STRAIGHT,151.4949951171875,0.02343212129802594,158.26614,6,4.5,0.0,31.829466,-0.017588586,0.8868694,0.0,3,False,-0.01758858561515808,0.8868693709373474,0.0,3,0,6.12768,13.6266,21.8308,38.9635,74.2042,167.481,162.211,157.888,154.787,151.495,147.968,144.14,138.05,129.09,94.3494,57.6666,35.1329,22.9085,10.7877
2026-08-04T12:43:22+0200,417,0,7.924,65.4638,75.306,79.73139953613281,-0.09753250330686569,1.3771100044250488,7725.99,3,99.9622,0.0,0.285601,0.0119553,0.02206127,STRAIGHT,151.06500244140625,0.023200145572081356,158.20854,6,4.5,0.0,32.1504,-0.030119061,0.87501216,0.0,3,False,-0.03011906147003174,0.8750121593475342,0.0,3,0,6.13567,13.6405,21.8467,38.9691,74.1263,167.003,161.746,157.434,154.344,151.065,147.554,143.747,137.699,128.844,94.4399,57.6819,35.1272,22.8993,10.7806
2026-08-04T12:43:22+0200,418,0,7.946,65.9534,75.7956,80.45929718017578,-0.12966400384902954,1.3916200399398804,7786.18,3,99.9617,0.0,0.284476,0.012818,0.020840261,STRAIGHT,150.23800659179688,0.02557168507838758,158.05927,6,4.5,0.0,32.52869,-0.03762107,0.86710995,0.0,4,False,-0.03762106969952583,0.8671099543571472,0.0,4,0,6.15076,13.6976,21.9759,39.3371,75.3655,166.127,160.91,156.626,153.528,150.238,146.714,142.887,136.795,127.806,93.3744,57.2654,34.9625,22.8243,10.7621
2026-08-04T12:43:22+0200,419,0,7.968,66.4464,76.2887,80.70909881591797,-0.1437010020017624,1.4033900499343872,6322.43,4,99.9616,0.0,0.283228,0.0143563,0.0,STRAIGHT,149.14100646972656,0.029800267745352816,157.89616,6,4.5,0.0,32.7226,-0.041580416,0.87502986,0.0,4,False,-0.04158041626214981,0.8750298619270325,0.0,4,0,6.17124,13.7858,22.1856,39.9657,77.5889,164.991,159.83,155.579,152.458,149.141,145.582,141.708,135.509,126.193,91.5827,56.5691,34.6924,22.7047,10.7355
2026-08-04T12:43:22+0200,420,0,7.99,66.9395,76.7817,80.63729858398438,-0.14746899902820587,1.399150013923645,6338.4,4,99.9616,0.0,0.281819,0.0163542,0.0,STRAIGHT,147.8560028076172,0.03548659536344877,157.71706,6,4.5,0.0,32.79544,-0.043042332,0.87122196,0.0,4,False,-0.04304233193397522,0.8712219595909119,0.0,4,0,6.19612,13.8975,22.4563,40.7974,80.6438,163.687,158.594,154.367,151.213,147.856,144.245,140.3,133.94,124.091,89.3661,55.6971,34.3529,22.5549,10.703
2026-08-04T12:43:22+0200,421,0,8.01,67.3871,77.2293,80.59200286865234,-0.13751399517059326,1.3899600505828857,5996.64,4,99.9616,0.0,0.280402,0.0184419,0.0,GENTLE_LEFT,146.56900024414062,0.041743916163138384,120.45266,5,5.5,0.55,32.891956,0.0064933375,0.60027725,0.0,4,False,0.006493337452411652,0.6002772450447083,0.0,4,0,6.22178,14.0146,22.7435,41.6976,84.0837,162.41,157.385,153.162,149.972,146.569,142.899,138.873,132.32,121.742,87.1609,54.8148,34.0059,22.401,10.6696
2026-08-04T12:43:22+0200,422,0,8.03,67.835,77.6773,80.74559783935547,0.008746569976210594,1.3863099813461304,6116.91,4,99.9614,0.0,0.27893,0.0196448,0.0,GENTLE_LEFT,145.6320037841797,0.04562151273191938,120.34636,5,5.5,0.55,33.033882,0.039532527,0.61095226,0.0,4,False,0.03953252732753754,0.6109522581100464,0.0,4,0,6.24231,14.0957,22.9327,42.2714,86.2742,161.471,156.491,152.267,149.058,145.632,141.932,137.863,131.203,120.146,85.8931,54.2905,33.7915,22.3018,10.645
2026-08-04T12:43:22+0200,423,0,8.05,68.2844,78.1266,80.99700164794922,0.13818000257015228,1.3930000066757202,6136.1,4,99.9612,0.0,0.277549,0.0191436,0.0,GENTLE_LEFT,145.38699340820312,0.04425562552647112,120.3724,5,5.5,0.55,33.117256,0.06078243,0.5937734,0.0,4,False,0.060782428830862045,0.5937734246253967,0.0,4,0,6.251,14.1008,22.9168,42.147,85.5852,161.163,156.186,151.979,148.789,145.387,141.717,137.689,131.121,120.441,86.2825,54.4229,33.8278,22.3083,10.6387
2026-08-04T12:43:22+0200,424,0,8.07,68.735,78.5773,81.24210357666016,0.21527500450611115,1.4031699895858765,6149.43,4,99.9609,0.0,0.276343,0.0172657,0.0,STRAIGHT,145.6909942626953,0.0388765147004612,157.58414,6,4.5,0.0,33.11764,0.024511293,0.85835046,0.0,4,False,0.024511292576789856,0.8583504557609558,0.0,4,0,6.24926,14.0427,22.7335,41.4644,82.667,161.365,156.357,152.174,149.033,145.691,142.096,138.17,131.839,122.023,88.0551,55.099,34.0709,22.4022,10.6479
2026-08-04T12:43:22+0200,425,0,8.09,69.1872,79.0295,81.5833969116211,0.12179599702358246,1.413949966430664,6243.72,4,99.9606,0.0,0.275261,0.015368,0.0,STRAIGHT,145.98599243164062,0.03373413294162398,157.73863,6,4.5,0.0,33.1678,0.00012673438,0.88158005,0.0,4,False,0.00012673437595367432,0.8815800547599792,0.0,4,0,6.24634,13.9821,22.5476,40.7912,79.9076,161.576,156.536,152.365,149.271,145.986,142.463,138.633,132.515,123.363,89.9357,55.8069,34.3245,22.5007,10.6584
2026-08-04T12:43:22+0200,426,0,8.11,69.6417,79.4839,81.98829650878906,0.016309300437569618,1.425860047340393,6278.92,4,99.9603,0.0,0.274188,0.0144005,0.0,STRAIGHT,145.90699768066406,0.031283290515367476,157.79185,6,4.5,0.0,33.301605,-0.016057277,0.8971903,0.0,4,False,-0.016057277098298073,0.897190272808075,0.0,4,0,6.24936,13.9616,22.4704,40.4864,78.6301,161.439,156.39,152.225,149.159,145.907,142.425,138.648,132.644,123.811,90.8898,56.1525,34.4413,22.542,10.6594
2026-08-04T12:43:22+0200,427,0,8.13,70.0984,79.9406,82.4052963256836,-0.054403699934482574,1.437440037727356,6312.25,4,99.96,0.0,0.27307,0.0143756,0.0,STRAIGHT,145.45899963378906,0.03137606245344554,157.75497,6,4.5,0.0,33.492435,-0.02643356,0.88724935,0.0,4,False,-0.026433559134602547,0.8872493505477905,0.0,4,0,6.25882,13.982,22.5022,40.5393,78.7158,160.946,155.912,151.759,148.701,145.459,141.989,138.228,132.255,123.497,90.837,56.1134,34.4149,22.5238,10.6504
2026-08-04T12:43:22+0200,428,0,8.15,70.5574,80.3996,82.82230377197266,-0.0924748033285141,1.4470800161361694,6340.07,4,99.9597,0.0,0.271878,0.0150621,0.0,STRAIGHT,144.73500061035156,0.03337672195278761,157.6518,6,4.5,0.0,33.722248,-0.0326727,0.8800058,0.0,4,False,-0.0326726995408535,0.8800057768821716,0.0,4,0,6.27352,14.0343,22.6177,40.865,79.8325,160.184,155.184,151.047,147.984,144.735,141.257,137.484,131.481,122.631,90.0196,55.7822,34.2793,22.46,10.6333
2026-08-04T12:43:22+0200,429,0,8.17,71.0187,80.861,83.23500061035156,-0.11080499738454819,1.4533599615097046,6370.33,4,99.9594,0.0,0.270583,0.0162469,0.0,STRAIGHT,143.8159942626953,0.036783948730689554,157.50056,6,4.5,0.0,33.979134,-0.035965625,0.87496454,0.0,4,False,-0.03596562519669533,0.8749645352363586,0.0,4,0,6.29237,14.1103,22.7951,41.3939,81.7417,159.238,154.283,150.16,147.083,143.816,140.314,136.508,130.432,121.355,88.6929,55.2514,34.0676,22.3638,10.6103
2026-08-04T12:43:22+0200,430,0,8.19,71.4823,81.3245,83.64540100097656,-0.1127839982509613,1.456570029258728,6402.44,4,99.9591,0.0,0.269173,0.0177505,0.0,GENTLE_LEFT,142.76600646972656,0.041201344961511434,120.29974,5,5.5,0.55,34.256207,0.011178084,0.55370706,0.0,4,False,0.011178083717823029,0.5537070631980896,0.0,4,0,6.31435,14.203,23.0161,42.0689,84.2627,158.178,153.275,149.159,146.06,142.766,139.23,135.378,129.194,119.768,87.077,54.6008,33.8085,22.2467,10.5831
2026-08-04T12:43:22+0200,431,0,8.21,71.9479,81.7902,83.9354019165039,0.010944300331175327,1.4565800428390503,6340.63,4,99.9589,0.0,0.267721,0.0185656,0.0,GENTLE_LEFT,141.9810028076172,0.04376004465481197,120.21771,5,5.5,0.55,34.438526,0.042400688,0.5571492,0.0,4,False,0.04240068793296814,0.5571491718292236,0.0,4,0,6.33224,14.2671,23.1591,42.4829,85.7718,157.37,152.503,148.392,145.285,141.981,138.432,134.56,128.33,118.734,86.1772,54.2246,33.6511,22.1717,10.5627
2026-08-04T12:43:22+0200,432,0,8.23,72.4148,82.257,84.16190338134766,0.12657099962234497,1.4533799886703491,6361.3,4,99.9586,0.0,0.26637,0.017916,0.0,GENTLE_LEFT,141.7689971923828,0.04208599993819126,120.25386,5,5.5,0.55,34.503384,0.062377658,0.5424904,0.0,4,False,0.06237765774130821,0.5424904227256775,0.0,4,0,6.33965,14.2648,23.1241,42.2971,84.8555,157.092,152.225,148.131,145.046,141.769,138.252,134.424,128.288,118.985,86.7211,54.4163,33.7096,22.1875,10.558
2026-08-04T12:43:22+0200,433,0,8.25,72.8829,82.7251,84.38279724121094,0.20046700537204742,1.451449990272522,6376.71,4,99.9584,0.0,0.265197,0.0159878,0.0,STRAIGHT,142.0449981689453,0.03689123637357386,157.42502,6,4.5,0.0,34.4927,0.02630119,0.85627407,0.0,4,False,0.02630119025707245,0.8562740683555603,0.0,4,0,6.33714,14.2032,22.9331,41.5982,81.9492,157.277,152.379,148.305,145.266,142.045,138.598,134.862,128.929,120.212,88.5829,55.1197,33.9615,22.2849,10.5679
2026-08-04T12:43:22+0200,434,0,8.27,73.3526,83.1948,84.72360229492188,0.10718099772930145,1.4540300369262695,6491.33,4,99.9581,0.0,0.264153,0.0140136,0.0,STRAIGHT,142.32200622558594,0.03179023330391589,157.57788,6,4.5,0.0,34.540592,0.0019958727,0.8793413,0.0,4,False,0.0019958727061748505,0.8793413043022156,0.0,4,0,6.33324,14.1379,22.7365,40.8998,79.165,157.482,152.552,148.483,145.489,142.322,138.943,135.295,129.547,121.317,90.5893,55.8676,34.2282,22.3885,10.5795
2026-08-04T12:43:22+0200,435,0,8.29,73.8245,83.6668,85.14140319824219,0.0027876400854438543,1.4612400531768799,6530.5,4,99.9578,0.0,0.263135,0.0129323,0.0,STRAIGHT,142.2530059814453,0.029146775977823974,157.6361,6,4.5,0.0,34.675934,-0.014202887,0.8949141,0.0,4,False,-0.014202887192368507,0.8949140906333923,0.0,4,0,6.33496,14.1111,22.6443,40.5526,77.7691,157.359,152.418,148.353,145.387,142.253,138.915,135.319,129.677,121.705,91.6965,56.2666,34.3642,22.4379,10.5821
2026-08-04T12:43:22+0200,436,0,8.31,74.2988,84.141,85.5730972290039,-0.06631089746952057,1.4696400165557861,6567.06,4,99.9574,0.0,0.262084,0.0127985,0.0,STRAIGHT,141.8280029296875,0.02895604009457385,157.60703,6,4.5,0.0,34.869312,-0.02465349,0.8869929,0.0,4,False,-0.024653490632772446,0.886992871761322,0.0,4,0,6.34313,14.1255,22.6614,40.561,77.6975,156.885,151.958,147.904,144.949,141.828,138.505,134.927,129.323,121.432,91.7682,56.2752,34.3559,22.4276,10.5747
2026-08-04T12:43:22+0200,437,0,8.33,74.7755,84.6177,86.00759887695312,-0.10240200161933899,1.480299949645996,6595.99,4,99.957,0.0,0.260966,0.0134282,0.0,STRAIGHT,141.1179962158203,0.030723947309977833,157.50948,6,4.5,0.0,35.105583,-0.030979846,0.8797783,0.0,4,False,-0.03097984567284584,0.8797783255577087,0.0,4,0,6.35684,14.1739,22.7677,40.8567,78.6833,156.13,151.234,147.2,144.242,141.118,137.79,134.206,128.587,120.649,90.9948,55.9658,34.2301,22.3685,10.5588
2026-08-04T12:43:22+0200,438,0,8.35,75.2545,85.0967,86.43879699707031,-0.11204200237989426,1.49167001247406,6625.85,4,99.9566,0.0,0.259754,0.0145902,0.0,STRAIGHT,140.20799255371094,0.033913637438260626,157.36313,6,4.5,0.0,35.370876,-0.03435202,0.87480783,0.0,4,False,-0.03435201942920685,0.8748078346252441,0.0,4,0,6.37488,14.2474,22.9393,41.364,80.4689,155.182,150.331,146.316,143.347,140.208,136.862,133.253,127.579,119.499,89.6588,55.4399,34.0228,22.275,10.5368
2026-08-04T12:43:22+0200,439,0,8.37,75.7359,85.5782,86.86759948730469,-0.106174997985363,1.5023599863052368,6657.4,4,99.9563,0.0,0.258431,0.0160767,0.0,STRAIGHT,139.1719970703125,0.038057196903943095,157.18445,6,4.5,0.0,35.655914,-0.035633247,0.8714347,0.0,4,False,-0.03563324734568596,0.8714346885681152,0.0,4,0,6.39607,14.3379,23.1547,42.0163,82.8405,154.119,149.321,145.32,142.332,139.172,135.798,132.152,126.397,118.099,88.0183,54.7899,33.7668,22.1603,10.5105
2026-08-04T12:43:22+0200,440,0,8.39,76.2198,86.062,87.29519653320312,-0.09483160078525543,1.511579990386963,6690.12,4,99.9559,0.0,0.25698,0.0177576,0.0,GENTLE_LEFT,138.05499267578125,0.04287859175618613,120.045876,5,5.5,0.55,35.955517,0.011880301,0.4933928,0.0,4,False,0.0118803009390831,0.49339279532432556,0.0,4,0,6.41974,14.4403,23.4009,42.7737,85.6803,152.991,148.249,144.253,141.243,138.055,134.647,130.956,125.099,116.514,86.2334,54.0736,33.4826,22.0326,10.4814
2026-08-04T12:43:22+0200,441,0,8.41,76.7056,86.5479,87.57510375976562,0.03632479906082153,1.5180399417877197,6603.48,4,99.9557,0.0,0.255486,0.0186454,0.0,GENTLE_LEFT,137.23399353027344,0.04560183360456434,119.96041,5,5.5,0.55,36.139893,0.04339018,0.49537686,0.0,4,False,0.0433901809155941,0.495376855134964,0.0,4,0,6.43858,14.509,23.5558,43.2259,87.3409,152.146,147.441,143.448,140.431,137.234,133.813,130.104,124.207,115.49,85.2687,53.671,33.3149,21.9529,10.4599
2026-08-04T12:43:22+0200,442,0,8.43,77.1927,87.0349,87.77310180664062,0.1483220010995865,1.5189000368118286,6621.59,4,99.9555,0.0,0.254086,0.0179657,0.0,GENTLE_LEFT,137.00399780273438,0.0439018671169387,119.99992,5,5.5,0.55,36.189583,0.06354123,0.48245266,0.0,4,False,0.0635412335395813,0.4824526607990265,0.0,4,0,6.44613,14.5058,23.5173,43.0257,86.3588,151.849,147.145,143.17,140.175,137.004,133.616,129.949,124.139,115.659,85.8315,53.8695,33.3755,21.9693,10.4551
2026-08-04T12:43:22+0200,443,0,8.45,77.6808,87.523,87.9656982421875,0.2152079939842224,1.5182499885559082,6635.21,4,99.9553,0.0,0.252874,0.0159277,0.0,STRAIGHT,137.2760009765625,0.03852584096212326,157.10289,6,4.5,0.0,36.157288,0.028520562,0.8528764,0.0,4,False,0.02852056175470352,0.8528764247894287,0.0,4,0,6.44301,14.4387,23.3105,42.272,83.2308,152.027,147.292,143.341,140.392,137.276,133.955,130.376,124.752,116.749,87.7815,54.6064,33.6396,22.0715,10.4656
2026-08-04T12:43:22+0200,444,0,8.47,78.1704,88.0127,88.30509948730469,0.11285500228404999,1.5203399658203125,6772.99,4,99.9549,0.0,0.251799,0.0137781,0.0,STRAIGHT,137.57200622558594,0.0330622090935177,157.26915,6,4.5,0.0,36.193157,0.004809983,0.87545514,0.0,4,False,0.00480998307466507,0.8754551410675049,0.0,4,0,6.438,14.365,23.0908,41.4965,80.1562,152.248,147.479,143.537,140.633,137.572,134.318,130.824,125.375,117.787,89.9561,55.4168,33.9289,22.1843,10.4785
2026-08-04T12:43:22+0200,445,0,8.49,78.6623,88.5045,88.73870086669922,0.00021234700398053974,1.5269900560379028,6814.3,4,99.9546,0.0,0.250763,0.0124929,0.0,STRAIGHT,137.54200744628906,0.029954362329466057,157.34232,6,4.5,0.0,36.325047,-0.011107795,0.89083695,0.0,4,False,-0.01110779494047165,0.8908369541168213,0.0,4,0,6.43842,14.3289,22.9738,41.069,78.4694,152.163,147.379,143.442,140.568,137.542,134.331,130.891,125.55,118.2,91.2819,55.8961,34.0939,22.2454,10.4829
2026-08-04T12:43:22+0200,446,0,8.51,79.1567,88.9989,89.1874008178711,-0.07205689698457718,1.5353100299835205,6852.06,4,99.9542,0.0,0.249707,0.0121712,0.0,STRAIGHT,137.16099548339844,0.029303163943736624,157.3277,6,4.5,0.0,36.517918,-0.021474462,0.886415,0.0,4,False,-0.021474462002515793,0.8864150047302246,0.0,4,0,6.44537,14.3352,22.9692,41.007,78.1419,151.732,146.958,143.031,140.171,137.161,133.97,130.554,125.26,118.006,91.5619,55.9819,34.1137,22.2466,10.4774
2026-08-04T12:43:22+0200,447,0,8.53,79.6535,89.4957,89.64029693603516,-0.10398299992084503,1.545490026473999,6882.65,4,99.9538,0.0,0.248597,0.012622,0.0,STRAIGHT,136.5030059814453,0.03059175987381499,157.24492,6,4.5,0.0,36.755733,-0.027841482,0.87942386,0.0,4,False,-0.027841482311487198,0.8794238567352295,0.0,4,0,6.45789,14.3759,23.0551,41.236,78.8737,151.025,146.279,142.369,139.511,136.503,133.314,129.9,124.607,117.349,90.9815,55.7462,34.0154,22.1989,10.4635
2026-08-04T12:43:23+0200,448,0,8.55,80.1528,89.9951,90.09040069580078,-0.11111599951982498,1.5561100244522095,6913.41,4,99.9534,0.0,0.247405,0.0136301,0.0,STRAIGHT,135.6439971923828,0.033317306728502354,157.11261,6,4.5,0.0,37.024437,-0.0313238,0.87457466,0.0,4,False,-0.03132380172610283,0.8745746612548828,0.0,4,0,6.47483,14.4429,23.2091,41.6835,80.4148,150.12,145.416,141.526,138.661,135.644,132.444,129.015,123.691,116.356,89.799,55.2821,33.8319,22.1155,10.4432
2026-08-04T12:43:23+0200,449,0,8.57,80.6546,90.4969,90.53810119628906,-0.10004399716854095,1.5660200119018555,6946.53,4,99.953,0.0,0.246117,0.0149958,0.0,STRAIGHT,134.6540069580078,0.037027640239891746,156.94669,6,4.5,0.0,37.314465,-0.03274512,0.8712905,0.0,4,False,-0.0327451191842556,0.8712905049324036,0.0,4,0,6.49503,14.5279,23.41,42.2848,82.5571,149.093,144.438,140.564,137.687,134.654,131.434,127.98,122.601,115.135,88.2652,54.6786,33.5947,22.0091,10.4186
2026-08-04T12:43:23+0200,450,0,8.59,81.159,91.0012,90.9844970703125,-0.08286839723587036,1.5743399858474731,6980.81,4,99.9527,0.0,0.244711,0.0165738,0.0,GENTLE_LEFT,133.58200073242188,0.04140734470425762,119.87399,5,5.5,0.55,37.619434,0.01349356,0.43518928,0.0,4,False,0.013493560254573822,0.43518927693367004,0.0,4,0,6.51775,14.6254,23.6431,42.9943,85.1602,147.996,143.394,139.529,136.635,133.582,130.337,126.849,121.4,113.758,86.5589,53.9996,33.3265,21.8887,10.3909
2026-08-04T12:43:23+0200,451,0,8.61,81.6653,91.5075,91.25279998779297,0.04707369953393936,1.5799000263214111,6868.25,4,99.9525,0.0,0.243268,0.0173871,0.0,GENTLE_LEFT,132.78199768066406,0.04382145642015144,119.797356,5,5.5,0.55,37.79492,0.044124156,0.43524012,0.0,4,False,0.04412415623664856,0.43524011969566345,0.0,4,0,6.5357,14.69,23.7874,43.4096,86.6453,147.162,142.596,138.739,135.84,132.782,129.53,126.033,120.56,112.855,85.6542,53.6248,33.1705,21.8144,10.3707
2026-08-04T12:43:23+0200,452,0,8.63,82.1726,92.0149,91.4198989868164,0.15584500133991241,1.5792700052261353,6883.55,4,99.9523,0.0,0.241927,0.0166381,0.0,GENTLE_LEFT,132.54600524902344,0.042014864365310406,119.84187,5,5.5,0.55,37.82657,0.06365858,0.4244201,0.0,4,False,0.06365858018398285,0.4244200885295868,0.0,4,0,6.54221,14.6822,23.7381,43.179,85.5774,146.859,142.294,138.454,135.578,132.546,129.325,125.868,120.475,112.952,86.3012,53.8541,33.2426,21.8358,10.3671
2026-08-04T12:43:23+0200,453,0,8.65,82.681,92.5232,91.58200073242188,0.21357199549674988,1.5775200128555298,6895.18,4,99.9522,0.0,0.240767,0.0145151,0.0,STRAIGHT,132.79200744628906,0.036629957559096926,156.89946,6,4.5,0.0,37.77523,0.029305078,0.851188,0.0,4,False,0.029305078089237213,0.8511880040168762,0.0,4,0,6.53789,14.6095,23.5187,42.3955,82.421,147.023,142.427,138.606,135.773,132.792,129.634,126.255,121.021,113.852,88.3859,54.6341,33.5211,21.9438,10.3787
2026-08-04T12:43:23+0200,454,0,8.67,83.1907,93.0329,91.91899871826172,0.10051900148391724,1.5793299674987793,7058.14,4,99.9518,0.0,0.239758,0.0122774,0.0,STRAIGHT,133.06300354003906,0.031124353492458703,157.06711,6,4.5,0.0,37.805458,0.0059728175,0.8734461,0.0,4,False,0.005972817540168762,0.8734461069107056,0.0,4,0,6.53155,14.5299,23.2861,41.5908,79.324,147.23,142.599,138.782,135.992,133.063,129.966,126.664,121.581,114.728,90.7158,55.4926,33.8262,22.0629,10.3929
2026-08-04T12:43:23+0200,455,0,8.69,83.7026,93.5448,92.36859893798828,-0.016546599566936493,1.5867199897766113,7102.5,4,99.9514,0.0,0.238797,0.0108969,0.0,STRAIGHT,133.0240020751953,0.027868595201074427,157.14326,6,4.5,0.0,37.94072,-0.009757558,0.8883497,0.0,4,False,-0.00975755788385868,0.888349711894989,0.0,4,0,6.53057,14.4878,23.1555,41.1288,77.5653,147.141,142.496,138.68,135.919,133.024,129.968,126.717,121.731,115.07,92.1925,56.0214,34.0083,22.1311,10.3988
2026-08-04T12:43:23+0200,456,0,8.71,84.2171,94.0594,92.83509826660156,-0.08948370069265366,1.5962400436401367,7140.96,4,99.951,0.0,0.237826,0.0104898,0.0,STRAIGHT,132.64700317382812,0.02701906182310019,157.13306,6,4.5,0.0,38.13903,-0.0200567,0.8854196,0.0,4,False,-0.020056700333952904,0.8854196071624756,0.0,4,0,6.53618,14.4885,23.1383,41.0318,77.1319,146.714,142.077,138.27,135.525,132.647,129.612,126.385,121.445,114.872,92.5862,56.1483,34.0435,22.1391,10.3948
2026-08-04T12:43:23+0200,457,0,8.73,84.7343,94.5766,93.30690002441406,-0.11779800057411194,1.6078799962997437,7172.7,4,99.9507,0.0,0.236807,0.0108821,0.0,STRAIGHT,131.9949951171875,0.028116488704873772,157.05417,6,4.5,0.0,38.384815,-0.026421078,0.878543,0.0,4,False,-0.02642107754945755,0.8785430192947388,0.0,4,0,6.54754,14.525,23.2144,41.2309,77.7487,146.009,141.399,137.611,134.869,131.995,128.965,125.744,120.812,114.25,92.0611,55.9376,33.9559,22.0965,10.3823
2026-08-04T12:43:23+0200,458,0,8.75,85.2541,95.0963,93.77639770507812,-0.11615999788045883,1.6199699640274048,7204.4,4,99.9503,0.0,0.235721,0.0118379,0.0,STRAIGHT,131.1510009765625,0.030612005417340975,156.92686,6,4.5,0.0,38.662228,-0.029941019,0.8738206,0.0,4,False,-0.029941018670797348,0.8738206028938293,0.0,4,0,6.56328,14.5877,23.3584,41.6458,79.1414,145.11,140.54,136.776,134.03,131.151,128.114,124.884,119.935,113.331,90.906,55.4922,33.7819,22.0181,10.3635
2026-08-04T12:43:23+0200,459,0,8.77,85.7765,95.6187,94.2427978515625,-0.10000000149011612,1.6308599710464478,7238.19,4,99.9499,0.0,0.234538,0.0131683,0.0,STRAIGHT,130.17599487304688,0.03408981402295717,156.76608,6,4.5,0.0,38.961468,-0.03141769,0.8706045,0.0,4,False,-0.031417690217494965,0.8706045150756836,0.0,4,0,6.58241,14.6692,23.551,42.2172,81.1234,144.085,139.564,135.821,133.066,130.176,127.125,123.877,118.891,112.208,89.3662,54.8975,33.5512,21.9155,10.3401
2026-08-04T12:43:23+0200,460,0,8.79,86.3014,96.1436,94.70770263671875,-0.07396499812602997,1.6396700143814087,7274.28,4,99.9495,0.0,0.233246,0.0147165,0.0,STRAIGHT,129.1219940185547,0.03820689333522215,156.58382,6,4.5,0.0,39.275513,-0.031449378,0.8684836,0.0,4,False,-0.03144937753677368,0.8684836030006409,0.0,4,0,6.60402,14.7633,23.776,42.8954,83.5415,142.99,138.522,134.795,132.027,129.122,126.053,122.781,117.746,110.955,87.6413,54.2235,33.2884,21.7986,10.3138
2026-08-04T12:43:23+0200,461,0,8.81,86.8289,96.6711,95.1720962524414,-0.04600220173597336,1.6465799808502197,7311.3,4,99.949,0.0,0.231835,0.016366,0.0,GENTLE_LEFT,128.0279998779297,0.04270729595426565,119.59161,5,5.5,0.55,39.59896,0.014625624,0.36702338,0.0,4,False,0.01462562382221222,0.36702337861061096,0.0,4,0,6.62744,14.8653,24.0206,43.6417,86.2755,141.866,137.453,133.733,130.951,128.028,124.938,121.638,116.546,109.629,85.8696,53.5207,33.0116,21.6746,10.2855
2026-08-04T12:43:23+0200,462,0,8.83,87.3585,97.2007,95.42330169677734,0.08475670218467712,1.650689959526062,7166.14,4,99.9489,0.0,0.23038,0.0171639,0.0,GENTLE_LEFT,127.2249984741211,0.04504785949075946,119.51828,5,5.5,0.55,39.768078,0.04514131,0.36571392,0.0,4,False,0.0451413094997406,0.3657139241695404,0.0,4,0,6.64548,14.93,24.1648,44.0553,87.7476,141.024,136.646,132.934,130.149,127.225,124.13,120.826,115.722,108.77,84.9834,53.1534,32.8585,21.6015,10.2654
2026-08-04T12:43:23+0200,463,0,8.85,87.889,97.7312,95.55020141601562,0.18305400013923645,1.6489700078964233,7177.72,4,99.9487,0.0,0.229021,0.0163362,0.0,GENTLE_LEFT,126.97899627685547,0.043079650573197105,119.57059,5,5.5,0.55,39.774826,0.064557664,0.35714427,0.0,4,False,0.06455766409635544,0.3571442663669586,0.0,4,0,6.65152,14.9184,24.105,43.7893,86.5435,140.711,136.333,132.64,129.878,126.979,123.917,120.651,115.621,108.823,85.7029,53.4098,32.9404,21.6269,10.2623
2026-08-04T12:43:23+0200,464,0,8.87,88.4202,98.2625,95.67250061035156,0.22682400047779083,1.6466399431228638,7186.45,4,99.9486,0.0,0.227856,0.0140878,0.0,STRAIGHT,127.21099853515625,0.03747481578479525,156.55704,6,4.5,0.0,39.693707,0.031144757,0.8477998,0.0,4,False,0.031144756823778152,0.8477997779846191,0.0,4,0,6.64615,14.8387,23.867,42.9466,83.1805,140.862,136.453,132.781,130.061,127.211,124.207,121.014,116.125,109.61,87.9106,54.2341,33.2346,21.7412,10.275
2026-08-04T12:43:23+0200,465,0,8.89,88.9526,98.7948,96.00379943847656,0.09948480129241943,1.6487799882888794,7380.39,4,99.9482,0.0,0.226848,0.0116826,0.0,STRAIGHT,127.47899627685547,0.03164164318274473,156.73718,6,4.5,0.0,39.70908,0.008333582,0.86967593,0.0,4,False,0.008333582431077957,0.8696759343147278,0.0,4,0,6.63842,14.7501,23.6113,42.0703,79.8466,141.067,136.623,132.957,130.279,127.479,124.533,121.412,116.659,110.405,90.4248,55.1573,33.5625,21.8695,10.2906
2026-08-04T12:43:23+0200,466,0,8.91,89.4873,99.3295,96.47039794921875,-0.029689600691199303,1.6571300029754639,7428.5,4,99.9477,0.0,0.225893,0.0101182,0.0,STRAIGHT,127.45500183105469,0.02799314800413444,156.82558,6,4.5,0.0,39.841885,-0.0071557947,0.8842094,0.0,4,False,-0.007155794650316238,0.884209394454956,0.0,4,0,6.63599,14.6989,23.4573,41.5366,77.8525,140.995,136.535,132.869,130.221,127.455,124.55,121.478,116.817,110.731,92.119,55.7623,33.7715,21.9486,10.2984
2026-08-04T12:43:23+0200,467,0,8.93,90.0247,99.8669,96.95649719238281,-0.10520999878644943,1.6685800552368164,7467.27,4,99.9473,0.0,0.224943,0.00952919,0.0,STRAIGHT,127.10700225830078,0.026722915623337846,156.82802,6,4.5,0.0,40.040974,-0.017396096,0.8842389,0.0,4,False,-0.017396096140146255,0.8842388987541199,0.0,4,0,6.64015,14.691,23.4178,41.371,77.1874,140.597,136.142,132.485,129.854,127.107,124.225,121.18,116.568,110.571,92.7295,55.9667,33.8346,21.9679,10.2963
2026-08-04T12:43:23+0200,468,0,8.95,90.5648,100.407,97.44920349121094,-0.13208000361919403,1.6821600198745728,7500.43,4,99.9468,0.0,0.223965,0.00975126,0.0,STRAIGHT,126.49400329589844,0.027388980831996524,156.76172,6,4.5,0.0,40.29005,-0.023815721,0.87753046,0.0,4,False,-0.02381572127342224,0.8775304555892944,0.0,4,0,6.65004,14.7193,23.4731,41.5047,77.5701,139.927,135.496,131.856,129.232,126.494,123.621,120.586,115.993,110.024,92.3974,55.8285,33.7739,21.9367,10.2859
2026-08-04T12:43:23+0200,469,0,8.97,91.1077,100.95,97.94000244140625,-0.12802700698375702,1.6958999633789062,7532.64,4,99.9463,0.0,0.222928,0.010579,0.0,STRAIGHT,125.68299865722656,0.029523172375771164,156.64433,6,4.5,0.0,40.574123,-0.027444582,0.8728881,0.0,4,False,-0.02744458243250847,0.8728880882263184,0.0,4,0,6.66455,14.7757,23.601,41.8671,78.7579,139.057,134.663,131.047,128.423,125.683,122.809,119.773,115.175,109.194,91.3706,55.4354,33.6204,21.8671,10.2688
2026-08-04T12:43:23+0200,470,0,8.99,91.6532,101.495,98.42720031738281,-0.10288400202989578,1.7077699899673462,7567.53,4,99.9459,0.0,0.221814,0.0118027,0.0,STRAIGHT,124.74299621582031,0.03265419959403255,156.49278,6,4.5,0.0,40.88125,-0.029056055,0.86976784,0.0,4,False,-0.02905605547130108,0.8697678446769714,0.0,4,0,6.68247,14.8515,23.7792,42.3901,80.5326,138.058,133.71,130.118,127.488,124.743,121.861,118.815,114.197,108.175,89.9216,54.882,33.407,21.7724,10.2472
2026-08-04T12:43:23+0200,471,0,9.01,92.2015,102.044,98.91210174560547,-0.07151450216770172,1.7169100046157837,7605.27,4,99.9454,0.0,0.220598,0.0132635,0.0,STRAIGHT,123.72200012207031,0.03644048131372744,156.31917,6,4.5,0.0,41.203865,-0.029230462,0.867687,0.0,4,False,-0.02923046238720417,0.8676869869232178,0.0,4,0,6.70294,14.9407,23.9914,43.0235,82.7398,136.985,132.688,129.115,126.477,123.722,120.828,117.768,113.12,107.038,88.256,54.2396,33.1584,21.6623,10.2224
2026-08-04T12:43:23+0200,472,0,9.03,92.7525,102.595,99.39669799804688,-0.03695100173354149,1.723140001296997,7644.86,4,99.945,0.0,0.219264,0.0148501,0.0,STRAIGHT,122.65599822998047,0.04063672554435121,156.13205,6,4.5,0.55,41.537025,0.013853325,0.86635053,0.0,4,False,0.013853324577212334,0.866350531578064,0.0,4,0,6.72537,15.0386,24.2259,43.7317,85.2714,135.876,131.631,128.07,125.423,122.656,119.749,116.67,111.987,105.832,86.5113,53.5568,32.8918,21.5435,10.1955
2026-08-04T12:43:23+0200,473,0,9.05,93.3061,103.148,99.88269805908203,0.0962316021323204,1.7277599573135376,7684.44,4,99.9445,0.0,0.217893,0.0156581,0.0,GENTLE_LEFT,121.84100341796875,0.04291972318939185,119.30379,5,5.5,0.55,41.824306,0.04404284,0.29410338,0.0,4,False,0.04404284060001373,0.29410338401794434,0.0,4,0,6.7428,15.1023,24.3684,44.1396,86.6944,135.014,130.806,127.254,124.607,121.841,118.933,115.853,111.166,104.999,85.599,53.1849,32.7388,21.4712,10.1761
2026-08-04T12:43:23+0200,474,0,9.07,93.8619,103.704,100.11199951171875,0.1901019960641861,1.7300200462341309,7498.94,4,99.9444,0.0,0.216609,0.0149001,0.0,GENTLE_LEFT,121.53199768066406,0.041191015532396826,119.34098,5,5.5,0.55,41.885952,0.06326701,0.28527844,0.0,4,False,0.06326700747013092,0.28527843952178955,0.0,4,0,6.74859,15.0921,24.3145,43.9008,85.6391,134.641,130.436,126.902,124.276,121.532,118.651,115.605,110.978,104.922,86.2721,53.4209,32.813,21.4936,10.1728
2026-08-04T12:43:23+0200,475,0,9.09,94.4184,104.261,100.18499755859375,0.22384199500083923,1.7269400358200073,7503.92,4,99.9442,0.0,0.215507,0.0127157,0.0,STRAIGHT,121.6760025024414,0.03589490405875193,156.25087,6,4.5,0.0,41.782425,0.031015817,0.8461091,0.0,4,False,0.03101581707596779,0.8461090922355652,0.0,4,0,6.74292,15.0133,24.0818,43.0886,82.4821,134.714,130.482,126.966,124.376,121.676,118.845,115.86,111.346,105.495,88.47,54.2314,33.1002,21.6049,10.1852
2026-08-04T12:43:23+0200,476,0,9.11,94.9758,104.818,100.50900268554688,0.09196259826421738,1.7268099784851074,7733.75,4,99.9437,0.0,0.214565,0.0103142,0.0,STRAIGHT,121.8740005493164,0.030282109363366966,156.42377,6,4.5,0.0,41.794888,0.0089504495,0.867239,0.0,4,False,0.008950449526309967,0.8672389984130859,0.0,4,0,6.73445,14.9228,23.8237,42.2179,79.2516,134.859,130.595,127.082,124.53,121.874,119.095,116.17,111.769,106.115,90.8781,55.1657,33.43,21.7338,10.2013
2026-08-04T12:43:23+0200,477,0,9.13,95.5356,105.378,100.99299621582031,-0.0427778996527195,1.7355999946594238,7786.86,4,99.9433,0.0,0.213687,0.00868042,0.0,STRAIGHT,121.81900024414062,0.026827983903050488,156.50284,6,4.5,0.0,41.93977,-0.006099919,0.88104135,0.0,4,False,-0.006099918857216835,0.8810413479804993,0.0,4,0,6.73077,14.8666,23.6588,41.6593,77.2224,134.76,130.48,126.967,124.443,121.819,119.077,116.198,111.876,106.359,92.093,55.8101,33.6521,21.8182,10.2102
2026-08-04T12:43:23+0200,478,0,9.15,96.0982,105.94,101.4990005493164,-0.12246300280094147,1.746500015258789,7828.8,4,99.9428,0.0,0.212819,0.00800355,0.0,STRAIGHT,121.46199798583984,0.025584517608425818,156.50148,6,4.5,0.0,42.150883,-0.016110176,0.881966,0.0,4,False,-0.016110176220536232,0.8819659948348999,0.0,4,0,6.73356,14.8529,23.6064,41.4591,76.4622,134.354,130.079,126.573,124.067,121.462,118.743,115.89,111.616,106.177,92.3776,56.0585,33.731,21.8444,10.2097
2026-08-04T12:43:23+0200,479,0,9.17,96.6636,106.506,102.01300048828125,-0.14863699674606323,1.7601100206375122,7864.06,4,99.9423,0.0,0.21193,0.00815663,0.0,STRAIGHT,120.8479995727539,0.026121771123598363,156.43663,6,4.5,0.0,42.411034,-0.022426607,0.875427,0.0,4,False,-0.022426607087254524,0.8754270076751709,0.0,4,0,6.74222,14.8765,23.6508,41.5614,76.7383,133.68,129.429,125.941,123.443,120.848,118.14,115.3,111.047,105.642,92.0098,55.952,33.6829,21.8189,10.2007
2026-08-04T12:43:23+0200,480,0,9.19,97.2319,107.074,102.5260009765625,-0.1369599997997284,1.7745100259780884,7896.43,4,99.9417,0.0,0.210994,0.00892384,0.0,STRAIGHT,120.04499816894531,0.027975261962900445,156.32587,6,4.5,0.0,42.70447,-0.026031347,0.8709768,0.0,4,False,-0.02603134699165821,0.8709768056869507,0.0,4,0,6.75549,14.9283,23.7683,41.8914,77.7963,132.811,128.596,125.133,122.638,120.045,117.34,114.502,110.253,104.851,91.1922,55.5834,33.5406,21.7549,10.1851
2026-08-04T12:43:23+0200,481,0,9.21,97.803,107.645,103.03600311279297,-0.10647500306367874,1.7884299755096436,7931.85,4,99.9412,0.0,0.209981,0.0101095,0.0,STRAIGHT,119.11299896240234,0.030777924246350088,156.18253,6,4.5,0.0,43.02115,-0.02765883,0.8679899,0.0,4,False,-0.02765882946550846,0.8679898977279663,0.0,4,0,6.77234,15.0007,23.9384,42.3871,79.4411,131.812,127.642,124.205,121.708,119.113,116.404,113.563,109.305,103.885,90.062,55.0421,33.3344,21.6642,10.1648
2026-08-04T12:43:23+0200,482,0,9.23,98.3769,108.219,103.54299926757812,-0.06737340241670609,1.800379991531372,7970.37,4,99.9407,0.0,0.208877,0.011562,0.0,STRAIGHT,118.09600067138672,0.034260723194107584,156.01619,6,4.5,0.0,43.354416,-0.027861428,0.8660288,0.0,4,False,-0.027861427515745163,0.8660287857055664,0.0,4,0,6.79188,15.0875,24.1455,43.0014,81.5336,130.732,126.613,123.199,120.697,118.096,115.381,112.531,108.256,102.804,88.7098,54.3981,33.0886,21.5564,10.1411
2026-08-04T12:43:23+0200,483,0,9.25,98.9537,108.796,104.04900360107422,-0.024906300008296967,1.8094199895858765,8011.18,4,99.9401,0.0,0.207654,0.0131537,0.0,STRAIGHT,117.03399658203125,0.03819224255182517,155.83499,6,4.5,0.0,43.699368,-0.027059952,0.8647926,0.0,4,False,-0.027059951797127724,0.8647925853729248,0.0,4,0,6.81348,15.1837,24.3764,43.6941,83.951,129.614,125.547,122.15,119.642,117.034,114.31,111.449,107.153,101.66,87.2073,53.7077,32.8227,21.4391,10.1151
2026-08-04T12:43:23+0200,484,0,9.27,99.5332,109.375,104.55500030517578,0.01569480076432228,1.8159699440002441,8053.61,4,99.9396,0.0,0.206311,0.014788,0.0,GENTLE_LEFT,115.95500183105469,0.04297500929573177,119.00685,5,5.5,0.55,44.067345,0.017128652,0.2163292,0.0,4,False,0.017128651961684227,0.2163292020559311,0.0,4,0,6.83651,15.2853,24.6201,44.4317,87.6374,128.486,124.472,121.085,118.571,115.955,113.222,110.349,106.029,100.492,85.6092,53.0117,32.5512,21.3183,10.0878
2026-08-04T12:43:23+0200,485,0,9.29,100.115,109.957,104.75900268554688,0.14334100484848022,1.818660020828247,7823.4,4,99.9395,0.0,0.204925,0.0155227,0.0,GENTLE_LEFT,115.1500015258789,0.06895545873361113,118.29523,5,5.5,0.55,44.84147,0.04637611,0.20187981,0.0,4,False,0.04637610912322998,0.2018798142671585,0.0,4,0,6.85364,15.3463,24.7554,44.8147,135.902,127.63,123.65,120.273,117.762,115.15,112.42,109.552,105.238,99.7073,84.7978,52.6701,32.4094,21.2506,10.069
2026-08-04T12:43:23+0200,486,0,9.31,100.697,110.539,104.77300262451172,0.22288699448108673,1.8136199712753296,7821.4,4,99.9395,0.0,0.20364,0.0145667,0.0,GENTLE_LEFT,114.86199951171875,0.06752298584168012,118.3415,5,5.5,0.55,44.802708,0.064895004,0.19841778,0.0,4,False,0.06489500403404236,0.1984177827835083,0.0,4,0,6.85796,15.3264,24.6753,44.4899,135.546,127.274,123.296,119.939,117.449,114.862,112.16,109.325,105.072,99.6421,85.4653,52.9794,32.5107,21.2841,10.0676
2026-08-04T12:43:23+0200,487,0,9.33,101.279,111.121,104.78199768066406,0.23639899492263794,1.8083699941635132,7822.13,4,99.9394,0.0,0.202547,0.0121164,0.0,STRAIGHT,115.01799774169922,0.03692457741396966,155.84885,6,4.5,0.0,43.99696,0.033154868,0.8418343,0.0,4,False,0.033154867589473724,0.841834306716919,0.0,4,0,6.85012,15.2337,24.4062,43.563,82.9766,127.362,123.355,120.018,117.564,115.018,112.365,109.586,105.434,100.175,87.072,53.8911,32.8344,21.4103,10.0825
2026-08-04T12:43:23+0200,488,0,9.35,101.861,111.704,105.08999633789062,0.07841409742832184,1.809309959411621,8096.61,4,99.9389,0.0,0.201626,0.00943898,0.0,STRAIGHT,115.22699737548828,0.031367167078144555,156.0214,6,4.5,0.0,43.998295,0.01127547,0.8628215,0.0,4,False,0.01127547025680542,0.8628215193748474,0.0,4,0,6.83929,15.1289,24.1116,42.5817,79.3909,127.521,123.48,120.148,117.732,115.227,112.622,109.9,105.848,100.753,88.5165,54.9388,33.204,21.5552,10.1012
2026-08-04T12:43:23+0200,489,0,9.37,102.447,112.289,105.59100341796875,-0.07498650252819061,1.81905996799469,8154.71,4,99.9383,0.0,0.200777,0.0075575,0.0009349837,STRAIGHT,115.18800354003906,0.02774856660819619,156.1043,6,4.5,0.0,44.146255,-0.0037853736,0.8754795,0.0,4,False,-0.003785373643040657,0.875479519367218,0.0,4,0,6.83347,15.0601,23.9153,41.9302,77.0763,127.441,123.382,120.049,117.661,115.188,112.619,109.94,105.961,100.984,89.2919,55.6917,33.4637,21.6548,10.1128
2026-08-04T12:43:23+0200,490,0,9.39,103.035,112.877,106.11799621582031,-0.1622460037469864,1.8336000442504883,8194.68,4,99.9378,0.0,0.19996,0.00667579,0.0010399921,STRAIGHT,114.85099792480469,0.0262412268898598,156.10959,6,4.5,0.0,44.36263,-0.013913777,0.8789814,0.0,4,False,-0.013913776725530624,0.8789814114570618,0.0,4,0,6.83434,15.036,23.8371,41.6541,76.0791,127.057,123.0,119.673,117.303,114.851,112.307,109.654,105.723,100.819,89.4342,56.0325,33.5752,21.6943,10.1147
2026-08-04T12:43:23+0200,491,0,9.41,103.626,113.468,106.65499877929688,-0.18655599653720856,1.8511899709701538,8229.57,4,99.9373,0.0,0.199142,0.00667031,0.00033251476,STRAIGHT,114.25900268554688,0.026486130857677474,156.05196,6,4.5,0.0,44.630512,-0.020396523,0.87294096,0.0,4,False,-0.02039652317762375,0.8729409575462341,0.0,4,0,6.84129,15.0512,23.8608,41.6947,76.1502,126.405,122.368,119.058,116.699,114.259,111.728,109.092,105.186,100.321,89.0867,55.9967,33.5531,21.6799,10.1079
2026-08-04T12:43:23+0200,492,0,9.43,104.22,114.063,107.19000244140625,-0.1674019992351532,1.8687000274658203,8261.86,4,99.9367,0.0,0.198289,0.00731567,0.0,STRAIGHT,113.47899627685547,0.02802664172804705,155.94907,6,4.5,0.0,44.932236,-0.024181489,0.86875623,0.0,4,False,-0.024181488901376724,0.8687562346458435,0.0,4,0,6.85306,15.0961,23.9614,41.9726,77.0175,125.555,121.553,118.267,115.913,113.479,110.955,108.325,104.431,99.5823,88.3949,55.6795,33.431,21.6248,10.0942
2026-08-04T12:43:23+0200,493,0,9.45,104.817,114.66,107.72100067138672,-0.127143993973732,1.8832800388336182,8298.81,4,99.9362,0.0,0.197376,0.00840396,0.0,STRAIGHT,112.57099914550781,0.03048637449221947,155.8146,6,4.5,0.0,45.257065,-0.025987355,0.8658308,0.0,4,False,-0.025987355038523674,0.8658307790756226,0.0,4,0,6.86845,15.1624,24.1168,42.4205,78.4698,124.574,120.614,117.356,115.004,112.571,110.048,107.42,103.528,98.6802,87.4727,55.176,33.2413,21.5418,10.0758
2026-08-04T12:43:23+0200,494,0,9.47,105.417,115.26,108.24800109863281,-0.0779016986489296,1.8933600187301636,8339.81,4,99.9357,0.0,0.196387,0.00977479,0.0,STRAIGHT,111.58100128173828,0.033845393729592034,155.64923,6,4.5,0.0,45.604828,-0.026360527,0.86386555,0.0,4,False,-0.02636052668094635,0.8638655543327332,0.0,4,0,6.88653,15.2435,24.3101,42.9886,80.8118,123.511,119.6,116.367,114.014,111.581,109.057,106.427,102.531,97.6739,86.4017,54.5609,33.0094,21.441,10.0539
2026-08-04T12:43:23+0200,495,0,9.49,106.02,115.863,108.7750015258789,-0.02609819918870926,1.9011199474334717,8382.48,4,99.9351,0.0,0.195293,0.0112947,0.0,GENTLE_LEFT,110.5459976196289,0.06241860737965525,118.2146,5,5.5,0.55,46.641453,0.015666291,0.1399517,0.0,4,False,0.015666291117668152,0.1399517059326172,0.0,4,0,6.90661,15.3342,24.5274,43.6347,130.44,122.409,118.549,115.336,112.981,110.546,108.019,105.386,101.482,96.6109,85.2481,53.8939,32.7558,21.3301,10.0298
2026-08-04T12:43:23+0200,496,0,9.51,106.625,116.468,108.94400024414062,0.11022999882698059,1.9034600257873535,8110.9,4,99.9351,0.0,0.194167,0.0120129,0.0,GENTLE_LEFT,109.73799896240234,0.0631409769731316,118.18927,5,5.5,0.55,46.739388,0.043482453,0.1378788,0.0,4,False,0.043482452630996704,0.13787880539894104,0.0,4,0,6.92136,15.3889,24.6499,43.9795,129.496,121.538,117.713,114.517,112.167,109.738,107.217,104.591,100.699,95.8441,84.5275,53.5566,32.6206,21.2673,10.0133
2026-08-04T12:43:23+0200,497,0,9.53,107.231,117.073,108.9020004272461,0.1924780011177063,1.8960200548171997,8107.85,4,99.935,0.0,0.193135,0.0111211,0.0,GENTLE_LEFT,109.38600158691406,0.062067073056947766,118.22858,5,5.5,0.55,46.68185,0.06109759,0.13649985,0.0,4,False,0.06109758839011192,0.13649985194206238,0.0,4,0,6.9239,15.3672,24.5719,43.6836,129.079,121.127,117.305,114.125,111.794,109.386,106.89,104.292,100.448,95.6678,84.6586,53.8662,32.722,21.302,10.0134
2026-08-04T12:43:24+0200,498,0,9.55,107.835,117.678,108.86000061035156,0.19962699711322784,1.8875499963760376,8104.89,4,99.9349,0.0,0.192304,0.00871591,0.0,GENTLE_LEFT,109.4540023803711,0.05939440396819147,118.30951,5,5.5,0.55,46.58252,0.07114011,0.13679565,0.0,4,False,0.0711401104927063,0.13679565489292145,0.0,4,0,6.91405,15.2725,24.3064,42.8055,129.157,121.147,117.3,114.127,111.827,109.454,106.998,104.446,100.68,96.0208,85.498,54.812,33.0539,21.4317,10.03
2026-08-04T12:43:24+0200,499,0,9.57,108.44,118.282,108.81800079345703,0.13896499574184418,1.883970022201538,8102.48,4,99.9348,0.0,0.191743,0.00508754,0.0,STRAIGHT,109.84500122070312,0.025795679564651588,155.91594,6,4.5,0.0,45.640106,0.034805074,0.83965313,0.0,4,False,0.03480507433414459,0.8396531343460083,0.0,4,0,6.89345,15.1192,23.8973,41.5136,74.977,121.525,117.628,114.434,112.174,109.845,107.438,104.943,101.274,96.7626,86.7901,56.3395,33.5883,21.6435,10.0612
2026-08-04T12:43:24+0200,500,0,9.59,109.045,118.888,109.13400268554688,-0.07439179718494415,1.8890700340270996,8421.29,4,99.9343,0.0,0.191407,0.00158229,0.0,STRAIGHT,110.18199920654297,0.019574850640548588,156.1055,6,4.5,0.0,45.62662,0.009478103,0.8626005,0.0,4,False,0.009478103369474411,0.8626005053520203,0.0,4,0,6.87202,14.9706,23.5098,40.3293,71.1602,121.877,117.931,114.7,112.47,110.182,107.821,105.377,101.796,97.4136,87.8899,57.9104,34.1281,21.8564,10.0935
2026-08-04T12:43:24+0200,501,0,9.61,109.653,119.495,109.65299987792969,-0.25,1.9011499881744385,8482.42,4,99.9338,0.0,0.19119,-0.000707909,0.0026264992,STRAIGHT,110.177001953125,0.01577136483234292,156.18715,6,4.5,0.0,45.7804,-0.00807824,0.8745439,0.0,4,False,-0.008078239858150482,0.8745439052581787,0.0,4,0,6.85813,14.8752,23.2635,39.5919,68.8714,121.877,117.906,114.656,112.436,110.177,107.849,105.443,101.923,97.6311,88.4007,58.986,34.4907,21.998,10.1147
2026-08-04T12:43:24+0200,502,0,9.63,110.264,120.106,110.2030029296875,-0.32757699489593506,1.91798996925354,8520.37,4,99.9332,0.0,0.191035,-0.00167845,0.0023366804,STRAIGHT,109.81600189208984,0.014302679328152157,156.18265,6,4.5,0.0,46.01353,-0.019924585,0.8748154,0.0,4,False,-0.0199245847761631,0.8748154044151306,0.0,4,0,6.85281,14.8364,23.1626,39.2908,67.951,121.484,117.515,114.267,112.056,109.816,107.509,105.127,101.646,97.41,88.3525,59.451,34.645,22.0575,10.1233
2026-08-04T12:43:24+0200,503,0,9.65,110.878,120.72,110.76100158691406,-0.32512399554252625,1.9374899864196777,8551.05,4,99.9325,0.0,0.190902,-0.00152947,0.0009704788,STRAIGHT,109.15899658203125,0.014731611591439405,156.11023,6,4.5,0.0,46.303127,-0.027499478,0.8683358,0.0,4,False,-0.027499478310346603,0.8683357834815979,0.0,4,0,6.85494,14.8452,23.1825,39.3443,68.1038,120.758,116.815,113.587,111.388,109.159,106.864,104.495,101.036,96.8307,87.8617,59.3714,34.6167,22.0455,10.1206
2026-08-04T12:43:24+0200,504,0,9.67,111.495,121.337,111.31400299072266,-0.2701230049133301,1.9564599990844727,8582.24,4,99.9319,0.0,0.190747,-0.000556111,0.0,STRAIGHT,108.28700256347656,0.01656438122641566,155.98904,6,4.5,0.0,46.62953,-0.031883717,0.8578676,0.0,4,False,-0.03188371658325195,0.8578675985336304,0.0,4,0,6.86292,14.8899,23.2928,39.6623,69.0575,119.789,115.888,112.695,110.511,108.287,105.997,103.635,100.185,95.9926,87.0559,58.8909,34.4532,21.9802,10.1095
2026-08-04T12:43:24+0200,505,0,9.69,112.115,121.957,111.85700225830078,-0.19395600259304047,1.97107994556427,8617.06,4,99.9313,0.0,0.190528,0.000973746,0.0,STRAIGHT,107.26899719238281,0.019401608445904772,155.83397,6,4.5,0.0,46.97944,-0.033911463,0.8414179,0.0,4,False,-0.033911462873220444,0.8414179086685181,0.0,4,0,6.8753,14.9603,23.4676,40.1714,70.6089,118.662,114.813,111.663,109.491,107.269,104.981,102.62,99.1715,94.981,86.0401,58.1522,34.2001,21.8788,10.0921
2026-08-04T12:43:24+0200,506,0,9.71,112.738,122.58,112.38700103759766,-0.11034700274467468,1.980080008506775,8651.5,4,99.9307,0.0,0.190206,0.00284867,0.0,STRAIGHT,106.15899658203125,0.023050183494873228,155.65233,6,4.5,0.0,47.346123,-0.034228366,0.8259603,0.0,4,False,-0.03422836586833,0.8259602785110474,0.0,4,0,6.89099,15.0485,23.6869,40.8157,72.7857,117.441,113.652,110.548,108.383,106.159,103.87,101.508,98.0573,93.8615,84.8935,57.269,33.8933,21.7548,10.0706
2026-08-04T12:43:24+0200,507,0,9.73,113.364,123.206,112.90299987792969,-0.029252300038933754,1.9829399585723877,8689.0,4,99.9302,0.0,0.189754,0.0048998,0.0,EXIT,105.00199890136719,0.05422231774219821,109.0535,4,5.0,0.35,48.48789,-0.008080415,0.0,0.010047332,4,False,-0.008080415427684784,0.0,0.010047332383692265,4,0,6.9091,15.148,23.9344,41.5494,123.946,116.177,112.45,109.394,107.228,105.002,102.711,100.346,96.8906,92.6859,83.6788,56.3281,33.5612,21.619,10.0463
2026-08-04T12:43:24+0200,508,0,9.75,113.991,123.834,112.96900177001953,0.09148649871349335,1.9830900430679321,8358.82,4,99.9301,0.0,0.189202,0.00648458,0.0,EXIT,103.96499633789062,0.055625624485399205,109.017265,4,5.0,0.35,48.55717,0.009833973,0.0,0.01010368,4,False,0.00983397290110588,0.0,0.010103680193424225,4,0,6.9249,15.2296,24.1351,42.1447,122.707,115.05,111.375,108.354,106.189,103.965,101.676,99.3128,95.8594,91.6569,82.6455,55.6122,33.3032,21.5115,10.0259
2026-08-04T12:43:24+0200,509,0,9.77,114.619,124.461,112.78700256347656,0.17558999359607697,1.9730000495910645,8343.52,4,99.93,0.0,0.188622,0.00710991,0.0,EXIT,103.17900085449219,0.05611837095101748,109.02217,4,5.0,0.35,48.473404,0.021879045,0.0,0.010032526,4,False,0.0218790452927351,0.0,0.010032526217401028,4,0,6.93425,15.2688,24.226,42.403,121.777,114.191,110.549,107.551,105.394,103.179,100.899,98.5465,95.1104,90.9315,81.9875,55.3177,33.1923,21.4629,10.0148
2026-08-04T12:43:24+0200,510,0,9.79,115.245,125.087,112.60600280761719,0.20193399488925934,1.9625300168991089,8329.58,4,99.9299,0.0,0.188073,0.00673284,0.0,EXIT,102.6520004272461,0.055636990953528,109.05099,4,5.0,0.35,48.36317,0.029548507,0.0,0.00994072,4,False,0.029548507183790207,0.0,0.009940720163285732,4,0,6.93628,15.262,24.1979,42.2937,121.16,113.605,109.978,106.995,104.852,102.652,100.39,98.0568,94.6525,90.5191,81.7128,55.453,33.234,21.4759,10.0139
2026-08-04T12:43:24+0200,511,0,9.81,115.87,125.712,112.42500305175781,0.175929993391037,1.9578299522399902,8316.08,4,99.9299,0.0,0.187602,0.0054777,0.0,EXIT,102.3489990234375,0.05431511439276466,109.10016,4,5.0,0.35,48.23014,0.033879213,0.0,0.00983132,4,False,0.03387921303510666,0.0,0.009831319563090801,4,0,6.9315,15.2142,24.065,41.8651,120.816,113.256,109.628,106.65,104.527,102.349,100.11,97.8037,94.4429,90.372,81.7549,55.973,33.4118,21.5443,10.0224
2026-08-04T12:43:24+0200,512,0,9.83,116.494,126.336,112.24400329589844,0.1087070032954216,1.9596099853515625,8302.83,4,99.9298,0.0,0.18725,0.00353552,0.0,EXIT,102.21499633789062,0.05236931252052081,109.16407,4,5.0,0.35,48.08076,0.035648577,0.0,0.009709542,4,False,0.03564857691526413,0.0,0.00970954168587923,4,0,6.92092,15.1339,23.8515,41.2008,120.686,113.094,109.451,106.468,104.368,102.215,100.004,97.7292,94.4195,90.4215,82.022,56.8163,33.7018,21.658,10.0387
2026-08-04T12:43:24+0200,513,0,9.85,117.117,126.959,112.06400299072266,0.02605690062046051,1.965499997138977,8289.7,4,99.9297,0.0,0.18705,0.00116311,0.0,EXIT,102.18099975585938,0.050070005237049485,109.235695,4,5.0,0.35,47.92339,0.035502523,0.0,0.009582056,4,False,0.03550252318382263,0.0,0.009582055732607841,4,0,6.90615,15.0329,23.5895,40.4068,120.694,113.05,109.386,106.385,104.307,102.181,100.001,97.7593,94.5039,90.5827,82.4065,57.8937,34.07,21.8029,10.0608
2026-08-04T12:43:24+0200,514,0,9.87,117.739,127.581,111.88400268554688,-0.05661559849977493,1.972540020942688,8276.6,4,99.9296,0.0,0.18703,-0.00142716,0.0,STRAIGHT,102.19300079345703,0.017874224128073594,155.91687,6,4.5,0.0,46.9253,0.008938905,0.8423092,0.0,4,False,0.008938904851675034,0.8423091769218445,0.0,4,0,6.88845,14.9207,23.3046,39.5651,69.1975,113.07,109.379,106.358,104.291,102.193,100.043,97.8353,94.6342,90.7889,82.8283,59.1285,34.4874,21.9672,10.0867
2026-08-04T12:43:24+0200,515,0,9.89,118.361,128.203,112.15899658203125,-0.1999409943819046,1.98062002658844,8657.18,4,99.9291,0.0,0.187146,-0.00338912,0.0,STRAIGHT,102.04399871826172,0.014404996217149132,156.00974,6,4.5,0.0,46.967117,-0.009299926,0.8531826,0.0,4,False,-0.009299926459789276,0.8531826138496399,0.0,4,0,6.87404,14.8344,23.0897,38.9446,66.7621,112.919,109.213,106.181,104.119,102.044,99.9192,97.7394,94.5835,90.8004,83.0118,60.1062,34.8144,22.0959,10.1076
2026-08-04T12:43:24+0200,516,0,9.91,118.985,128.828,112.68699645996094,-0.2816280126571655,1.9945199489593506,8714.06,4,99.9285,0.0,0.187306,-0.00418226,0.0023427673,STRAIGHT,101.60600280761719,0.01325577998760715,155.99355,6,4.5,0.0,47.2011,-0.021527056,0.8400931,0.0,4,False,-0.021527055650949478,0.8400930762290955,0.0,4,0,6.86728,14.7978,23.0007,38.6938,66.0163,112.443,108.745,105.719,103.665,101.606,99.4992,97.3392,94.2148,90.4749,82.802,60.5165,34.9518,22.1505,10.117
2026-08-04T12:43:24+0200,517,0,9.93,119.613,129.455,113.23600006103516,-0.2874689996242523,2.011699914932251,8732.09,4,99.9279,0.0,0.18747,-0.00388612,0.0,STRAIGHT,100.90399932861328,0.014061121055859748,155.90604,6,4.5,0.0,47.50101,-0.029299438,0.821819,0.0,4,False,-0.029299437999725342,0.821819007396698,0.0,4,0,6.86791,14.8074,23.0275,38.7764,66.5411,111.665,107.995,104.992,102.952,100.904,98.809,96.6619,93.5577,89.8451,82.2433,60.3741,34.9069,22.1342,10.1154
2026-08-04T12:43:24+0200,518,0,9.95,120.244,130.086,113.7699966430664,-0.23523899912834167,2.027940034866333,8748.93,4,99.9272,0.0,0.187588,-0.00276355,0.0,EXIT,100.00399780273438,0.0457702002843398,109.212494,4,5.0,0.35,48.67934,-0.009043284,0.0,0.010222048,4,False,-0.009043283760547638,0.0,0.010222047567367554,4,0,6.87458,14.8531,23.1441,39.1173,118.231,110.66,107.034,104.067,102.046,100.004,97.9162,95.7769,92.6849,88.9888,81.4272,59.8151,34.7235,22.0636,10.105
2026-08-04T12:43:24+0200,519,0,9.97,120.876,130.719,113.83100128173828,-0.10587900131940842,2.038180112838745,8422.64,4,99.9272,0.0,0.187673,-0.00159575,0.0,EXIT,99.09380340576172,0.04658542048437352,109.18725,4,5.0,0.35,48.734184,0.0047640167,0.0,0.010266881,4,False,0.004764016717672348,0.0,0.010266881436109543,4,0,6.88185,14.9016,23.2678,39.4803,117.122,109.647,106.065,103.135,101.129,99.0938,97.0128,94.8814,91.8016,88.1218,80.6006,59.2428,34.5336,21.9899,10.0939
2026-08-04T12:43:24+0200,520,0,9.99,121.508,131.35,113.64600372314453,0.002570230048149824,2.028719902038574,8407.43,4,99.9271,0.0,0.187766,-0.000977352,0.0,EXIT,98.31600189208984,0.046933437766462825,109.191765,4,5.0,0.35,48.649853,0.014087768,0.0,0.010195525,4,False,0.014087768271565437,0.0,0.010195525363087654,4,0,6.88531,14.9266,23.3325,39.673,116.187,108.784,105.237,102.334,100.341,98.316,96.2453,94.1252,91.0634,87.4078,79.9481,58.9466,34.4354,21.952,10.0884
2026-08-04T12:43:24+0200,521,0,10.01,122.139,131.981,113.46299743652344,0.06222129985690117,2.013000011444092,8393.01,4,99.927,0.0,0.187905,-0.00105059,0.0,EXIT,97.70279693603516,0.04668725762140915,109.21057,4,5.0,0.35,48.55017,0.020108555,0.0,0.010112198,4,False,0.020108554512262344,0.0,0.010112198069691658,4,0,6.88362,14.9208,23.3205,39.6427,115.466,108.107,104.582,101.696,99.7154,97.7028,95.6463,93.5417,90.5045,86.8822,79.5087,58.989,34.4513,21.9593,10.0903
2026-08-04T12:43:24+0200,522,0,10.03,122.769,132.611,113.27999877929688,0.07575300335884094,1.998170018196106,8378.98,4,99.9269,0.0,0.188112,-0.00175461,0.0,EXIT,97.23729705810547,0.045893296309821564,109.24252,4,5.0,0.35,48.435665,0.0236262,0.0,0.010017365,4,False,0.02362620085477829,0.0,0.010017365217208862,4,0,6.87704,14.8867,23.238,39.4086,114.935,107.596,104.081,101.203,99.2339,97.2373,95.1981,93.1126,90.1055,86.524,79.2562,59.3425,34.5725,22.0083,10.0992
2026-08-04T12:43:24+0200,523,0,10.05,123.398,133.24,113.09700012207031,0.05241230130195618,1.9901100397109985,8365.37,4,99.9269,0.0,0.18841,-0.0030068,0.0,EXIT,96.89730072021484,0.044635424699428966,109.285416,4,5.0,0.35,48.308914,0.025204955,0.0,0.009913161,4,False,0.02520495466887951,0.0,0.009913161396980286,4,0,6.86595,14.8276,23.0946,39.0021,114.571,107.229,103.713,100.836,98.8756,96.8973,94.878,92.8142,89.8415,86.3062,79.158,59.9781,34.7879,22.0946,10.1145
2026-08-04T12:43:24+0200,524,0,10.07,124.025,133.868,112.91500091552734,0.002858980093151331,1.9893100261688232,8352.02,4,99.9268,0.0,0.188823,-0.00463352,0.0,EXIT,96.64029693603516,0.04307745272002914,109.334946,4,5.0,0.35,48.17525,0.025306512,0.0,0.009803876,4,False,0.02530651167035103,0.0,0.009803876280784607,4,0,6.85139,14.7511,22.9101,38.4848,114.32,106.96,103.438,100.556,98.5991,96.6403,94.6423,92.6017,89.6655,86.1793,79.1565,60.8168,35.0725,22.2083,10.1346
2026-08-04T12:43:24+0200,525,0,10.09,124.652,134.494,112.73200225830078,-0.052210401743650436,1.9933700561523438,8338.78,4,99.9267,0.0,0.189365,-0.00644577,0.0,GENTLE_LEFT,96.42160034179688,0.041453017074172115,118.50079,5,5.5,0.55,48.04035,0.038265444,0.08587429,0.0,4,False,0.038265444338321686,0.0858742892742157,0.0,4,0,6.83456,14.6652,22.7056,37.9202,114.127,106.742,103.208,100.319,98.3606,96.4216,94.4452,92.4282,89.5288,86.092,79.1936,61.6355,35.3973,22.3378,10.1578
2026-08-04T12:43:24+0200,526,0,10.11,125.278,135.12,112.61299896240234,-0.06513179838657379,1.9997700452804565,8365.1,4,99.9267,0.0,0.190086,-0.0086318,0.0,STRAIGHT,96.28230285644531,0.009508784516016357,156.10915,6,4.5,0.0,47.078217,0.006955765,0.8319611,0.0,4,False,0.006955765187740326,0.8319610953330994,0.0,4,0,6.81379,14.5617,22.4615,37.2568,64.4169,106.623,103.072,100.169,98.2027,96.2823,94.3286,92.3362,89.4754,86.0898,79.3193,62.4832,35.7991,22.4973,10.1865
2026-08-04T12:43:24+0200,527,0,10.13,125.904,135.746,112.91100311279297,-0.19357800483703613,2.007889986038208,8708.84,4,99.9261,0.0,0.190947,-0.0103813,0.0,STRAIGHT,96.04039764404297,0.006004227751041737,156.1944,6,4.5,0.0,47.134846,-0.014312837,0.8447751,0.0,4,False,-0.014312837272882462,0.8447750806808472,0.0,4,0,6.79487,14.4747,22.2619,36.7288,61.3046,106.39,102.83,99.9196,97.9487,96.0404,94.1069,92.1365,89.3099,85.9696,79.3105,63.0433,36.1356,22.6319,10.2121
2026-08-04T12:43:24+0200,528,0,10.15,126.533,136.375,113.43499755859375,-0.2747820019721985,2.020390033721924,8765.14,4,99.9255,0.0,0.191838,-0.0109286,0.0015676587,STRAIGHT,95.5280990600586,0.0054754737919118415,156.1501,6,4.5,0.0,47.38906,-0.028437885,0.82766616,0.0,4,False,-0.028437884524464607,0.827666163444519,0.0,4,0,6.78376,14.4366,22.1831,36.5384,60.9629,105.835,102.287,99.3885,97.4251,95.5281,93.6097,91.6558,88.8546,85.5478,78.9699,63.0805,36.261,22.6861,10.2254
2026-08-04T12:43:24+0200,529,0,10.17,127.165,137.007,113.97799682617188,-0.27609699964523315,2.0386600494384766,8781.39,4,99.9249,0.0,0.1927,-0.010304,0.0,STRAIGHT,94.75689697265625,0.03798168727241573,154.92369,6,4.5,0.0,48.602615,-0.03732855,0.77774465,0.0,4,False,-0.03732854872941971,0.7777446508407593,0.0,4,0,6.78066,14.4465,22.2214,36.6705,112.316,104.967,101.455,98.5847,96.6404,94.7569,92.8491,90.9064,88.1232,84.8397,78.3175,62.6649,36.1749,22.6599,10.2263
2026-08-04T12:43:24+0200,530,0,10.19,127.8,137.642,114.48799896240234,-0.22088199853897095,2.056260108947754,8780.65,4,99.9244,0.0,0.193494,-0.00877258,0.0,STRAIGHT,93.78790283203125,0.03887114596811723,154.83194,6,4.5,0.0,48.894234,-0.042359646,0.7615494,0.0,4,False,-0.042359646409749985,0.7615494132041931,0.0,4,0,6.78418,14.4946,22.3528,37.0604,111.102,103.865,100.404,97.5752,95.6587,93.7879,91.8873,89.9526,87.1817,83.9144,77.4302,61.9229,35.9265,22.5712,10.2172
2026-08-04T12:43:24+0200,531,0,10.21,128.437,138.28,114.96399688720703,-0.13967199623584747,2.069010019302368,8804.82,4,99.9239,0.0,0.194163,-0.00664996,0.0,STRAIGHT,92.69049835205078,0.040213224582130155,154.72899,6,4.5,0.55,49.18106,-0.005739011,0.7479833,0.0,4,False,-0.0057390108704566956,0.7479832768440247,0.0,4,0,6.79273,14.57,22.5502,37.6363,109.72,102.616,99.2173,96.438,94.5545,92.6905,90.7953,88.8666,86.1048,82.8495,76.393,60.9783,35.5754,22.4415,10.2009
2026-08-04T12:43:24+0200,532,0,10.23,129.077,138.92,115.4260025024414,0.03179579973220825,2.075010061264038,8835.02,4,99.9233,0.0,0.19475,-0.00496586,0.0,GENTLE_LEFT,91.68800354003906,0.04128683883936172,118.2523,5,5.5,0.55,49.453156,0.018254016,0.042492095,0.0,5,False,0.01825401559472084,0.0424920953810215,0.0,5,0,6.79909,14.6294,22.708,38.1043,108.476,101.486,98.1402,95.4035,93.5452,91.688,89.8001,87.8794,85.13,81.8911,75.4728,60.2018,35.3038,22.3409,10.1885
2026-08-04T12:43:24+0200,533,0,10.25,129.719,139.561,115.52400207519531,0.1436470001935959,2.0734200477600098,7842.54,5,99.9233,0.0,0.195345,-0.00453982,0.0,GENTLE_LEFT,90.9561996459961,0.04145733802435172,118.23581,5,5.5,0.55,49.51273,0.034055956,0.04038363,0.0,5,False,0.034055955708026886,0.040383629500865936,0.0,5,0,6.79694,14.6364,22.7357,38.2035,107.597,100.672,97.357,94.6453,92.8022,90.9562,89.0805,87.173,84.4441,81.2319,74.8774,59.8711,35.249,22.324,10.1892
2026-08-04T12:43:24+0200,534,0,10.27,130.361,140.203,115.41500091552734,0.18101100623607635,2.0626299381256104,7839.64,5,99.9233,0.0,0.196023,-0.0053999,0.0,STRAIGHT,90.49949645996094,0.0406995110525824,154.64801,6,4.5,0.55,49.439972,0.04436812,0.7411852,0.0,5,False,0.04436812177300453,0.741185188293457,0.0,5,0,6.78543,14.5882,22.627,37.9153,107.085,100.176,96.8697,94.1653,92.3299,90.4995,88.6403,86.7509,84.0498,80.8739,74.6061,59.9633,35.4156,22.3934,10.2038
2026-08-04T12:43:24+0200,535,0,10.29,131.002,140.844,115.31199645996094,0.15071800351142883,2.0505499839782715,7699.47,5,99.9233,0.0,0.196845,-0.00737923,0.0,STRAIGHT,90.27660369873047,0.039182203280469785,154.70467,6,4.5,0.0,49.34974,0.011263967,0.7397258,0.0,5,False,0.01126396656036377,0.7397258281707764,0.0,5,0,6.76526,14.4914,22.4007,37.3011,106.891,99.956,96.6387,93.9262,92.0883,90.2766,88.4376,86.5698,83.9021,80.7696,74.6048,60.3816,35.7822,22.5407,10.2313
2026-08-04T12:43:24+0200,536,0,10.31,131.643,141.485,115.5009994506836,-0.02265230007469654,2.047029972076416,7898.92,5,99.9229,0.0,0.197772,-0.00922184,0.0,STRAIGHT,90.01940155029297,0.037816120177955374,154.72437,6,4.5,0.0,49.414562,-0.011229217,0.7540074,0.0,5,False,-0.011229217052459717,0.7540073990821838,0.0,5,0,6.74521,14.3995,22.1893,36.7385,106.659,99.7018,96.3759,93.6571,91.8154,90.0194,88.1998,86.3526,83.7166,80.6252,74.5568,60.7076,36.135,22.6826,10.2585
2026-08-04T12:43:24+0200,537,0,10.33,132.285,142.128,115.84600067138672,-0.14435799419879913,2.056960105895996,7928.61,5,99.9225,0.0,0.198707,-0.00989115,0.0,STRAIGHT,89.51349639892578,0.03725232190721814,154.69952,6,4.5,0.0,49.582478,-0.026226247,0.74582016,0.0,5,False,-0.02622624672949314,0.745820164680481,0.0,5,0,6.73293,14.3556,22.0969,36.5107,106.087,99.1539,95.8401,93.1315,91.2968,89.5135,87.7091,85.8784,83.2677,80.2089,74.2167,60.6474,36.2829,22.7459,10.2735
2026-08-04T12:43:24+0200,538,0,10.35,132.93,142.772,116.19599914550781,-0.18230800330638885,2.0692999362945557,7946.09,5,99.922,0.0,0.199594,-0.00936201,0.0,STRAIGHT,88.75859832763672,0.037467245564947585,154.64734,6,4.5,0.0,49.77508,-0.035746075,0.7301913,0.0,5,False,-0.035746075212955475,0.7301912903785706,0.0,5,0,6.72897,14.3611,22.1249,36.6162,105.171,98.3083,95.0277,92.3459,90.5293,88.7586,86.9659,85.1479,82.5568,79.5233,73.5894,60.2258,36.215,22.7266,10.2755
2026-08-04T12:43:24+0200,539,0,10.37,133.576,143.419,116.53700256347656,-0.1577419936656952,2.0839200019836426,7960.72,5,99.9216,0.0,0.200376,-0.00787619,0.0,STRAIGHT,87.80760192871094,0.03831826806245171,154.57477,6,4.5,0.0,49.980854,-0.041219264,0.71746,0.0,5,False,-0.04121926426887512,0.7174599766731262,0.0,5,0,6.73222,14.4074,22.252,36.996,103.988,97.2311,93.9997,91.3577,89.5677,87.8076,86.0243,84.2163,81.6406,78.6271,72.7392,59.5317,35.9751,22.6407,10.2667
2026-08-04T12:43:24+0200,540,0,10.39,134.225,144.067,116.86799621582031,-0.09510450065135956,2.098489999771118,7977.02,5,99.9212,0.0,0.201012,-0.00574653,0.0,STRAIGHT,86.72640228271484,0.03963738610932833,154.48813,6,4.5,0.0,50.194283,-0.04372976,0.70685804,0.0,5,False,-0.0437297597527504,0.7068580389022827,0.0,5,0,6.74101,14.4833,22.4509,37.5785,102.634,96.0057,92.8339,90.2398,88.4793,86.7264,84.9509,83.1514,80.5887,77.5922,71.7433,58.664,35.623,22.5099,10.25
2026-08-04T12:43:24+0200,541,0,10.41,134.875,144.717,117.19000244140625,-0.02167849987745285,2.112649917602539,7995.28,5,99.9209,0.0,0.20146,-0.00323299,0.0,GENTLE_LEFT,85.56849670410156,0.041283910327805526,118.06492,5,5.5,0.55,50.411617,-0.0060730353,0.01279884,0.0,5,False,-0.006073035299777985,0.012798840180039406,0.0,5,0,6.75404,14.5797,22.6995,38.3061,101.188,94.7001,91.5931,89.051,87.3148,85.5685,83.8001,82.0083,79.4577,76.4767,70.6637,57.7,35.2079,22.3521,10.2278
2026-08-04T12:43:24+0200,542,0,10.43,135.526,145.368,117.22000122070312,0.14073200523853302,2.123339891433716,7806.48,5,99.9209,0.0,0.201785,-0.00133254,0.0,GENTLE_LEFT,84.5365982055664,0.04255902660482512,118.02607,5,5.5,0.55,50.46656,0.019541904,0.01206844,0.0,5,False,0.0195419043302536,0.012068440206348896,0.0,5,0,6.76407,14.6539,22.8917,38.8767,99.9196,93.5469,90.4939,87.995,86.2746,84.5366,82.7773,80.9953,78.4598,75.4985,69.7304,56.9156,34.9004,22.2341,10.2111
2026-08-04T12:43:24+0200,543,0,10.45,136.177,146.019,117.08399963378906,0.25016799569129944,2.121530055999756,7795.43,5,99.9209,0.0,0.202089,-0.000847086,0.0,GENTLE_LEFT,83.79149627685547,0.04283625421852944,118.02744,5,5.5,0.55,50.406517,0.036484804,0.013985588,0.0,5,False,0.03648480400443077,0.0139855882152915,0.0,5,0,6.76477,14.6689,22.935,39.0144,99.0283,92.7211,89.699,87.2254,85.5175,83.7915,82.045,80.2769,77.7626,74.8285,69.1228,56.5186,34.8292,22.2083,10.2087
2026-08-04T12:43:24+0200,544,0,10.47,136.827,146.669,116.9489974975586,0.2665559947490692,2.113800048828125,7786.82,5,99.9209,0.0,0.202469,-0.0018139,0.0,GENTLE_LEFT,83.3363037109375,0.04207194375512405,118.056175,5,5.5,0.55,50.317383,0.046895564,0.01623241,0.0,5,False,0.04689556360244751,0.016232410445809364,0.0,5,0,6.75504,14.621,22.8208,38.6934,98.5146,92.2231,89.2092,86.7427,85.047,83.3363,81.6061,79.8555,77.3678,74.4678,68.8397,56.4959,35.0001,22.2781,10.2218
2026-08-04T12:43:24+0200,545,0,10.49,137.476,147.319,116.81400299072266,0.2081650048494339,2.1072700023651123,7778.4,5,99.9209,0.0,0.202987,-0.00401741,0.0,STRAIGHT,83.12200164794922,0.040464560219324736,154.44705,6,4.5,0.55,50.204967,0.052740555,0.70331585,0.0,5,False,0.05274055525660515,0.7033158540725708,0.0,5,0,6.73587,14.5191,22.574,37.9965,98.321,92.0024,88.9774,86.5026,84.815,83.122,81.4106,79.6799,77.2227,74.3615,68.821,56.7648,35.3854,22.4321,10.2489
2026-08-04T12:43:24+0200,546,0,10.51,138.126,147.968,116.97599792480469,0.10452800244092941,2.113729953765869,7986.92,5,99.9205,0.0,0.203701,-0.00705566,0.0,STRAIGHT,83.06340026855469,0.0383608635237076,154.49734,6,4.5,0.0,50.23306,0.016507667,0.6995656,0.0,5,False,0.016507666558027267,0.699565589427948,0.0,5,0,6.70965,14.3809,22.2422,37.0747,98.3463,91.9712,88.9217,86.428,84.7375,83.0634,81.372,79.6628,77.2378,74.4173,68.9684,57.2036,35.9305,22.648,10.2866
2026-08-04T12:43:25+0200,547,0,10.53,138.777,148.619,117.29199981689453,-0.10423500090837479,2.1241700649261475,8009.41,5,99.9201,0.0,0.204579,-0.00961085,0.0,STRAIGHT,82.9021987915039,0.03664903404085819,154.5162,6,4.5,0.0,50.35314,-0.008362927,0.71110106,0.0,5,False,-0.008362926542758942,0.7111010551452637,0.0,5,0,6.68543,14.2617,21.9626,36.3198,98.2463,91.831,88.7644,86.2577,84.5597,82.9022,81.2294,79.5398,77.1445,74.3616,68.996,57.4889,36.4102,22.8381,10.3209
2026-08-04T12:43:25+0200,548,0,10.55,139.429,149.271,117.61799621582031,-0.23688900470733643,2.136620044708252,8030.34,5,99.9197,0.0,0.205515,-0.010741,0.0,STRAIGHT,82.46179962158203,0.035861445443755004,154.50114,6,4.5,0.0,50.505604,-0.025136784,0.70731163,0.0,5,False,-0.025136783719062805,0.7073116302490234,0.0,5,0,6.67017,14.1997,21.8259,35.9704,97.7679,91.363,88.3024,85.8011,84.1069,82.4618,80.8046,79.1314,76.761,74.0095,68.7137,57.4164,36.643,22.9335,10.3408
2026-08-04T12:43:25+0200,549,0,10.57,140.084,149.926,117.94400024414062,-0.2707209885120392,2.149240016937256,8047.59,5,99.9193,0.0,0.206437,-0.010474,0.0,STRAIGHT,81.75389862060547,0.03592642281215798,154.45638,6,4.5,0.0,50.68285,-0.035946205,0.6919688,0.0,5,False,-0.035946205258369446,0.6919687986373901,0.0,5,0,6.66417,14.1939,21.8266,36.0006,96.9187,90.5743,87.5423,85.0643,83.3859,81.7539,80.1096,78.4502,76.1007,73.3756,68.1385,57.0153,36.6224,22.9326,10.3459
2026-08-04T12:43:25+0200,550,0,10.59,140.74,150.582,118.26100158691406,-0.23375500738620758,2.1596500873565674,8062.79,5,99.919,0.0,0.207285,-0.00912143,0.0,STRAIGHT,80.8416976928711,0.03666187945536439,154.38979,6,4.5,0.0,50.87467,-0.0423299,0.6796152,0.0,5,False,-0.042329899966716766,0.6796151995658875,0.0,5,0,6.66588,14.2328,21.9361,36.3304,95.788,89.542,86.5559,84.1148,82.4611,80.8417,79.2087,77.5613,75.2302,72.5283,67.3427,56.3714,36.404,22.8559,10.3389
2026-08-04T12:43:25+0200,551,0,10.61,141.398,151.24,118.56800079345703,-0.1572449952363968,2.1662299633026123,8080.14,5,99.9186,0.0,0.208009,-0.00703543,0.0,STRAIGHT,79.79399871826172,0.03788901216021971,154.28322,6,4.5,0.0,51.09594,-0.045461196,0.66881174,0.0,5,False,-0.04546119645237923,0.6688117384910583,0.0,5,0,6.67348,14.3039,22.1239,36.8799,94.4769,88.3531,85.4236,83.0282,81.4036,79.794,78.1713,76.5351,74.2209,71.5406,66.403,55.5723,36.0555,22.7277,10.3232
2026-08-04T12:43:25+0200,552,0,10.63,142.057,151.9,118.86599731445312,-0.0670802965760231,2.168560028076172,8098.61,5,99.9182,0.0,0.208556,-0.00450419,0.0,STRAIGHT,78.66570281982422,0.0394619298574384,154.05551,6,4.5,0.0,51.4154,-0.04624354,0.6567469,0.0,5,False,-0.046243540942668915,0.6567469239234924,0.0,5,0,6.68558,14.3976,22.3661,37.5867,93.0664,87.0773,84.2104,81.8651,80.2661,78.6657,77.0531,75.4277,73.13,70.4707,65.38,54.6856,35.6324,22.5683,10.3014
2026-08-04T12:43:25+0200,553,0,10.65,142.719,152.561,119.15599822998047,0.02168310061097145,2.169110059738159,8116.82,5,99.9178,0.0,0.208901,-0.00172339,0.0,GENTLE_LEFT,77.49420166015625,0.04128033609848722,117.624435,5,5.5,0.55,51.74182,-0.007539183,0.0,0.0,5,False,-0.007539182901382446,0.0,0.0,5,0,6.70116,14.5068,22.6463,38.4092,91.6103,85.7611,82.9591,80.666,79.0851,77.4942,75.8917,74.2771,71.996,69.3579,64.3142,53.7564,35.1722,22.3913,10.2756
2026-08-04T12:43:25+0200,554,0,10.67,143.381,153.223,119.16699981689453,0.18919900059700012,2.170639991760254,7932.19,5,99.9178,0.0,0.209092,0.000381544,0.0,GENTLE_LEFT,76.44979858398438,0.04271014552611783,117.48728,5,5.5,0.55,51.897465,0.01889392,0.0,0.0,5,False,0.01889391988515854,0.0,0.0,5,0,6.71364,14.5921,22.8654,39.0602,90.331,84.5976,81.8496,79.5995,78.03,76.4498,74.8586,73.2563,70.9937,68.3791,63.3875,52.9789,34.8299,22.2581,10.2556
2026-08-04T12:43:25+0200,555,0,10.69,144.042,153.885,119.01799774169922,0.30167800188064575,2.1663599014282227,7920.13,5,99.9178,0.0,0.20925,0.00101869,0.0,GENTLE_LEFT,75.67620086669922,0.043139781268039024,117.41507,5,5.5,0.55,51.91191,0.036472756,0.0,0.0,5,False,0.036472756415605545,0.0,0.0,5,0,6.71658,14.6162,22.9297,39.2568,89.4057,83.7412,81.0258,78.8014,77.2438,75.6762,74.0986,72.5106,70.2696,67.6822,62.75,52.5092,34.7306,22.2199,10.2504
2026-08-04T12:43:25+0200,556,0,10.71,144.703,154.545,118.86900329589844,0.31446000933647156,2.1617801189422607,7910.07,5,99.9178,0.0,0.209469,0.000119194,0.0,GENTLE_LEFT,75.18090057373047,0.04249496847578613,117.39701,5,5.5,0.55,51.866734,0.047350533,0.0,0.0,5,False,0.04735053330659866,0.0,0.0,5,0,6.70867,14.574,22.8263,38.9581,88.8395,83.1966,80.4922,78.278,76.734,75.1809,73.6184,72.0466,69.8298,67.2726,62.4056,52.3451,34.8838,22.282,10.2615
2026-08-04T12:43:25+0200,557,0,10.73,145.363,155.205,118.72000122070312,0.24363499879837036,2.1601099967956543,7900.12,5,99.9178,0.0,0.209823,-0.0020923,0.0,GENTLE_LEFT,74.91719818115234,0.04096150614513844,117.423294,5,5.5,0.55,51.772915,0.053059354,0.0,0.0,5,False,0.053059354424476624,0.0,0.0,5,0,6.69089,14.4745,22.581,38.2511,88.5773,82.9158,80.2041,77.9849,76.4548,74.9172,73.3712,71.8166,69.6255,67.1001,62.3015,52.4257,35.2607,22.4326,10.2872
2026-08-04T12:43:25+0200,558,0,10.75,146.022,155.864,118.56999969482422,0.12122700363397598,2.1700799465179443,7890.33,5,99.9178,0.0,0.21037,-0.00526506,0.0,STRAIGHT,74.81770324707031,0.03884192733561713,153.62665,6,4.5,0.0,51.646313,0.017265853,0.6478625,0.0,5,False,0.01726585254073143,0.6478624939918518,0.0,5,0,6.66523,14.3334,22.237,37.2779,88.541,82.8308,80.098,77.8625,76.3391,74.8177,73.2886,71.7516,69.5869,67.0939,62.3642,52.6704,35.817,22.653,10.3248
2026-08-04T12:43:25+0200,559,0,10.77,146.681,156.523,118.71700286865234,-0.11160799860954285,2.1815099716186523,8088.69,5,99.9174,0.0,0.211077,-0.00799036,0.0,STRAIGHT,74.63240051269531,0.0370783391877367,153.64423,6,4.5,0.0,51.695614,-0.0074042864,0.6612217,0.0,5,False,-0.007404286414384842,0.6612216830253601,0.0,5,0,6.64138,14.21,21.9429,36.469,88.402,82.6562,79.9085,77.6618,76.1385,74.6324,73.1193,71.5991,69.4593,66.9972,62.3323,52.808,36.3161,22.8503,10.3594
2026-08-04T12:43:25+0200,560,0,10.79,147.341,157.184,119.00599670410156,-0.2513990104198456,2.19461989402771,8112.59,5,99.9171,0.0,0.211841,-0.00920668,0.0,STRAIGHT,74.17880249023438,0.03628009917392246,153.58012,6,4.5,0.0,51.87531,-0.024081033,0.6574478,0.0,5,False,-0.0240810327231884,0.6574478149414062,0.0,5,0,6.62702,14.1476,21.8016,36.0983,87.9038,82.1706,79.4296,77.189,75.6711,74.1788,72.6803,71.1755,69.0584,66.6242,62.019,52.6497,36.5567,22.9479,10.3788
2026-08-04T12:43:25+0200,561,0,10.81,148.003,157.846,119.302001953125,-0.28585898876190186,2.208209991455078,8126.96,5,99.9167,0.0,0.212597,-0.00899576,0.0,STRAIGHT,73.47740173339844,0.036351698228361685,153.45494,6,4.5,0.0,52.10975,-0.034845382,0.6413378,0.0,5,False,-0.03484538197517395,0.6413378119468689,0.0,5,0,6.62203,14.1424,21.8014,36.1213,87.0665,81.3912,78.6779,76.4598,74.9569,73.4774,71.9923,70.5017,68.4058,65.9979,61.4486,52.2254,36.5416,22.9478,10.3831
2026-08-04T12:43:25+0200,562,0,10.83,148.667,158.509,119.58799743652344,-0.24557499587535858,2.21983003616333,8138.47,5,99.9163,0.0,0.213286,-0.00767963,0.0,STRAIGHT,72.58789825439453,0.037127979156082895,153.284,6,4.5,0.0,52.378983,-0.04120862,0.62745744,0.0,5,False,-0.041208621114492416,0.6274574398994446,0.0,5,0,6.62481,14.1827,21.9123,36.4887,85.973,80.3901,77.7199,75.5366,74.0552,72.5879,71.1157,69.6387,67.5632,65.1808,60.6857,51.6044,36.3251,22.8708,10.3751
2026-08-04T12:43:25+0200,563,0,10.85,149.332,159.174,119.86199951171875,-0.16495199501514435,2.2274699211120605,8151.9,5,99.9159,0.0,0.213848,-0.00562701,0.0,STRAIGHT,71.57589721679688,0.038513384587101955,153.07915,6,4.5,0.0,52.67231,-0.04433398,0.6151935,0.0,5,False,-0.04433397948741913,0.6151934862136841,0.0,5,0,6.6335,14.2555,22.1023,37.2683,84.7177,79.2484,76.6311,74.4904,73.0312,71.5759,70.1165,68.653,66.5978,64.2405,59.7994,50.8592,35.9741,22.7424,10.3583
2026-08-04T12:43:25+0200,564,0,10.87,149.999,159.841,120.1259994506836,-0.07192470133304596,2.2301299571990967,8166.92,5,99.9155,0.0,0.214245,-0.00313872,0.0,GENTLE_LEFT,70.49410247802734,0.040529303100366884,116.88221,5,5.5,0.55,52.986046,-0.0076483004,0.0,0.058726802,5,False,-0.007648300379514694,0.0,0.058726802468299866,5,0,6.64652,14.3502,22.3458,38.6752,83.3764,78.0316,75.4721,73.378,71.9373,70.4941,69.0475,67.5977,65.5629,63.2312,58.8448,50.0467,35.5495,22.5837,10.3357
2026-08-04T12:43:25+0200,565,0,10.89,150.666,160.508,120.01899719238281,0.10458499938249588,2.226370096206665,7967.68,5,99.9155,0.0,0.214523,-0.00119072,0.0,GENTLE_LEFT,69.5062026977539,0.043011983456304935,116.73009,5,5.5,0.55,53.107384,0.01738438,0.0,0.059111357,5,False,0.017384380102157593,0.0,0.05911135673522949,5,0,6.65707,14.4259,22.5413,41.1713,82.1665,76.9281,74.4184,72.3643,70.9368,69.5062,68.0731,66.6374,64.6239,62.3184,57.988,49.3334,35.2135,22.4605,10.3179
2026-08-04T12:43:25+0200,566,0,10.91,151.332,161.174,119.6969985961914,0.2287140041589737,2.215640068054199,7943.59,5,99.9155,0.0,0.214785,-0.000555098,0.0,GENTLE_LEFT,68.73909759521484,0.0727787559812769,115.88437,5,5.5,0.55,53.89933,0.034064688,0.0,0.06188343,5,False,0.03406468778848648,0.0,0.06188343092799187,5,0,6.65907,14.4477,22.601,94.2482,81.2479,76.0774,73.5998,71.5712,70.1563,68.7391,67.3199,65.8989,63.9071,61.6285,57.3545,48.842,35.0771,22.4238,10.3135
2026-08-04T12:43:25+0200,567,0,10.93,151.996,161.838,119.36799621582031,0.26009899377822876,2.2036099433898926,7919.84,5,99.9155,0.0,0.215112,-0.0013579,0.0,GENTLE_LEFT,68.20800018310547,0.07227453207237992,115.87284,5,5.5,0.55,53.763893,0.044430953,0.0,0.061187826,5,False,0.04443095251917839,0.0,0.061187826097011566,5,0,6.65097,14.4082,22.5069,93.576,80.6376,75.4943,73.0303,71.0134,69.6116,68.208,66.803,65.3969,63.4271,61.1755,56.9575,48.5818,35.1423,22.4824,10.3246
2026-08-04T12:43:25+0200,568,0,10.95,152.658,162.5,119.03900146484375,0.20363500714302063,2.195739984512329,7898.02,5,99.9155,0.0,0.215572,-0.00341703,0.0,GENTLE_LEFT,67.87830352783203,0.07137485963172512,115.889496,5,5.5,0.55,53.597404,0.049914137,0.0,0.0603753,5,False,0.04991413652896881,0.0,0.06037529930472374,5,0,6.63346,14.3145,22.2793,93.2686,80.2935,75.1423,72.6758,70.6577,69.2682,67.8783,66.4876,65.0963,63.1482,60.9229,56.7591,48.5136,35.3673,22.6268,10.3499
2026-08-04T12:43:25+0200,569,0,10.97,153.319,163.161,118.71299743652344,0.09218870103359222,2.1933000087738037,7876.75,5,99.9155,0.0,0.216227,-0.00642009,0.0,GENTLE_LEFT,67.6957015991211,0.07023000340125235,115.92467,5,5.5,0.55,53.412075,0.05163109,0.0,0.059494395,5,False,0.05163108929991722,0.0,0.059494394809007645,5,0,6.60824,14.1803,21.9557,93.2401,80.1519,74.9656,72.4843,70.4551,69.0721,67.6957,66.3189,64.9421,63.0153,60.8155,56.7038,48.5806,35.698,22.8406,10.3869
2026-08-04T12:43:25+0200,570,0,10.99,153.977,163.819,118.38899993896484,-0.04205640032887459,2.2038800716400146,7856.23,5,99.9155,0.0,0.217125,-0.0100129,0.0,STRAIGHT,67.6011962890625,0.03908999613873339,152.70067,6,4.5,0.0,52.34131,0.013475053,0.6294945,0.0,5,False,0.013475053012371063,0.6294944882392883,0.0,5,0,6.57739,14.0208,21.5772,40.435,80.1411,74.902,72.3978,70.3511,68.9644,67.6012,66.2379,64.8752,62.9689,60.7938,56.7319,48.7239,36.0805,23.1038,10.4326
2026-08-04T12:43:25+0200,571,0,11.01,154.635,164.477,118.46299743652344,-0.2653599977493286,2.2159600257873535,8068.58,5,99.9151,0.0,0.218212,-0.012834,0.0,STRAIGHT,67.37989807128906,0.03661768447615505,152.74377,6,4.5,0.0,52.337975,-0.012810405,0.6438937,0.0,5,False,-0.01281040534377098,0.6438937187194824,0.0,5,0,6.55017,13.8912,21.2782,38.157,79.9679,74.6974,72.1803,70.1239,68.7314,67.3799,66.03,64.681,62.7948,60.6438,56.6309,48.7363,36.3281,23.322,10.4721
2026-08-04T12:43:25+0200,572,0,11.03,155.294,165.136,118.74099731445312,-0.37970200181007385,2.230560064315796,8090.3,5,99.9148,0.0,0.219366,-0.0138738,0.0,GENTLE_LEFT,66.87660217285156,0.06757283419494355,115.89555,5,5.5,0.55,53.456585,0.006072197,0.0,0.059677083,5,False,0.006072197109460831,0.0,0.05967708304524422,5,0,6.53389,13.8306,21.1495,92.7176,79.4056,74.1564,71.6502,69.603,68.217,66.8766,65.54,64.2048,62.3388,60.2123,56.2495,48.4725,36.3142,23.4179,10.4932
2026-08-04T12:43:25+0200,573,0,11.05,155.953,165.796,118.64700317382812,-0.28506699204444885,2.244610071182251,7877.01,5,99.9148,0.0,0.220601,-0.014171,0.0,GENTLE_LEFT,66.25800323486328,0.06729153501677973,115.84492,5,5.5,0.55,53.469727,0.018089158,0.0,0.059672527,5,False,0.018089158460497856,0.0,0.0596725270152092,5,0,6.52166,13.7974,21.0884,91.886,78.6813,73.4756,70.9903,68.9603,67.586,66.258,64.9347,63.6134,61.7678,59.666,55.7537,48.0961,36.1899,23.4628,10.5071
2026-08-04T12:43:25+0200,574,0,11.07,156.611,166.454,118.3270034790039,-0.18304599821567535,2.24960994720459,7853.66,5,99.9148,0.0,0.221975,-0.0147585,0.0,GENTLE_LEFT,65.68569946289062,0.0669417717767739,115.817566,5,5.5,0.55,53.35539,0.025482077,0.0,0.059060276,5,False,0.02548207715153694,0.0,0.05906027555465698,5,0,6.50645,13.7506,20.997,91.1433,78.0218,72.8509,70.3827,68.3668,67.0021,65.6857,64.3756,63.068,61.2426,59.1651,55.3024,47.7606,36.0936,23.5313,10.5253
2026-08-04T12:43:25+0200,575,0,11.09,157.268,167.11,118.00700378417969,-0.12954899668693542,2.2377400398254395,7831.88,5,99.9148,0.0,0.223502,-0.0159003,0.0,GENTLE_LEFT,65.1978988647461,0.06647016303570348,115.800186,5,5.5,0.55,53.230034,0.029518895,0.0,0.05840633,5,False,0.029518894851207733,0.0,0.05840633064508438,5,0,6.48649,13.6804,20.8514,90.566,77.4819,72.3297,69.8712,67.8636,66.5048,65.1979,63.9008,62.6067,60.8008,58.7471,54.9324,47.5009,36.056,23.643,10.5508
2026-08-04T12:43:25+0200,576,0,11.11,157.922,167.764,117.69000244140625,-0.11971399933099747,2.2198801040649414,7810.62,5,99.9148,0.0,0.225202,-0.0175754,0.0,GENTLE_LEFT,64.78959655761719,0.06589665700307491,115.79139,5,5.5,0.55,53.096596,0.03103485,0.0,0.0,5,False,0.03103484958410263,0.0,0.0,5,0,6.46181,13.5876,20.6549,90.1474,77.0565,71.9075,69.4517,67.4469,66.0903,64.7896,63.5052,62.2241,60.4374,58.4065,54.6379,47.3111,36.0712,23.798,10.5838
2026-08-04T12:43:25+0200,577,0,11.13,158.575,168.417,117.4800033569336,-0.14501500129699707,2.20563006401062,7817.96,5,99.9148,0.0,0.227093,-0.0196363,0.0,GENTLE_LEFT,64.43699645996094,0.06526899989692958,115.77925,5,5.5,0.55,53.01502,0.030649915,0.0,0.0,5,False,0.03064991533756256,0.0,0.0,5,0,6.43326,13.4782,20.4223,89.8445,76.7141,71.5571,69.0988,67.0927,65.7356,64.437,63.1648,61.8966,60.1284,58.1196,54.3954,47.1683,36.1191,23.9869,10.6229
2026-08-04T12:43:25+0200,578,0,11.15,159.227,169.07,117.33300018310547,-0.18399399518966675,2.204349994659424,7808.29,5,99.9148,0.0,0.229183,-0.0219111,0.0,GENTLE_LEFT,64.11399841308594,0.06463339002812199,115.76361,5,5.5,0.55,52.96562,0.02887699,0.0,0.0,5,False,0.02887699007987976,0.0,0.0,5,0,6.40188,13.3588,20.1703,89.6064,76.418,71.2464,68.7829,66.7732,65.4141,64.114,62.8529,61.5971,59.8469,57.8598,54.1785,47.0472,36.1782,24.1986,10.6662
2026-08-04T12:43:25+0200,579,0,11.17,159.879,169.721,117.18699645996094,-0.22695200145244598,2.207119941711426,7798.74,5,99.9148,0.0,0.231481,-0.0242262,0.0,GENTLE_LEFT,63.797298431396484,0.06402556051893245,115.74629,5,5.5,0.55,52.91845,0.026162349,0.0,0.0,5,False,0.026162348687648773,0.0,0.0,5,0,6.3687,13.236,19.9145,89.3825,76.1315,70.944,68.4745,66.4609,65.0994,63.7973,62.5439,61.3002,59.5678,57.6017,53.9626,46.9244,36.2283,24.4205,10.7121
2026-08-04T12:43:25+0200,580,0,11.19,160.529,170.371,117.04199981689453,-0.26322999596595764,2.210400104522705,7789.19,5,99.9148,0.0,0.233988,-0.0264383,0.0,GENTLE_LEFT,63.466400146484375,0.06346570901822131,115.72486,5,5.5,0.55,52.876125,0.022883775,0.0,0.0,5,False,0.02288377471268177,0.0,0.0,5,0,6.33458,13.1148,19.6668,89.1298,75.8241,70.6234,68.1494,66.1328,64.7698,63.4664,62.2173,60.9858,59.2708,57.3257,53.728,46.7813,36.2542,24.642,10.7589
2026-08-04T12:43:25+0200,581,0,11.21,161.179,171.021,116.89700317382812,-0.28620898723602295,2.2131800651550293,7779.66,5,99.9148,0.0,0.236694,-0.0284678,0.0,GENTLE_LEFT,63.109500885009766,0.06296739978909713,115.69804,5,5.5,0.55,52.839565,0.01933638,0.0,0.0,5,False,0.019336380064487457,0.0,0.0,5,0,6.30009,12.998,19.4333,88.8235,75.4784,70.2699,67.7938,65.7762,64.4128,63.1095,61.8624,60.6429,58.9454,57.0208,53.4644,46.6085,36.248,24.8417,10.8056
2026-08-04T12:43:25+0200,582,0,11.23,161.827,171.67,116.75299835205078,-0.29749900102615356,2.219599962234497,7770.24,5,99.9148,0.0,0.23959,-0.0302544,0.0,GENTLE_LEFT,62.71730041503906,0.06253116941670556,115.66493,5,5.5,0.55,52.810146,0.015749427,0.0,0.0,5,False,0.015749426558613777,0.0,0.0,5,0,6.26563,12.8876,19.218,88.4446,75.0807,69.872,67.397,65.381,64.019,62.7173,61.472,60.2639,58.5838,56.6801,53.1648,46.3995,36.2049,25.0041,10.8515
2026-08-04T12:43:25+0200,583,0,11.25,162.475,172.318,116.60900115966797,-0.2934280037879944,2.227410078048706,7760.76,5,99.9148,0.0,0.242654,-0.0317776,0.0,GENTLE_LEFT,62.28689956665039,0.06214767580604809,115.62578,5,5.5,0.55,52.787155,0.012286117,0.0,0.0,5,False,0.012286117300391197,0.0,0.0,5,0,6.23145,12.7842,19.022,87.9859,74.6266,69.4256,66.9555,64.9439,63.5852,62.2869,61.045,59.8469,58.1842,56.3013,52.8273,46.1529,36.1241,25.1296,10.896
2026-08-04T12:43:25+0200,584,0,11.27,163.122,172.965,116.46600341796875,-0.28292301297187805,2.2317299842834473,7751.28,5,99.9148,0.0,0.245875,-0.033031,0.0,GENTLE_LEFT,61.81760025024414,0.061807822665183115,115.58075,5,5.5,0.55,52.77084,0.009057086,0.0,0.0,5,False,0.00905708596110344,0.0,0.0,5,0,6.19766,12.688,18.8451,87.445,74.1146,68.9297,66.4681,64.4641,63.1107,61.8176,60.5809,59.3919,57.7468,55.8849,52.4525,45.8693,36.0068,25.2194,10.9388
2026-08-04T12:43:25+0200,585,0,11.29,163.769,173.611,116.3239974975586,-0.2639720141887665,2.230649948120117,7741.81,5,99.9148,0.0,0.249233,-0.0340234,0.0,GENTLE_LEFT,61.31079864501953,0.061504354402287,115.5303,5,5.5,0.55,52.76067,0.006130244,0.0,0.0,5,False,0.006130244117230177,0.0,0.0,5,0,6.16434,12.5988,18.6863,86.8249,73.5467,68.3861,65.9369,63.9431,62.597,61.3108,60.081,58.901,57.2738,55.4329,52.0424,45.5511,35.8553,25.276,10.98
2026-08-04T12:43:25+0200,586,0,11.31,164.414,174.256,116.18299865722656,-0.2408439964056015,2.225709915161133,7732.4,5,99.9148,0.0,0.252698,-0.0347777,0.0,GENTLE_LEFT,60.77000045776367,0.06123024001641278,115.47513,5,5.5,0.55,52.75588,0.0035377801,0.0,0.0,5,False,0.00353778013959527,0.0,0.0,5,0,6.13158,12.516,18.5437,86.1322,72.928,67.7991,65.3655,63.3847,62.0475,60.77,59.5484,58.378,56.7686,54.949,51.6007,45.2019,35.6732,25.3022,11.0193
2026-08-04T12:43:25+0200,587,0,11.33,165.059,174.901,116.04199981689453,-0.21292400360107422,2.219330072402954,7723.04,5,99.9148,0.0,0.256254,-0.0353272,0.0,GENTLE_LEFT,60.200199127197266,0.060977772887698324,115.416115,5,5.5,0.55,52.75507,0.0012814314,0.0,0.0,5,False,0.0012814314104616642,0.0,0.0,5,0,6.09928,12.4386,18.4149,85.3779,72.2661,67.1752,64.7601,62.7947,61.4678,60.2002,58.9884,57.828,56.2367,54.4386,51.1328,44.8267,35.4651,25.302,11.0571
2026-08-04T12:43:25+0200,588,0,11.35,165.703,175.545,115.9010009765625,-0.18715299665927887,2.2130300998687744,7713.72,5,99.9148,0.0,0.259881,-0.0356795,0.0,GENTLE_LEFT,59.60309982299805,0.06074557348873673,115.353584,5,5.5,0.55,52.757874,-0.00064094365,0.0,0.0,5,False,-0.0006409436464309692,0.0,0.0,5,0,6.06754,12.3666,18.2993,84.5649,71.5632,66.5165,64.1225,62.1745,60.8594,59.6031,58.4021,57.2525,55.6795,53.903,50.6401,44.4273,35.2327,25.2769,11.0932
2026-08-04T12:43:25+0200,589,0,11.37,166.346,176.188,115.76000213623047,-0.15911400318145752,2.2077999114990234,7704.44,5,99.9148,0.0,0.263556,-0.0358443,0.0,GENTLE_LEFT,58.980499267578125,0.06052951124408095,115.28795,5,5.5,0.55,52.76382,-0.0022350692,0.0,0.0,5,False,-0.0022350691724568605,0.0,0.0,5,0,6.03649,12.2999,18.1964,83.6972,70.822,65.8251,63.4548,61.5262,60.2242,58.9805,57.7915,56.6536,55.0989,53.3443,50.1245,44.0056,34.978,25.2286,11.1275
2026-08-04T12:43:25+0200,590,0,11.39,166.988,176.83,115.62000274658203,-0.12896600365638733,2.210239887237549,7695.19,5,99.9148,0.0,0.26727,-0.0358679,0.0,GENTLE_LEFT,58.33940124511719,0.06033039586799074,115.21983,5,5.5,0.55,52.772705,-0.0035325165,0.0,0.0,5,False,-0.003532516537234187,0.0,0.0,5,0,6.00591,12.2371,18.1112,82.7895,70.0531,65.11,62.7654,60.8575,59.5696,58.3394,57.1632,56.0377,54.5015,52.7689,49.5926,43.5676,34.7062,25.1613,11.1605
2026-08-04T12:43:25+0200,591,0,11.41,167.63,177.472,115.48100280761719,-0.10381100326776505,2.214250087738037,7685.96,5,99.9148,0.0,0.270994,-0.0357635,0.0,GENTLE_LEFT,57.68159866333008,0.06015276995559087,115.14946,5,5.5,0.55,52.78428,-0.004559853,0.0,0.0,5,False,-0.0045598531141877174,0.0,0.0,5,0,5.97597,12.1783,18.0523,81.8464,69.2594,64.3738,62.0563,60.1706,58.8976,57.6816,56.519,55.4065,53.8891,52.1786,49.0459,43.1149,34.419,25.0764,11.1921
2026-08-04T12:43:25+0200,592,0,11.43,168.271,178.113,115.34100341796875,-0.07874420285224915,2.2173500061035156,7676.74,5,99.9148,0.0,0.274719,-0.0355438,0.0,GENTLE_LEFT,57.0093994140625,0.059997258412960795,115.077255,5,5.5,0.55,52.79716,-0.005341295,0.0,0.0,5,False,-0.005341295152902603,0.0,0.0,5,0,5.94665,12.1229,18.0218,80.8724,68.4439,63.6192,61.3304,59.4679,58.2105,57.0094,55.8611,54.7621,53.2636,51.5753,48.4864,42.6496,34.1181,24.9755,11.2222
2026-08-04T12:43:25+0200,593,0,11.45,168.911,178.753,115.2020034790039,-0.053474199026823044,2.2192699909210205,7667.54,5,99.9148,0.0,0.278438,-0.0352569,0.0,GENTLE_LEFT,56.329898834228516,0.05986189964819221,115.00381,5,5.5,0.55,52.81164,-0.0059217685,0.0,0.0,5,False,-0.005921768490225077,0.0,0.0,5,0,5.91774,12.0698,18.0185,79.8824,67.6175,62.8551,60.5957,58.757,57.5157,56.3299,55.1962,54.1111,52.6314,50.9655,47.9204,42.1774,33.8085,24.8624,11.2515
2026-08-04T12:43:25+0200,594,0,11.47,169.55,179.392,115.06300354003906,-0.03414209932088852,2.2214601039886475,7658.41,5,99.9148,0.0,0.282141,-0.0349118,0.0,GENTLE_LEFT,55.6442985534668,0.05974929289907385,114.9293,5,5.5,0.55,52.827057,-0.0063351784,0.0,0.0,5,False,-0.006335178390145302,0.0,0.0,5,0,5.88926,12.0186,18.0453,78.8793,66.7818,62.0832,59.8539,58.0394,56.8145,55.6443,54.5255,53.4545,51.9937,50.3502,47.3489,41.6994,33.4912,24.7381,11.2799
2026-08-04T12:43:25+0200,595,0,11.49,170.188,180.03,114.92500305175781,-0.01278110034763813,2.2293100357055664,7649.29,5,99.9148,0.0,0.285819,-0.0344922,0.0,GENTLE_LEFT,54.950599670410156,0.05966370137005504,114.85342,5,5.5,0.55,52.8442,-0.0065930313,0.0,0.0,5,False,-0.006593031343072653,0.0,0.0,5,0,5.86138,11.9702,18.1077,77.8591,65.9342,61.3011,59.1025,57.3131,56.1049,54.9506,53.847,52.7905,51.3488,49.7276,46.7704,41.214,33.1651,24.602,11.3072
2026-08-04T12:43:25+0200,596,0,11.51,170.826,180.668,114.78700256347656,0.004328359849750996,2.2349300384521484,7640.13,5,99.9148,0.0,0.289462,-0.0340098,0.0,GENTLE_LEFT,54.250701904296875,0.05960779853878563,114.776405,5,5.5,0.55,52.86234,-0.006709173,0.0,0.0,5,False,-0.006709172856062651,0.0,0.0,5,0,5.83411,11.9241,18.2101,76.8255,65.0771,60.511,58.3438,56.5798,55.3886,54.2507,53.1625,52.1206,50.698,49.0995,46.1861,40.7227,32.8315,24.4552,11.3334
2026-08-04T12:43:25+0200,597,0,11.53,171.463,181.305,114.64900207519531,0.021264400333166122,2.236140012741089,7630.96,5,99.9148,0.0,0.293059,-0.0334835,0.0,GENTLE_LEFT,53.54690170288086,0.05958524798689282,114.69846,5,5.5,0.55,52.88128,-0.0067034024,0.0007099094,0.0,5,False,-0.006703402381390333,0.0007099094218574464,0.0,5,0,5.80743,11.8801,18.3572,75.7841,64.2145,59.716,57.5807,55.8424,54.6685,53.5469,52.4744,51.4473,50.0438,48.4678,45.5985,40.2275,32.4921,24.2993,11.3586
2026-08-04T12:43:26+0200,598,0,11.55,172.099,181.941,114.51200103759766,0.03567130118608475,2.2335898876190186,7622.11,5,99.9148,0.0,0.296611,-0.0329387,0.0,GENTLE_LEFT,52.84280014038086,0.059599092472559206,114.619736,5,5.5,0.55,52.901302,-0.0066043045,0.0015444692,0.0,5,False,-0.006604304537177086,0.0015444691525772214,0.0,5,0,5.7812,11.8372,18.5547,74.742,63.3514,58.9207,56.8172,55.1045,53.9479,52.8428,51.786,50.7736,49.3894,47.8359,45.0102,39.7311,32.1491,24.136,11.3832
2026-08-04T12:43:26+0200,599,0,11.57,172.734,182.577,114.3759994506836,0.046986598521471024,2.2291901111602783,7613.36,5,99.9148,0.0,0.300112,-0.0323868,0.0,GENTLE_LEFT,52.139801025390625,0.05965709302564222,114.540184,5,5.5,0.55,52.92246,-0.006437012,0.002351136,0.0,5,False,-0.006437011994421482,0.0023511359468102455,0.0,5,0,5.7554,11.7954,18.8116,73.7022,62.4898,58.1267,56.0548,54.3679,53.2285,52.1398,51.0986,50.1008,48.7357,47.2047,44.4227,39.2345,31.8036,23.9662,11.4072
2026-08-04T12:43:26+0200,600,0,11.59,173.369,183.211,114.24099731445312,0.058031000196933746,2.224020004272461,7604.39,5,99.9148,0.0,0.303563,-0.0318568,0.0,GENTLE_LEFT,51.44129943847656,0.05976617053519056,114.45993,5,5.5,0.55,52.944626,-0.006235693,0.0031318031,0.0,5,False,-0.0062356931157410145,0.003131803125143051,0.0,5,0,5.72987,11.7559,19.1385,72.6719,61.635,57.3385,55.2979,53.6362,52.5138,51.4413,50.4155,49.4322,48.0862,46.5776,43.8388,38.7405,31.4578,23.7917,11.431
2026-08-04T12:43:26+0200,601,0,11.61,174.003,183.845,114.10600280761719,0.06337270140647888,2.2191200256347656,7595.74,5,99.9148,0.0,0.306963,-0.0313547,0.0,GENTLE_LEFT,50.74800109863281,0.05994432553807693,114.37864,5,5.5,0.55,52.967686,-0.006026061,0.0038961219,0.0,5,False,-0.006026060786098242,0.0038961218670010567,0.0,5,0,5.70458,11.7283,19.5542,71.6525,60.7879,56.5568,54.5469,52.9102,51.8045,50.748,49.7374,48.7683,47.4413,45.9549,43.2591,38.2496,31.1122,23.6129,11.4547
2026-08-04T12:43:26+0200,602,0,11.63,174.636,184.478,113.9729995727539,0.06571640074253082,2.217439889907837,7587.15,5,99.9148,0.0,0.31031,-0.030866,0.0,GENTLE_LEFT,50.05799865722656,0.06021434361068058,114.295364,5,5.5,0.55,52.99355,-0.0058159744,0.0046022004,0.0,5,False,-0.005815974436700344,0.004602200351655483,0.0,5,0,5.67964,11.7149,20.0918,70.64,59.9456,55.7792,53.7999,52.1877,51.0987,50.058,49.0624,48.1074,46.7993,45.3351,42.6819,37.7602,30.7656,23.4293,11.478
2026-08-04T12:43:26+0200,603,0,11.65,175.269,185.111,113.83999633789062,0.06656090170145035,2.2220399379730225,7578.62,5,99.9148,0.0,0.313605,-0.0303828,0.0,GENTLE_LEFT,49.370201110839844,0.06061351656786014,114.20916,5,5.5,0.55,53.0223,-0.005605584,0.0052649598,0.0,5,False,-0.005605584010481834,0.005264959763735533,0.0,5,0,5.65508,11.7168,20.8091,69.6324,59.1067,55.0046,53.0555,51.4678,50.3953,49.3702,48.3897,47.4486,46.1594,44.7171,42.1063,37.2716,30.4173,23.2405,11.501
2026-08-04T12:43:26+0200,604,0,11.67,175.9,185.743,113.70700073242188,0.06679520010948181,2.226099967956543,7569.86,5,99.9148,0.0,0.316843,-0.029903,0.0,GENTLE_LEFT,48.68439865112305,0.06121718748418393,114.11799,5,5.5,0.55,53.056046,-0.0053933347,0.005855137,0.0,5,False,-0.005393334664404392,0.005855137016624212,0.0,5,0,5.63094,11.7354,21.8265,68.6288,58.2706,54.2323,52.3133,50.7501,49.6939,48.6844,47.7187,46.7915,45.5211,44.101,41.5323,36.7835,30.0674,23.0467,11.5228
2026-08-04T12:43:26+0200,605,0,11.69,176.531,186.373,113.57599639892578,0.06927700340747833,2.228640079498291,7561.4,5,99.9148,0.0,0.320033,-0.0294501,0.0,MEDIUM_LEFT,48.003299713134766,0.06225412324171511,80.68802,4,7.0,0.55,53.102177,-0.010114906,0.0,0.3864679,4,False,-0.01011490635573864,0.0,0.38646790385246277,4,0,5.60704,11.7707,23.5141,67.6349,57.4415,53.4661,51.5766,50.0374,48.9973,48.0033,47.0522,46.1388,44.8873,43.4888,40.9618,36.2981,29.7175,22.8492,11.5389
2026-08-04T12:43:26+0200,606,0,11.71,177.16,187.002,112.81800079345703,0.061642199754714966,2.22379994392395,8325.98,4,99.9147,0.0,0.323154,-0.0289354,0.0027559458,MEDIUM_LEFT,47.31800079345703,0.09916092034467186,80.00839,4,7.0,0.55,53.74788,-0.01294036,0.0,0.3897178,4,False,-0.012940360233187675,0.0,0.38971778750419617,4,0,5.58402,11.8276,95.3306,66.632,56.606,52.6945,50.8351,49.3201,48.2965,47.318,46.3819,45.4824,44.2495,42.8729,40.3877,35.8085,29.3622,22.6444,11.5475
2026-08-04T12:43:26+0200,607,0,11.73,177.783,187.626,111.66300201416016,0.06347449868917465,2.210099935531616,8310.06,4,99.9146,0.0,0.326183,-0.0283383,0.017856674,MEDIUM_LEFT,46.63050079345703,0.09894450563832885,80.018326,4,7.0,0.55,53.183147,-0.014430111,0.0,0.38161132,4,False,-0.014430111274123192,0.0,0.38161131739616394,4,0,5.56216,11.9084,93.7961,65.6208,55.7658,51.9192,50.0903,48.6001,47.5931,46.6305,45.7094,44.8236,43.6096,42.2548,39.8112,35.3161,29.0023,22.4327,11.5483
2026-08-04T12:43:26+0200,608,0,11.75,178.4,188.242,110.44100189208984,0.07102680206298828,2.190619945526123,7988.61,4,99.9146,0.0,0.329131,-0.0276639,0.015694646,MEDIUM_LEFT,45.94269943237305,0.09873647330995206,80.03229,4,7.0,0.55,52.581028,-0.014981294,0.0,0.37299484,4,False,-0.014981294050812721,0.0,0.3729948401451111,4,0,5.54136,12.0142,92.2476,64.6056,54.9237,51.1428,49.3448,47.8796,46.8893,45.9427,45.0368,44.165,42.9697,41.6366,39.2344,34.8225,28.6395,22.2153,11.5421
2026-08-04T12:43:26+0200,609,0,11.77,179.009,188.851,109.17900085449219,0.08286760002374649,2.168910026550293,7888.04,4,99.9146,0.0,0.331979,-0.0268815,0.008201375,MEDIUM_LEFT,45.25170135498047,0.09853561351230368,80.04864,4,7.0,0.55,51.9569,-0.014828928,0.0,0.3640765,4,False,-0.01482892781496048,0.0,0.36407649517059326,4,0,5.52192,12.1486,90.6731,63.5802,54.0754,50.3615,48.595,47.1553,46.1821,45.2517,44.3614,43.5035,42.327,41.0156,38.6547,34.3256,28.272,21.9913,11.5286
2026-08-04T12:43:26+0200,610,0,11.79,179.612,189.454,107.93199920654297,0.09979289770126343,2.149480104446411,7798.76,4,99.9146,0.0,0.334725,-0.0259879,0.00082622864,MEDIUM_LEFT,44.55799865722656,0.09834493760728004,80.064255,4,7.0,0.55,51.341484,-0.0141276885,0.0,0.35527462,4,False,-0.014127688482403755,0.0,0.35527461767196655,4,0,5.50389,12.3144,89.0741,62.5451,53.2213,49.5758,47.8414,46.4276,45.4718,44.558,43.6834,42.8393,41.6816,40.392,38.0723,33.8257,27.9002,21.7611,11.5081
2026-08-04T12:43:26+0200,611,0,11.81,180.207,190.05,106.72200012207031,0.11952599883079529,2.13385009765625,7716.67,4,99.9146,0.0,0.337361,-0.0250311,0.0,MEDIUM_LEFT,43.8661994934082,0.0981716812882713,80.07809,4,7.0,0.55,50.746647,-0.013016701,0.0,0.34675336,4,False,-0.013016700744628906,0.0,0.3467533588409424,4,0,5.48707,12.5126,87.4733,61.511,52.3689,48.792,47.0897,45.7018,44.7635,43.8662,43.0074,42.177,41.0381,39.7701,37.4914,33.3265,27.5271,21.5269,11.4815
2026-08-04T12:43:26+0200,612,0,11.83,180.796,190.639,105.5510025024414,0.13685299456119537,2.1196699142456055,7638.66,4,99.9146,0.0,0.339902,-0.0240668,0.0,MEDIUM_LEFT,43.18280029296875,0.09802430694551327,80.09023,4,7.0,0.55,50.173115,-0.011630997,0.0,0.33852455,4,False,-0.011630997061729431,0.0,0.33852455019950867,4,0,5.47394,12.7438,85.896,60.4905,51.5272,48.0178,46.3471,44.9849,44.0637,43.1828,42.3395,41.5225,40.4021,39.1556,36.9174,32.8325,27.1566,21.2917,11.4498
2026-08-04T12:43:26+0200,613,0,11.85,181.379,191.221,104.41300201416016,0.14878499507904053,2.1072099208831787,7563.6,4,99.9146,0.0,0.342342,-0.0231363,0.0,MEDIUM_LEFT,42.51110076904297,0.09791129296654628,80.10112,4,7.0,0.55,49.61735,-0.010089485,0.0,0.33054096,4,False,-0.010089484974741936,0.0,0.3305409550666809,4,0,5.46729,13.0095,84.3582,59.4909,50.7013,47.2577,45.6178,44.2805,43.3761,42.5111,41.683,40.879,39.7769,38.5514,36.3528,32.3465,26.7906,21.0568,11.4136
2026-08-04T12:43:26+0200,614,0,11.87,181.956,191.798,103.30400085449219,0.15644800662994385,2.094939947128296,7490.15,4,99.9146,0.0,0.344665,-0.0222846,0.0,MEDIUM_LEFT,41.854400634765625,0.09783938959091654,80.11114,4,7.0,0.55,49.076847,-0.008502898,0.0,0.32277003,4,False,-0.008502897806465626,0.0,0.32277002930641174,4,0,5.46693,13.3122,82.8746,58.5192,49.8961,46.5157,44.9055,43.5922,42.704,41.8544,41.0408,40.2495,39.1653,37.9604,35.8007,31.8707,26.4311,20.8238,11.3734
2026-08-04T12:43:26+0200,615,0,11.89,182.526,192.368,102.21900177001953,0.15564000606536865,2.0874500274658203,7417.61,4,99.9146,0.0,0.346898,-0.0215285,0.0,MEDIUM_LEFT,41.214500427246094,0.09781255874782616,80.12049,4,7.0,0.55,48.548923,-0.0069577824,0.0,0.3151745,4,False,-0.006957782432436943,0.0,0.31517449021339417,4,0,5.47252,13.6544,81.4514,57.5787,49.1143,45.7942,44.2125,42.9222,42.0494,41.2145,40.4148,39.6359,38.5692,37.3844,35.2624,31.4067,26.0792,20.5937,11.33
2026-08-04T12:43:26+0200,616,0,11.91,183.09,192.933,101.13999938964844,0.15002700686454773,2.1177499294281006,7344.94,4,99.9146,0.0,0.349036,-0.0208702,0.0,MEDIUM_LEFT,40.5906982421875,0.0978329876206412,80.13014,4,7.0,0.55,48.02372,-0.005510106,0.0,0.30761907,4,False,-0.0055101062171161175,0.0,0.3076190650463104,4,0,5.48403,14.0417,80.0854,56.6683,48.3548,45.0923,43.5378,42.2695,41.4115,40.5907,39.8043,39.0375,37.9879,36.8228,34.7376,30.9536,25.7347,20.3663,11.2832
2026-08-04T12:43:26+0200,617,0,11.93,183.649,193.491,100.10900115966797,0.14017899334430695,2.1393699645996094,7274.38,4,99.9146,0.0,0.351089,-0.0203023,0.0,MEDIUM_LEFT,39.98210144042969,0.09790417767433317,80.13753,4,7.0,0.55,47.52454,-0.004194713,0.0,0.30042225,4,False,-0.004194713197648525,0.0,0.3004222512245178,4,0,5.50135,14.4817,78.772,55.7855,47.6158,44.4086,42.8801,41.633,40.7893,39.9821,39.2083,38.4534,37.4205,36.2745,34.225,30.5109,25.3968,20.1413,11.2335
2026-08-04T12:43:26+0200,618,0,11.95,184.207,194.049,99.10749816894531,0.13117200136184692,2.151669979095459,7206.33,4,99.9146,0.0,0.35302,-0.0173347,0.0,MEDIUM_LEFT,39.38880157470703,0.09833194130306365,80.13845,4,7.0,0.55,47.047897,-0.0010878136,0.0,0.29350218,4,False,-0.001087813638150692,0.0,0.29350218176841736,4,0,5.52434,14.9829,77.5126,54.9311,46.8982,43.7436,42.24,41.0131,40.183,39.3888,38.6272,37.8839,36.8673,35.7399,33.7253,30.0789,25.0658,19.9191,11.1809
2026-08-04T12:43:26+0200,619,0,11.97,184.768,194.611,98.13089752197266,0.12337999790906906,2.1510701179504395,7138.53,4,99.9146,0.0,0.354411,-0.0105242,0.0,MEDIUM_LEFT,38.81439971923828,0.09930346772570953,80.132126,4,7.0,0.55,46.592392,0.0062194243,0.0,0.28683388,4,False,0.006219424307346344,0.0,0.28683388233184814,4,0,5.5525,15.5534,76.321,54.112,46.2068,43.1017,41.6215,40.4136,39.5963,38.8144,38.0644,37.3324,36.3315,35.2222,33.2412,29.6599,24.7439,19.7012,11.1263
2026-08-04T12:43:26+0200,620,0,11.99,185.324,195.167,97.17620086669922,0.12276100367307663,2.136770009994507,7072.44,4,99.9146,0.0,0.355181,-0.00402544,0.0,MEDIUM_LEFT,38.267398834228516,0.10034699401251167,80.128,4,7.0,0.55,46.144333,0.016059924,0.0,0.28029153,4,False,0.01605992391705513,0.0,0.28029152750968933,4,0,5.58501,16.1978,75.2319,53.3455,45.5539,42.4934,41.0344,39.8437,39.0382,38.2674,37.5282,36.8068,35.821,34.7288,32.7798,29.2602,24.4358,19.4911,11.0707
2026-08-04T12:43:26+0200,621,0,12.01,185.875,195.717,96.23169708251953,0.12439200282096863,2.1651899814605713,7019.44,4,99.9146,0.0,0.355384,0.00200428,0.0,MEDIUM_LEFT,37.76070022583008,0.10147818113609096,80.12705,4,7.0,0.55,45.697014,0.027224973,0.0,0.2737843,4,False,0.02722497284412384,0.0,0.2737843096256256,4,0,5.62041,16.9134,74.2979,52.6574,44.9584,41.9349,40.4937,39.3176,38.522,37.7607,37.0309,36.3195,35.3476,34.2713,32.3517,28.8891,24.1488,19.294,11.016
2026-08-04T12:43:26+0200,622,0,12.03,186.42,196.262,95.2959976196289,0.12425699830055237,2.225369930267334,6954.08,4,99.9146,0.0,0.355081,0.00741668,0.0,MEDIUM_LEFT,37.30609893798828,0.10271131534868155,80.1296,4,7.0,0.55,45.249527,0.038809292,0.0,0.2673002,4,False,0.038809292018413544,0.0,0.26730018854141235,4,0,5.65717,17.6921,73.5675,52.0717,44.4373,41.441,40.0131,38.8481,38.0601,37.3061,36.5839,35.8814,34.9219,33.8599,31.9667,28.5548,23.8895,19.1146,10.9638
2026-08-04T12:43:26+0200,623,0,12.05,186.96,196.802,94.38980102539062,0.12410800158977509,2.2978200912475586,6886.71,4,99.9146,0.0,0.354333,0.0120868,0.0,MEDIUM_LEFT,36.91339874267578,0.10406186529173905,80.13452,4,7.0,0.55,44.813175,0.050120953,0.0,0.26099485,4,False,0.05012095347046852,0.0,0.2609948515892029,4,0,5.69382,18.522,73.0828,51.6084,44.0048,41.024,39.6041,38.4459,37.6626,36.9134,36.1961,35.5012,34.5525,33.5026,31.6322,28.2639,23.6628,18.9565,10.9156
2026-08-04T12:43:26+0200,624,0,12.07,187.495,197.337,93.51799774169922,0.1089399978518486,2.336970090866089,6821.35,4,99.9146,0.0,0.353208,0.015986,0.0,MEDIUM_LEFT,36.58449935913086,0.10553820331247911,80.141205,4,7.0,0.55,44.391117,0.060682483,0.0,0.25490913,4,False,0.06068248301744461,0.0,0.25490912795066833,4,0,5.7294,19.3957,72.8568,51.2725,43.6643,40.6863,39.2689,38.1132,37.3318,36.5845,35.8692,35.1802,34.2404,33.2008,31.3492,28.0173,23.4696,18.8204,10.8719
2026-08-04T12:43:26+0200,625,0,12.09,188.025,197.867,92.66580200195312,0.0818500965833664,2.350019931793213,6759.06,4,99.9146,0.0,0.351767,0.0191466,0.0,MEDIUM_LEFT,36.316898345947266,0.10715248467076813,80.14981,4,7.0,0.55,43.976192,0.070205554,0.0,0.2489397,4,False,0.07020555436611176,0.0,0.24893969297409058,4,0,5.76341,20.3155,72.8862,51.06,43.4122,40.4253,39.0049,37.8473,37.0649,36.3169,35.6013,34.9149,33.9823,32.9509,31.1147,27.8122,23.3079,18.7052,10.8326
2026-08-04T12:43:26+0200,626,0,12.11,188.55,198.392,91.83209991455078,0.043115898966789246,2.3430099487304688,6699.23,4,99.9146,0.0,0.350066,0.021644,0.0,MEDIUM_LEFT,36.105201721191406,0.10892332942002358,80.15944,4,7.0,0.55,43.56901,0.07855749,0.0,0.24308863,4,False,0.07855749130249023,0.0,0.24308863282203674,4,0,5.79568,21.303,73.1568,50.9612,43.2413,40.2341,38.8056,37.6422,36.8563,36.1052,35.3867,34.699,33.7721,32.7472,30.9231,27.6438,23.174,18.6085,10.7975
2026-08-04T12:43:26+0200,627,0,12.13,189.07,198.912,91.01679992675781,0.0015130999963730574,2.3200700283050537,6641.46,4,99.9146,0.0,0.348155,0.0235598,0.0,MEDIUM_LEFT,35.943599700927734,0.11088332733897285,80.16887,4,7.0,0.55,43.17101,0.0857119,0.0,0.2373682,4,False,0.08571189641952515,0.0,0.23736819624900818,4,0,5.82617,22.4222,73.6548,50.9664,43.1436,40.1059,38.6647,37.4918,36.7,35.9436,35.2203,34.5282,33.6034,32.5834,30.7686,27.5073,23.0643,18.5278,10.766
2026-08-04T12:43:26+0200,628,0,12.15,189.585,199.427,90.20770263671875,-0.023020900785923004,2.3463399410247803,6596.72,4,99.9146,0.0,0.346086,0.0250317,0.0,MEDIUM_LEFT,35.8218994140625,0.1131934001830436,80.17481,4,7.0,0.55,42.780235,0.09175617,0.0,0.23172761,4,False,0.091756172478199,0.0,0.23172761499881744,4,0,5.85526,24.0269,74.3473,51.0561,43.1049,40.028,38.5703,37.3851,36.5854,35.8219,35.0922,34.3941,33.466,32.4499,30.6422,27.3949,22.9728,18.4594,10.7373
2026-08-04T12:43:26+0200,629,0,12.17,190.096,199.938,89.41719818115234,-0.03062799945473671,2.389699935913086,6540.42,4,99.9146,0.0,0.343909,0.0262029,0.0,HAIRPIN_LEFT,35.729400634765625,0.175420575110024,41.304268,2,9.0,0.55,43.58134,0.10269212,0.0,0.82078224,3,False,0.1026921197772026,0.0,0.8207822442054749,3,0,5.88337,200.0,75.1964,51.2097,43.1097,39.9873,38.5103,37.3104,36.5015,35.7294,34.992,34.287,33.3505,32.3367,30.5348,27.2986,22.8935,18.399,10.7104
2026-08-04T12:43:26+0200,630,0,12.19,190.601,200.443,88.09089660644531,-0.1521420031785965,2.4284799098968506,7893.27,3,99.9146,0.0,0.341625,0.0272219,0.16622224,HAIRPIN_LEFT,35.65399932861328,0.17682065873791933,41.333466,2,9.0,0.55,42.870617,0.11114379,0.0,0.804873,3,False,0.11114379018545151,0.0,0.804872989654541,3,0,5.91154,200.0,76.1507,51.4014,43.1399,39.968,38.47,37.2543,36.4352,35.654,34.9081,34.1954,33.2493,32.2332,30.4362,27.2098,22.8197,18.3422,10.684
2026-08-04T12:43:26+0200,631,0,12.21,191.097,200.939,86.47740173339844,-0.3523530066013336,2.4217300415039062,7880.34,3,99.9146,0.0,0.339114,0.0287439,0.43720824,HAIRPIN_LEFT,35.53559875488281,0.1782378010082921,41.37019,2,9.0,0.55,42.005993,0.11853949,0.0,0.7855095,3,False,0.1185394898056984,0.0,0.7855095267295837,3,0,5.94542,200.0,76.9176,51.501,43.1053,39.8936,38.3791,37.1509,36.3239,35.5356,34.7834,34.0649,33.1116,32.091,30.3015,27.0895,22.7213,18.2678,10.6517
2026-08-04T12:43:26+0200,632,0,12.23,191.583,201.425,84.84049987792969,-0.5387449860572815,2.3866798877716064,6807.52,3,99.9146,0.0,0.336324,0.0307617,0.8534517,HAIRPIN_LEFT,35.37289810180664,0.17965417836090697,41.406883,2,9.0,0.55,41.13305,0.12577932,0.0,0.7659022,3,False,0.12577931582927704,0.0,0.7659022212028503,3,0,5.98555,200.0,77.4743,51.5022,43.0028,39.7616,38.2352,36.9984,36.1659,35.3729,34.6164,33.8941,32.9362,31.9113,30.1308,26.938,22.5981,18.1758,10.613
2026-08-04T12:43:26+0200,633,0,12.25,192.06,201.903,83.19409942626953,-0.7028149962425232,2.3384199142456055,6464.61,3,99.9146,0.0,0.333244,0.0331903,1.0,HAIRPIN_LEFT,35.17190170288086,0.18105723707676846,41.443466,2,9.0,0.55,40.25873,0.13336366,0.0,0.7462121,3,False,0.13336366415023804,0.0,0.7462121248245239,3,0,6.03159,200.0,77.8383,51.4166,42.8409,39.5797,38.0456,36.8034,35.9678,35.1719,34.413,33.6887,32.7285,31.7017,29.9302,26.7601,22.4542,18.0687,10.5688
2026-08-04T12:43:26+0200,634,0,12.27,192.528,202.37,81.54109954833984,-0.8399490118026733,2.285830020904541,6156.28,3,99.9146,0.0,0.329882,0.0359811,1.0,HAIRPIN_LEFT,34.9364013671875,0.18243846274957243,41.480057,2,9.0,0.55,39.38424,0.14156914,0.0,0.72647005,3,False,0.1415691375732422,0.0,0.7264700531959534,3,0,6.08327,200.0,78.0165,51.2502,42.6246,39.3523,37.8146,36.57,35.7332,34.9364,34.1769,33.4523,32.4919,31.4654,29.7033,26.5594,22.2921,17.9485,10.5197
2026-08-04T12:43:26+0200,635,0,12.29,192.986,202.828,79.87660217285156,-0.9468550086021423,2.2382400035858154,5898.57,3,99.9146,0.0,0.326237,0.0391226,1.0,HAIRPIN_LEFT,34.66709899902344,0.18379284984150562,41.516853,2,9.0,0.55,38.5068,0.15056585,0.0,0.7066153,3,False,0.15056584775447845,0.0,0.7066153287887573,3,0,6.14064,200.0,78.0035,51.0034,42.3546,39.0802,37.5427,36.2988,35.4629,34.6671,33.9088,33.1855,32.2271,31.2029,29.4515,26.3369,22.1129,17.8159,10.4657
2026-08-04T12:43:26+0200,636,0,12.31,193.434,203.276,78.1458969116211,-1.0130800008773804,2.232379913330078,5758.03,3,99.9146,0.0,0.322334,0.0426383,0.0,HAIRPIN_LEFT,34.36220169067383,0.1851133252784441,41.555443,2,9.0,0.55,37.597076,0.16049396,0.0,0.68598855,3,False,0.16049395501613617,0.0,0.6859885454177856,3,0,6.20384,200.0,77.7786,50.6699,42.0275,38.7607,37.2276,35.988,35.155,34.3622,33.6069,32.8866,31.9325,30.9131,29.1743,26.0923,21.9162,17.6707,10.407
2026-08-04T12:43:26+0200,637,0,12.33,193.871,203.714,76.44419860839844,-1.0411499738693237,2.2133500576019287,5614.8,3,99.9146,0.0,0.318197,0.0465233,0.0,HAIRPIN_LEFT,34.02259826660156,0.1863935830020304,41.59302,2,9.0,0.55,36.70655,0.17142703,0.0,0.66574085,3,False,0.17142702639102936,0.0,0.6657408475875854,3,0,6.27284,200.0,77.339,50.2508,41.6442,38.3947,36.8704,35.6382,34.8103,34.0226,33.2722,32.5566,31.609,30.5967,28.8729,25.8269,21.7032,17.5138,10.3439
2026-08-04T12:43:26+0200,638,0,12.35,194.3,204.142,74.7677993774414,-1.0385199785232544,2.1850600242614746,5477.12,3,99.9146,0.0,0.313838,0.0507063,0.0,HAIRPIN_LEFT,33.65530014038086,0.18763630975240567,41.62988,2,9.0,0.55,35.832695,0.18334149,0.0,0.64582205,2,False,0.18334148824214935,0.0,0.6458220481872559,2,0,6.34716,200.0,76.7186,49.7613,41.2156,37.9913,36.4794,35.2573,34.4364,33.6553,32.9114,32.202,31.2627,30.2595,28.5528,25.5452,21.4776,17.3477,10.2772
2026-08-04T12:43:26+0200,639,0,12.37,194.718,204.56,73.1166000366211,-1.011199951171875,2.1476900577545166,6887.12,2,99.9146,0.0,0.309274,0.0551288,0.0,HAIRPIN_LEFT,33.26639938354492,0.18884386083876675,41.66614,2,9.0,0.55,34.975067,0.19616249,0.0,0.62622684,2,False,0.19616249203681946,0.0,0.6262268424034119,2,0,6.4264,200.0,75.9477,49.2148,40.7504,37.5581,36.0615,34.8518,34.0394,33.2664,32.5301,31.8282,30.8987,29.906,28.2184,25.2513,21.2423,17.1746,10.2077
2026-08-04T12:43:26+0200,640,0,12.39,195.127,204.969,71.48899841308594,-0.9641690254211426,2.102679967880249,6880.18,2,99.9146,0.0,0.304523,0.0597387,0.0,HAIRPIN_LEFT,32.861000061035156,0.19002110162739283,41.701935,2,9.0,0.55,34.132538,0.20978837,0.0,0.60693336,2,False,0.20978836715221405,0.0,0.6069333553314209,2,0,6.51012,200.0,75.0548,48.6231,40.257,37.1022,35.6231,34.4278,33.6249,32.861,32.1335,31.4398,30.5214,29.5405,27.8738,24.9485,21.0001,16.9964,10.1359
2026-08-04T12:43:26+0200,641,0,12.41,195.527,205.369,69.8822021484375,-0.9017729759216309,2.052150011062622,6519.47,2,99.9146,0.0,0.299605,0.0644934,0.0,HAIRPIN_LEFT,32.44390106201172,0.19116925284202285,41.73744,2,9.0,0.55,33.303345,0.22410953,0.0,0.587905,2,False,0.22410953044891357,0.0,0.5879049897193909,2,0,6.598,200.0,74.065,47.9966,39.7423,36.6292,35.1697,33.99,33.1977,32.4439,31.7258,31.0412,30.1348,29.1667,27.5219,24.6397,20.7532,16.8147,10.0623
2026-08-04T12:43:26+0200,642,0,12.43,195.917,205.759,68.2936019897461,-0.8286349773406982,1.9974900484085083,6411.04,2,99.9146,0.0,0.294538,0.0693491,0.0,HAIRPIN_LEFT,32.01919937133789,0.19229194177097544,41.772778,2,9.0,0.55,32.48594,0.23901014,0.0,0.5691089,2,False,0.23901014029979706,0.0,0.5691089034080505,2,0,6.68961,200.0,73.0033,47.3457,39.2133,36.1451,34.7065,33.5435,32.7624,32.0192,31.3114,30.6364,29.7426,28.788,27.1662,24.3277,20.5038,16.6309,9.98749
2026-08-04T12:43:26+0200,643,0,12.45,196.298,206.14,66.7208023071289,-0.7483260035514832,1.9408199787139893,6333.11,2,99.9146,0.0,0.289338,0.0742644,0.0,HAIRPIN_LEFT,31.591299057006836,0.19339425844093092,41.80808,2,9.0,0.55,31.678905,0.25437292,0.0,0.5505148,2,False,0.2543729245662689,0.0,0.550514817237854,2,0,6.78459,200.0,71.8932,46.6798,38.6762,35.6552,34.2383,33.0929,32.3234,31.5913,30.8939,30.2289,29.3483,28.4076,26.8096,24.0149,20.2537,16.4466,9.91195
2026-08-04T12:43:26+0200,644,0,12.47,196.67,206.512,65.16179656982422,-0.6637719869613647,1.8845800161361694,6280.51,2,99.9146,0.0,0.284016,0.0792015,0.0,HAIRPIN_LEFT,31.16360092163086,0.1944766336711139,41.843483,2,9.0,0.55,30.88102,0.2700836,0.0,0.53209656,2,False,0.27008360624313354,0.0,0.5320965647697449,2,0,6.88257,200.0,70.7555,46.0071,38.1365,35.1638,33.7693,32.6419,31.8843,31.1636,30.4769,29.822,28.9548,28.0284,26.4543,23.7035,20.0047,16.2626,9.83601
2026-08-04T12:43:26+0200,645,0,12.49,197.033,206.875,63.60540008544922,-0.5774629712104797,1.837820053100586,6266.57,2,99.9146,0.0,0.278594,0.0841142,0.0,HAIRPIN_LEFT,30.740100860595703,0.19554352078622383,41.879345,2,9.0,0.55,30.086391,0.28602222,0.0,0.5137202,2,False,0.28602221608161926,0.0,0.5137202143669128,2,0,6.98299,200.0,69.613,45.337,37.6007,34.6767,33.3046,32.1951,31.4496,30.7401,30.0643,29.4195,28.5657,27.6535,26.1034,23.3959,19.7587,16.0807,9.76024
2026-08-04T12:43:26+0200,646,0,12.51,197.387,207.229,62.06869888305664,-0.49200400710105896,1.7922099828720093,6255.0,2,99.9146,0.0,0.273083,0.0889727,0.0,HAIRPIN_LEFT,30.32349967956543,0.19659637112763495,41.915215,2,9.0,0.55,29.303852,0.3020773,0.0,0.49558866,2,False,0.3020772933959961,0.0,0.49558866024017334,2,0,7.08553,200.0,68.4804,44.6754,37.0725,34.1967,32.847,31.7553,31.0217,30.3235,29.6582,29.0236,28.183,27.2849,25.7585,23.0937,19.5168,15.9014,9.68484
2026-08-04T12:43:26+0200,647,0,12.53,197.732,207.574,60.56610107421875,-0.41097399592399597,1.7408900260925293,6236.49,2,99.9146,0.0,0.267495,0.0937323,0.0,HAIRPIN_LEFT,29.91710090637207,0.19763686607872855,41.950714,2,9.0,0.55,28.540691,0.31812793,0.0,0.48951054,2,False,0.31812793016433716,0.0,0.48951053619384766,2,0,7.18964,200.0,67.3773,44.0305,36.5574,33.7288,32.4008,31.3265,30.6044,29.9171,29.2622,28.6375,27.8099,26.9256,25.4222,22.7989,19.2806,15.7259,9.61024
2026-08-04T12:43:27+0200,648,0,12.55,198.068,207.91,59.09550094604492,-0.3384230136871338,1.6879899501800537,6189.98,2,99.9146,0.0,0.261851,0.0983286,0.0,HAIRPIN_LEFT,29.525999069213867,0.19866677906129532,41.98601,2,9.0,0.55,27.79555,0.33402935,0.0,0.48922163,2,False,0.33402934670448303,0.0,0.48922163248062134,2,0,7.29443,200.0,66.3298,43.413,36.063,33.2791,31.9716,30.9139,30.2028,29.526,28.881,28.2657,27.4504,26.5791,25.0979,22.5144,19.0523,15.5558,9.53696
2026-08-04T12:43:27+0200,649,0,12.57,198.396,208.238,57.64860153198242,-0.2767449915409088,1.6373800039291382,6113.77,2,99.9146,0.0,0.256157,0.102727,0.0,HAIRPIN_LEFT,29.15220069885254,0.19968767413123464,42.02138,2,9.0,0.55,27.064026,0.34965387,0.0,0.48893216,2,False,0.34965386986732483,0.0,0.48893216252326965,2,0,7.3994,200.0,65.3499,42.8283,35.5925,32.8503,31.5622,30.5199,29.8192,29.1522,28.5165,27.91,27.1063,26.2474,24.787,22.2415,18.8329,15.3918,9.46525
2026-08-04T12:43:27+0200,650,0,12.59,198.716,208.558,56.22010040283203,-0.22574900090694427,1.5905499458312988,6014.01,2,99.9146,0.0,0.250421,0.106934,0.0,HAIRPIN_LEFT,28.79490089416504,0.2006995824876388,42.056934,2,9.0,0.55,26.343424,0.36492556,0.0,0.48864117,2,False,0.3649255633354187,0.0,0.4886411726474762,2,0,7.50443,200.0,64.433,42.274,35.1446,32.4415,31.1715,30.1437,29.4527,28.7949,28.1679,27.5697,26.7769,25.9295,24.4889,21.9797,18.622,15.2335,9.39504
2026-08-04T12:43:27+0200,651,0,12.61,199.027,208.869,54.807498931884766,-0.18393699824810028,1.5470999479293823,5894.79,2,99.9146,0.0,0.244654,0.110977,0.0,HAIRPIN_LEFT,28.451799392700195,0.20170005770963434,42.092667,2,9.0,0.55,25.63255,0.37982222,0.0,0.48834872,2,False,0.3798222243785858,0.0,0.48834872245788574,2,0,7.6096,200.0,63.5668,41.7454,34.7161,32.0497,30.7967,29.7827,29.1009,28.4518,27.833,27.2426,26.4603,25.6239,24.2019,21.7274,18.4184,15.0803,9.32622
2026-08-04T12:43:27+0200,652,0,12.63,199.33,209.173,53.40850067138672,-0.14972299337387085,1.506659984588623,5763.39,2,99.9146,0.0,0.238864,0.114879,0.0,HAIRPIN_LEFT,28.120500564575195,0.20268661154991421,42.128574,2,9.0,0.55,24.930319,0.3943525,0.0,0.4880548,2,False,0.3943524956703186,0.0,0.4880548119544983,2,0,7.71508,200.0,62.7403,41.2376,34.3033,31.672,30.4354,29.4344,28.7614,28.1205,27.5098,26.9269,26.1544,25.3287,23.9246,21.4834,18.2213,14.9315,9.25858
2026-08-04T12:43:27+0200,653,0,12.65,199.626,209.468,52.02040100097656,-0.12186600267887115,1.468269944190979,5623.1,2,99.9146,0.0,0.233064,0.118654,0.0,HAIRPIN_LEFT,27.800500869750977,0.20366061828501641,42.164673,2,9.0,0.55,24.23543,0.40853572,0.0,0.48775938,2,False,0.4085357189178467,0.0,0.48775938153266907,2,0,7.82069,200.0,61.9484,40.7484,33.905,31.3073,30.0863,29.0979,28.4334,27.8005,27.1972,26.6216,25.8586,25.043,23.6562,21.2472,18.0301,14.7869,9.19214
2026-08-04T12:43:27+0200,654,0,12.67,199.913,209.755,50.6411018371582,-0.09948980063199997,1.4308099746704102,5478.51,2,99.9146,0.0,0.227259,0.122304,0.0,HAIRPIN_LEFT,27.490999221801758,0.20461951208940052,42.20101,2,9.0,0.55,23.546835,0.42238683,0.0,0.48746198,2,False,0.4223868250846863,0.0,0.48746198415756226,2,0,7.92642,200.0,61.1889,40.2771,33.5205,30.955,29.7491,28.7727,28.1162,27.491,26.8951,26.3263,25.5725,24.7666,23.3963,21.0184,17.8447,14.6462,9.12685
2026-08-04T12:43:27+0200,655,0,12.69,200.192,210.034,49.269798278808594,-0.0817335993051529,1.3936200141906738,5333.32,2,99.9146,0.0,0.221457,0.125827,0.0,HAIRPIN_LEFT,27.191999435424805,0.20556458689540066,42.237576,2,9.0,0.55,22.86417,0.43591326,0.0,0.4871627,2,False,0.4359132647514343,0.0,0.487162709236145,2,0,8.03212,200.0,60.4618,39.8235,33.1498,30.6151,29.4234,28.4587,27.8099,27.192,26.603,26.041,25.2959,24.4994,23.1449,20.797,17.6649,14.5095,9.06274
2026-08-04T12:43:27+0200,656,0,12.71,200.464,210.306,47.909000396728516,-0.06771220266819,1.353119969367981,5235.99,2,99.9146,0.0,0.215674,0.129229,0.0,HAIRPIN_LEFT,26.90329933166504,0.2064937941517032,42.274273,2,9.0,0.55,22.188728,0.44912392,0.0,0.4868624,2,False,0.44912391901016235,0.0,0.4868623912334442,2,0,8.13751,200.0,59.7658,39.3869,32.7923,30.2871,29.1092,28.1555,27.5141,26.9033,26.321,25.7653,25.0287,24.2411,22.9019,20.5828,17.4909,14.3767,8.9999
2026-08-04T12:43:27+0200,657,0,12.73,200.727,210.569,46.55929946899414,-0.05666029825806618,1.3033000230789185,5235.99,2,99.9146,0.0,0.209918,0.132516,0.0,HAIRPIN_LEFT,26.62420082092285,0.20740696540872483,42.311035,2,9.0,0.55,21.520828,0.46202976,0.0,0.48656148,2,False,0.46202975511550903,0.0,0.48656147718429565,2,0,8.2426,200.0,59.0972,38.9658,32.4472,29.9703,28.8055,27.8625,27.2282,26.6242,26.0483,25.4988,24.7702,23.9913,22.6668,20.3753,17.322,14.2477,8.93829
2026-08-04T12:43:27+0200,658,0,12.75,200.983,210.825,45.20650100708008,-0.04875610023736954,1.2555999755859375,5235.99,2,99.9146,0.0,0.204198,0.13566,0.0,HAIRPIN_LEFT,26.356399536132812,0.20830420663695856,42.348324,2,9.0,0.55,20.853394,0.47461352,0.0,0.4862563,2,False,0.4746135175228119,0.0,0.48625630140304565,2,0,8.34681,200.0,58.4652,38.5643,32.117,29.6668,28.5145,27.5814,26.954,26.3564,25.7866,25.2428,24.522,23.7512,22.4406,20.1757,17.1593,14.123,8.87809
2026-08-04T12:43:27+0200,659,0,12.77,201.231,211.073,43.858299255371094,-0.04282410070300102,1.2090599536895752,5235.99,2,99.9146,0.0,0.19853,0.138685,0.0,HAIRPIN_LEFT,26.09830093383789,0.20918387115806195,42.385826,2,9.0,0.55,20.19036,0.48688453,0.0,0.40625632,2,False,0.48688453435897827,0.0,0.4062563180923462,2,0,8.45018,200.0,57.8619,38.1789,31.7995,29.3747,28.2343,27.3109,26.6898,26.0983,25.5344,24.9962,24.2827,23.5198,22.2225,19.983,17.0021,14.0022,8.81929
2026-08-04T12:43:27+0200,660,0,12.79,201.472,211.314,42.56079864501953,-0.03813749924302101,1.156440019607544,5235.99,2,99.9146,0.0,0.192913,0.141624,0.0,HAIRPIN_LEFT,25.847700119018555,0.21004681346441625,42.4221,2,9.0,0.55,19.554451,0.49886692,0.0,0.32625633,2,False,0.4988669157028198,0.0,0.32625633478164673,2,0,8.55311,200.0,57.2753,37.8044,31.491,29.091,27.9621,27.0481,26.4333,25.8477,25.2894,24.7566,24.0503,23.295,22.0106,19.7958,16.8491,13.8846,8.76163
2026-08-04T12:43:27+0200,661,0,12.81,201.705,211.547,41.36980056762695,-0.03237349912524223,1.10207998752594,5235.99,2,99.9146,0.0,0.187356,0.14445,1.0,HAIRPIN_LEFT,25.606199264526367,0.21089096425419654,42.455544,2,9.0,0.55,18.972662,0.51052755,0.0009524919,0.24625634,2,False,0.5105275511741638,0.0009524918859824538,0.24625633656978607,2,0,8.65504,200.0,56.7155,37.4449,31.1943,28.8178,27.7001,26.7949,26.1861,25.6062,25.0534,24.5257,23.8263,23.0783,21.8062,19.6151,16.7013,13.7706,8.70531
2026-08-04T12:43:27+0200,662,0,12.83,201.932,211.774,40.28929901123047,-0.016776299104094505,1.05377995967865,5235.99,2,99.9146,0.0,0.181852,0.147116,1.0,HAIRPIN_LEFT,25.376699447631836,0.21172213892347153,42.48609,2,9.0,0.55,18.446363,0.5217938,0.0019080779,0.16625634,2,False,0.521793782711029,0.001908077858388424,0.16625633835792542,2,0,8.75534,200.0,56.1988,37.1071,30.9138,28.5591,27.4515,26.5546,25.9513,25.3767,24.8289,24.306,23.6129,22.8717,21.6112,19.4424,16.5597,13.661,8.6505
2026-08-04T12:43:27+0200,663,0,12.85,202.153,211.995,39.316898345947266,0.024905599653720856,1.014780044555664,5235.99,2,99.9146,0.0,0.176411,0.149478,1.0,HAIRPIN_LEFT,25.16830062866211,0.21254138459564897,42.514076,2,9.0,0.55,18.0,0.53247005,0.0027489418,0.08625634,2,False,0.5324700474739075,0.002748941769823432,0.08625634014606476,2,0,8.85166,200.0,55.7741,36.8117,30.6636,28.3265,27.2272,26.3371,25.7385,25.1683,24.6247,24.1058,23.418,22.6825,21.4318,19.283,16.4283,13.5586,8.5981
2026-08-04T12:43:27+0200,664,0,12.87,202.369,212.211,38.458099365234375,0.12854500114917755,0.9859970211982727,5235.99,2,99.9146,0.0,0.171089,0.151206,0.604009,HAIRPIN_LEFT,25.002399444580078,0.21335221315472466,42.539845,2,9.0,0.55,18.0,0.5420863,0.0075929207,0.006256342,2,False,0.5420863032341003,0.007592920679599047,0.0062563419342041016,2,0,8.93818,200.0,55.5531,36.6065,30.4765,28.1478,27.0528,26.1663,25.5702,25.0024,24.4613,23.9447,23.2601,22.528,21.2834,19.1498,16.3169,13.4702,8.55028
2026-08-04T12:43:27+0200,665,0,12.89,202.581,212.423,37.76850128173828,0.41494399309158325,0.9669349789619446,5235.99,2,99.9146,0.0,0.166011,0.151402,0.08682045,HAIRPIN_LEFT,24.93790054321289,0.21416783455567465,42.56322,2,9.0,0.55,18.0,0.54939634,0.015043699,0.0,2,False,0.5493963360786438,0.01504369918256998,0.0,2,0,8.99971,200.0,55.8448,36.6223,30.4414,28.0983,26.9976,26.1068,25.508,24.9379,24.3945,23.8761,23.1892,22.4549,21.2071,19.0769,16.2516,13.4139,8.51283
2026-08-04T12:43:27+0200,666,0,12.91,202.79,212.632,37.442901611328125,1.0025800466537476,0.9587029814720154,5235.99,2,99.9146,0.0,0.16147,0.148036,0.0,HAIRPIN_LEFT,25.112699508666992,0.2150451355705958,42.5816,2,9.0,0.55,18.0,0.55143714,0.016972164,0.0,2,False,0.5514371395111084,0.016972163692116737,0.0,2,0,9.00209,200.0,57.4194,37.1734,30.7707,28.357,27.2255,26.3111,25.6969,25.1127,24.5562,24.0257,23.3232,22.5731,21.2999,19.1442,16.2926,13.4313,8.49909
2026-08-04T12:43:27+0200,667,0,12.93,202.999,212.841,37.30699920654297,1.5623799562454224,0.9622099995613098,5235.99,2,99.9146,0.0,0.157677,0.140866,0.0,HAIRPIN_LEFT,25.564899444580078,0.2161178525697265,42.59957,2,9.0,0.55,18.0,0.5460773,0.01730014,0.0,2,False,0.546077311038971,0.017300140112638474,0.0,2,0,8.94078,200.0,60.6544,38.3712,31.5306,28.9766,27.784,26.8223,26.1776,25.5649,24.9822,24.4272,23.6934,22.9111,21.586,19.3675,16.4522,13.5312,8.5123
2026-08-04T12:43:27+0200,668,0,12.95,203.207,213.05,37.21200180053711,1.9609999656677246,0.9732630252838135,5235.99,2,99.9146,0.0,0.15462,0.131447,0.0,HAIRPIN_LEFT,26.22010040283203,0.21753658064373774,42.617714,2,9.0,0.55,18.0,0.53354937,0.017667148,0.0,2,False,0.5335493683815002,0.017667148262262344,0.0,2,0,8.84187,200.0,65.4299,40.0862,32.6186,29.8665,28.588,27.56,26.8723,26.2201,25.6006,25.0115,24.2341,23.4068,22.0098,19.695,16.6913,13.6866,8.54439
2026-08-04T12:43:27+0200,669,0,12.97,203.416,213.258,37.151798248291016,2.183579921722412,0.9856629967689514,5235.99,2,99.9146,0.0,0.152182,0.121192,0.0,HAIRPIN_LEFT,27.001100540161133,0.21941310017731144,42.63291,2,9.0,0.55,18.0,0.515437,0.0180928,0.0,2,False,0.5154370069503784,0.018092799931764603,0.0,2,0,8.72902,200.0,71.6301,42.1793,33.9271,30.9319,29.5488,28.4406,27.7011,27.0011,26.3375,25.7076,24.8779,23.9971,22.5145,20.076,16.9715,13.8708,8.58708
2026-08-04T12:43:27+0200,670,0,12.99,203.625,213.467,37.11439895629883,2.2661900520324707,0.9949210286140442,5235.99,2,99.9146,0.0,0.150234,0.110972,0.0,HAIRPIN_LEFT,27.853599548339844,0.22180632344114307,42.643494,2,9.0,0.55,18.0,0.49366274,0.018574595,0.0,2,False,0.4936627447605133,0.01857459545135498,0.0,2,0,8.61622,200.0,79.2565,44.552,35.3788,32.1054,30.6037,29.405,28.6071,27.8536,27.1407,26.4653,25.5776,24.6376,23.0608,20.4821,17.2664,14.0656,8.63453
2026-08-04T12:43:27+0200,671,0,13.01,203.833,213.675,37.0890998840332,2.2623300552368164,0.9979739785194397,5235.99,2,99.9146,0.0,0.148664,0.101127,0.0,HAIRPIN_LEFT,28.75320053100586,0.2087462389460934,42.784454,2,9.0,0.55,18.0,0.4698346,0.019653484,0.0,2,False,0.4698345959186554,0.019653484225273132,0.0,2,0,8.50878,139.399,88.5394,47.171,36.9416,33.3577,31.7249,30.4266,29.5651,28.7532,27.9867,27.2621,26.3117,25.308,23.6305,20.9032,17.5642,14.2629,8.68388
2026-08-04T12:43:27+0200,672,0,13.03,204.041,213.884,37.070899963378906,2.204430103302002,0.9933969974517822,5235.99,2,99.9146,0.0,0.147395,0.0917706,0.0,HAIRPIN_LEFT,29.68939971923828,0.19997501504143084,42.879887,2,9.0,0.55,18.0,0.44512278,0.020605255,0.0,2,False,0.44512277841567993,0.02060525491833687,0.0,2,0,8.40831,94.3637,99.9229,50.0364,38.6041,34.677,32.901,31.4947,30.5642,29.6894,28.8654,28.088,27.0708,25.9995,24.2154,21.3327,17.8593,14.4586,8.73378
2026-08-04T12:43:27+0200,673,0,13.05,204.25,214.092,37.05659866333008,2.1158900260925293,0.9789599776268005,5235.99,2,99.9146,0.0,0.146366,0.0829574,0.0,HAIRPIN_LEFT,30.654699325561523,0.19949674680792448,42.92852,2,9.0,0.55,18.0,0.4203512,0.021389822,0.0,2,False,0.42035120725631714,0.02138982154428959,0.0,2,0,8.31535,72.6421,114.08,53.1551,40.3596,36.0555,34.1241,32.6012,31.5968,30.6547,29.7695,28.936,27.8481,26.7054,24.8099,21.7659,18.1481,14.6503,8.78325
2026-08-04T12:43:27+0200,674,0,13.07,204.458,214.3,37.0443000793457,2.0090999603271484,0.9457650184631348,5235.99,2,99.9146,0.0,0.145543,0.074692,0.0,HAIRPIN_LEFT,31.64550018310547,0.20346116422755417,42.933945,2,9.0,0.55,18.0,0.39606488,0.021992793,0.0,2,False,0.3960648775100708,0.021992793306708336,0.0,2,0,8.22961,59.9036,132.078,56.5463,42.2068,37.4902,35.3906,33.7426,32.6592,31.6455,30.6952,29.8024,28.64,27.4226,25.4109,22.2004,18.4287,14.8367,8.83182
2026-08-04T12:43:27+0200,675,0,13.09,204.666,214.508,37.03269958496094,1.904539942741394,0.9231839776039124,5235.99,2,99.9146,0.0,0.144895,0.0670044,0.0,HAIRPIN_LEFT,32.65399932861328,0.21057409078272182,42.909447,2,9.0,0.55,18.0,0.37265223,0.022448022,0.0,2,False,0.37265223264694214,0.022448021918535233,0.0,2,0,8.15112,51.5903,155.528,60.2179,44.1372,38.972,36.6919,34.9104,33.7432,32.654,31.6351,30.6803,29.44,28.1448,26.0128,22.6319,18.6982,15.0159,8.87888
2026-08-04T12:43:27+0200,676,0,13.11,204.874,214.716,37.02050018310547,1.804129958152771,0.91184401512146,5235.99,2,99.9146,0.0,0.14441,0.0598998,0.0,HAIRPIN_LEFT,33.67399978637695,0.2204831511370251,42.85878,2,9.0,0.55,18.0,0.35037303,0.022760585,0.0,2,False,0.3503730297088623,0.022760584950447083,0.0,2,0,8.07951,45.7731,187.149,64.182,46.1444,40.4939,38.0212,36.0983,34.8427,33.674,32.5837,31.564,30.2429,28.8673,26.612,23.0577,18.9568,15.1868,8.92412
2026-08-04T12:43:27+0200,677,0,13.13,205.082,214.924,37.0088996887207,1.7029600143432617,0.9010210037231445,5235.99,2,99.9146,0.0,0.14407,0.0533735,0.0,HAIRPIN_LEFT,34.69990158081055,0.22502950357600454,42.853268,2,9.0,0.55,18.0,0.32939294,0.023257019,0.0,2,False,0.3293929398059845,0.023257018998265266,0.0,2,0,8.01435,41.5016,200.0,68.4515,48.221,42.0485,39.3714,37.2995,35.9514,34.6999,33.5351,32.4483,31.0438,29.5857,27.2044,23.475,19.2071,15.3485,8.96725
2026-08-04T12:43:27+0200,678,0,13.15,205.29,215.132,36.99700164794922,1.6048400402069092,0.8773040175437927,5235.99,2,99.9146,0.0,0.143848,0.0474025,0.0,HAIRPIN_LEFT,35.72719955444336,0.22646181118354325,42.874046,2,9.0,0.55,18.0,0.30980024,0.023857145,0.0,2,False,0.30980023741722107,0.02385714463889599,0.0,2,0,7.95526,38.2484,200.0,73.0458,50.3624,43.6306,40.7375,38.5094,37.0648,35.7272,34.4854,33.3294,31.8393,30.2968,27.7876,23.8821,19.4484,15.5005,9.00805
2026-08-04T12:43:27+0200,679,0,13.17,205.497,215.34,36.984798431396484,1.5142899751663208,0.8560439944267273,5235.99,2,99.9146,0.0,0.143739,0.0419305,0.0,HAIRPIN_LEFT,36.75699996948242,0.2283319989749847,42.89036,2,9.0,0.55,18.0,0.29159638,0.024411662,0.0,2,False,0.291596382856369,0.02441166155040264,0.0,2,0,7.90132,35.6902,200.0,78.009,52.5742,45.2425,42.1213,39.7293,38.184,36.757,35.4355,34.2082,32.6302,31.0015,28.3623,24.2797,19.6815,15.6435,9.04673
2026-08-04T12:43:27+0200,680,0,13.19,205.705,215.547,36.972198486328125,1.4295899868011475,0.84067302942276,5235.99,2,99.9146,0.0,0.14373,0.036914,0.0,HAIRPIN_LEFT,37.78950119018555,0.23058469382813682,42.90277,2,9.0,0.55,18.0,0.2747403,0.024922628,0.0,2,False,0.2747403085231781,0.024922627955675125,0.0,2,0,7.85196,33.6286,200.0,83.3891,54.8601,46.8854,43.5231,40.9594,39.3091,37.7895,36.3855,35.0848,33.4166,31.6999,28.9287,24.668,19.9066,15.7779,9.0834
2026-08-04T12:43:27+0200,681,0,13.21,205.913,215.755,36.95970153808594,1.3498599529266357,0.8335559964179993,5235.99,2,99.9146,0.0,0.143817,0.0323225,0.0,HAIRPIN_LEFT,38.823299407958984,0.2331844587632865,42.911552,2,9.0,0.55,18.0,0.259175,0.025389118,0.0,2,False,0.25917500257492065,0.025389118120074272,0.0,2,0,7.80664,31.9366,200.0,89.2346,57.2216,48.5584,44.9418,42.1986,40.4391,38.8233,37.3343,35.9581,34.1975,32.391,29.4863,25.0469,20.1239,15.904,9.1181
2026-08-04T12:43:27+0200,682,0,13.23,206.12,215.962,36.946998596191406,1.2744200229644775,0.8330299854278564,5235.99,2,99.9146,0.0,0.143982,0.0281319,0.0,HAIRPIN_LEFT,39.856201171875,0.23610266919786582,42.916954,2,9.0,0.55,18.0,0.24484149,0.025813926,0.0,2,False,0.24484148621559143,0.02581392601132393,0.0,2,0,7.76512,30.5281,200.0,95.5974,59.6577,50.2587,46.3747,43.444,41.5713,39.8562,38.2798,36.8261,34.9713,33.0735,30.0337,25.4156,20.3329,16.0217,9.15081
2026-08-04T12:43:27+0200,683,0,13.25,206.328,216.17,36.93429946899414,1.2057000398635864,0.8366810083389282,5235.99,2,99.9146,0.0,0.144216,0.0243052,0.0,HAIRPIN_LEFT,40.88890075683594,0.2393277929930021,42.919106,2,9.0,0.55,18.0,0.23166533,0.026196297,0.0,2,False,0.23166532814502716,0.026196297258138657,0.0,2,0,7.72692,29.3385,200.0,102.556,62.1739,51.9885,47.8232,44.6968,42.7065,40.8889,39.2226,37.6895,35.7383,33.7479,30.5718,25.7748,20.5342,16.1316,9.18163
2026-08-04T12:43:27+0200,684,0,13.27,206.535,216.377,36.92150115966797,1.1421500444412231,0.8425080180168152,5235.99,2,99.9146,0.0,0.144512,0.0208111,0.0,HAIRPIN_LEFT,41.922000885009766,0.24285364892150696,42.918087,2,9.0,0.55,18.0,0.21956763,0.026538275,0.0,2,False,0.21956762671470642,0.026538275182247162,0.0,2,0,7.69175,28.3215,200.0,110.203,64.776,53.7495,49.2883,45.9578,43.8456,41.922,40.1632,38.5487,36.4994,34.4147,31.1008,26.1249,20.7282,16.2342,9.2107
2026-08-04T12:43:27+0200,685,0,13.29,206.742,216.584,36.909000396728516,1.0832099914550781,0.848563015460968,5235.99,2,99.9146,0.0,0.144866,0.0176252,0.0,HAIRPIN_LEFT,42.95539855957031,0.24667868669769835,42.91389,2,9.0,0.55,18.0,0.20847292,0.026839139,0.0,2,False,0.20847292244434357,0.026839138939976692,0.0,2,0,7.65928,27.4439,200.0,118.645,67.4683,55.5423,50.7699,47.2267,44.9882,42.9554,41.1014,39.4036,37.2542,35.0738,31.6209,26.466,20.9152,16.3296,9.23805
2026-08-04T12:43:27+0200,686,0,13.31,206.949,216.791,36.89680099487305,1.025979995727539,0.8534449934959412,5235.99,2,99.9146,0.0,0.145283,0.0147347,0.0,HAIRPIN_LEFT,43.98659896850586,0.24246312954682026,42.970688,2,9.0,0.55,18.0,0.19831875,0.02745174,0.0,2,False,0.198318749666214,0.027451740577816963,0.0,2,0,7.62923,26.6814,163.153,127.993,70.249,57.3638,52.2651,48.5009,46.1319,43.9866,42.0352,40.2524,38.0009,35.7238,32.131,26.7978,21.0952,16.4183,9.26383
2026-08-04T12:43:27+0200,687,0,13.33,207.156,216.999,36.884300231933594,0.9748290181159973,0.8571720123291016,5235.99,2,99.9146,0.0,0.145737,0.0121116,0.0,HAIRPIN_LEFT,45.0166015625,0.24077153771836204,43.002777,2,9.0,0.55,18.0,0.18903977,0.027914809,0.0,2,False,0.18903976678848267,0.027914809063076973,0.0,2,0,7.60152,26.0136,135.849,138.416,73.1265,59.2168,53.7759,49.7816,47.2775,45.0166,42.9653,41.0957,38.7406,36.3655,32.6319,27.1207,21.2683,16.5003,9.28796
2026-08-04T12:43:27+0200,688,0,13.35,207.363,217.206,36.87229919433594,0.9288370013237,0.8595110177993774,5235.99,2,99.9146,0.0,0.146226,0.00972313,0.0,HAIRPIN_LEFT,46.049198150634766,0.24173813092737997,43.035034,2,9.0,0.55,18.0,0.18056053,0.028360574,0.0,2,False,0.18056052923202515,0.028360573574900627,0.0,2,0,7.57579,25.4224,117.442,150.152,76.1162,61.1084,55.3076,51.0734,48.4295,46.0492,43.8951,41.9366,39.4758,37.0012,33.1255,27.4362,21.4358,16.5778,9.31067
2026-08-04T12:43:27+0200,689,0,13.37,207.57,217.412,36.86029815673828,0.8876469731330872,0.8601509928703308,5235.99,2,99.9146,0.0,0.146768,0.00754216,0.0,HAIRPIN_LEFT,47.08760070800781,0.24456676836975685,43.04866,2,9.0,0.55,18.0,0.1728029,0.02868653,0.0,2,False,0.1728028953075409,0.028686530888080597,0.0,2,0,7.55161,24.8939,104.173,163.501,79.2335,63.0461,56.8654,52.3805,49.5913,47.0876,44.8277,42.778,40.2091,37.6333,33.6138,27.746,21.5986,16.6523,9.33226
2026-08-04T12:43:27+0200,690,0,13.39,207.777,217.619,36.8489990234375,0.8485419750213623,0.8599349856376648,5235.99,2,99.9146,0.0,0.147336,0.00556099,0.0,HAIRPIN_LEFT,48.13010025024414,0.24883378125902691,43.048176,2,9.0,0.55,18.0,0.16571122,0.028914873,0.0,2,False,0.16571122407913208,0.02891487255692482,0.0,2,0,7.52909,24.4202,94.1677,178.806,82.4831,65.0284,58.4478,53.7014,50.7613,48.1301,45.7615,43.6183,40.9393,38.2606,34.0958,28.0492,21.7563,16.7236,9.35258
2026-08-04T12:43:27+0200,691,0,13.41,207.984,217.826,36.837799072265625,0.8130319714546204,0.8587340116500854,5235.99,2,99.9146,0.0,0.14793,0.00376368,0.0,HAIRPIN_LEFT,49.178001403808594,0.25431094023901607,43.03611,2,9.0,0.55,18.0,0.15923366,0.029061845,0.0,2,False,0.15923365950584412,0.02906184457242489,0.0,2,0,7.50808,23.9935,86.3533,196.551,85.8769,67.0593,60.0571,55.0373,51.941,49.178,46.6975,44.4585,41.6669,38.8837,34.5722,28.3465,21.9095,16.7921,9.3717
2026-08-04T12:43:27+0200,692,0,13.43,208.191,218.033,36.82699966430664,0.7747060060501099,0.813746988773346,5235.99,2,99.9146,0.0,0.148562,0.00212333,0.0,HAIRPIN_LEFT,50.23619842529297,0.2562725622861233,43.052338,2,9.0,0.55,18.0,0.15330793,0.029356845,0.0,2,False,0.1533079296350479,0.02935684472322464,0.0,2,0,7.48819,23.6048,80.062,200.0,89.4397,69.1499,61.7013,56.3949,53.1357,50.2362,47.6403,45.3027,42.3958,39.506,35.0457,28.6398,22.0593,16.8584,9.38995
2026-08-04T12:43:27+0200,693,0,13.45,208.398,218.24,36.81629943847656,0.7431589961051941,0.7812029719352722,5235.99,2,99.9146,0.0,0.149203,0.000639319,0.0,HAIRPIN_LEFT,51.30229949951172,0.2577015794643507,43.072556,2,9.0,0.55,18.0,0.14789654,0.029661894,0.0,2,False,0.14789654314517975,0.029661893844604492,0.0,2,0,7.46966,23.2512,74.8989,200.0,93.1779,71.2979,63.3778,57.7717,54.3431,51.3023,48.5873,46.1486,43.1238,40.1255,35.5146,28.928,22.2051,16.9222,9.40705
2026-08-04T12:43:27+0200,694,0,13.47,208.604,218.446,36.80580139160156,0.7175419926643372,0.7604290246963501,5235.99,2,99.9146,0.0,0.149876,-0.000703394,0.0,HAIRPIN_LEFT,52.378700256347656,0.2594741327984566,43.08961,2,9.0,0.55,18.0,0.14295726,0.02993623,0.0,2,False,0.14295725524425507,0.029936229810118675,0.0,2,0,7.45214,22.9269,70.581,200.0,97.1109,73.5103,65.0912,59.1708,55.5659,52.3787,49.541,46.9983,43.8528,40.7439,35.9804,29.2123,22.3477,16.984,9.42333
2026-08-04T12:43:27+0200,695,0,13.49,208.811,218.653,36.79520034790039,0.6938980221748352,0.7458109855651855,5235.99,2,99.9146,0.0,0.150564,-0.0019151,0.0,HAIRPIN_LEFT,53.466800689697266,0.2615532014111306,43.10396,2,9.0,0.55,18.0,0.13845444,0.030185713,0.0,2,False,0.13845443725585938,0.03018571250140667,0.0,2,0,7.43564,22.6289,66.9139,200.0,101.26,75.7926,66.8443,60.5944,56.8058,53.4668,50.5021,47.8525,44.5834,41.3618,36.4435,29.4927,22.4872,17.0439,9.43868
2026-08-04T12:43:27+0200,696,0,13.51,209.017,218.859,36.78519821166992,0.6691539883613586,0.7111579775810242,5235.99,2,99.9146,0.0,0.151268,-0.00298864,0.0,HAIRPIN_LEFT,54.56159973144531,0.2638993561267684,43.115795,2,9.0,0.55,18.0,0.1343717,0.030409556,0.0,2,False,0.13437169790267944,0.0304095558822155,0.0,2,0,7.42021,22.3555,63.7756,200.0,105.623,78.1375,68.6308,62.0366,58.0572,54.5616,51.4665,48.7075,45.3124,41.9761,36.9018,29.7682,22.6229,17.1016,9.45308
2026-08-04T12:43:27+0200,697,0,13.53,209.224,219.066,36.77510070800781,0.6481829881668091,0.6792600154876709,5235.99,2,99.9146,0.0,0.151992,-0.00394511,0.0,HAIRPIN_LEFT,55.6682014465332,0.2664968804978354,43.12545,2,9.0,0.55,18.0,0.13067703,0.030611422,0.0,2,False,0.1306770294904709,0.030611421912908554,0.0,2,0,7.40567,22.1026,61.0492,200.0,110.239,80.5583,70.4596,63.5042,59.3263,55.6682,52.4388,49.5671,46.043,42.5901,37.3575,30.0402,22.7559,17.1576,9.46669
2026-08-04T12:43:28+0200,698,0,13.55,209.43,219.272,36.76559829711914,0.6317769885063171,0.6554930210113525,5235.99,2,99.9146,0.0,0.152719,-0.00481421,0.0,HAIRPIN_LEFT,56.79719924926758,0.26935113323630117,43.133232,2,9.0,0.55,18.0,0.1273216,0.030789984,0.0,2,False,0.12732160091400146,0.03078998439013958,0.0,2,0,7.39183,21.8653,58.6386,200.0,115.172,83.0813,72.3493,65.0116,60.6251,56.7972,53.4279,50.4395,46.7821,43.2095,37.8149,30.3114,22.8876,17.2127,9.47965
2026-08-04T12:43:28+0200,699,0,13.57,209.637,219.479,36.75640106201172,0.6148729920387268,0.6437240242958069,5235.99,2,99.9146,0.0,0.153475,-0.00560236,0.0,HAIRPIN_LEFT,57.95050048828125,0.27245439402814636,43.139217,2,9.0,0.55,18.0,0.12426427,0.03094966,0.0,2,False,0.12426427006721497,0.030949659645557404,0.0,2,0,7.37845,21.6417,56.4906,200.0,120.459,85.7148,74.3042,66.5617,61.9559,57.9505,54.4353,51.3259,47.5311,43.835,38.2752,30.5826,23.0186,17.2674,9.49217
2026-08-04T12:43:28+0200,700,0,13.59,209.843,219.685,36.74720001220703,0.6002320051193237,0.6423159837722778,5235.99,2,99.9146,0.0,0.154223,-0.00631219,0.0,HAIRPIN_LEFT,59.128700256347656,0.275812699583109,43.14345,2,9.0,0.55,18.0,0.12148016,0.031092016,0.0,2,False,0.12148015946149826,0.031092016026377678,0.0,2,0,7.36585,21.4313,54.5647,200.0,126.145,88.4673,76.3287,68.1568,63.3202,59.1287,55.4617,52.2267,48.2896,44.4668,38.7376,30.8534,23.1484,17.3212,9.50401
2026-08-04T12:43:28+0200,701,0,13.61,210.049,219.891,36.73809814453125,0.5862240195274353,0.647009015083313,5235.99,2,99.9146,0.0,0.155004,-0.00695521,0.0,HAIRPIN_LEFT,60.337100982666016,0.2794274502373015,43.145977,2,9.0,0.55,18.0,0.11893666,0.031217786,0.0,2,False,0.11893665790557861,0.03121778555214405,0.0,2,0,7.35349,21.231,52.8219,200.0,132.289,91.3552,78.4326,69.804,64.7237,60.3371,56.5114,53.1456,49.0612,45.1075,39.2047,31.1254,23.2782,17.375,9.51558
2026-08-04T12:43:28+0200,702,0,13.63,210.256,220.098,36.72909927368164,0.575082004070282,0.655551016330719,5235.99,2,99.9146,0.0,0.155772,-0.00753915,0.0,HAIRPIN_LEFT,61.57939910888672,0.28332285942584173,43.14678,2,9.0,0.55,18.0,0.11661028,0.03132669,0.0,2,False,0.11661028116941452,0.03132668882608414,0.0,2,0,7.34178,21.0404,51.2344,200.0,138.97,94.3967,80.6264,71.51,66.1716,61.5794,57.5872,54.085,49.8474,45.7583,39.677,31.3987,23.4079,17.4285,9.52655
2026-08-04T12:43:28+0200,703,0,13.65,210.462,220.304,36.720298767089844,0.5648970007896423,0.6645609736442566,5235.99,2,99.9146,0.0,0.156569,-0.00807601,0.0,HAIRPIN_LEFT,62.86240005493164,0.2875132988208196,43.145805,2,9.0,0.55,18.0,0.114468694,0.031419042,0.0,2,False,0.11446869373321533,0.031419042497873306,0.0,2,0,7.3302,20.857,49.7755,200.0,146.283,97.6159,82.9242,73.2849,67.6721,62.8624,58.6952,55.0501,50.6526,46.4231,40.1575,31.6753,23.5387,17.4826,9.53739
2026-08-04T12:43:28+0200,704,0,13.67,210.668,220.51,36.71179962158203,0.5523170232772827,0.6730949878692627,5235.99,2,99.9146,0.0,0.157356,-0.00854665,0.0,HAIRPIN_LEFT,64.1771011352539,0.29199593445358607,43.142864,2,9.0,0.55,18.0,0.112514675,0.03149496,0.0,2,False,0.1125146746635437,0.03149496018886566,0.0,2,0,7.3193,20.6831,48.4416,200.0,154.266,101.002,85.315,75.118,69.2153,64.1771,59.8269,56.033,51.47,47.0957,40.6413,31.952,23.6688,17.536,9.54759
2026-08-04T12:43:28+0200,705,0,13.69,210.874,220.716,36.70349884033203,0.5442090034484863,0.6792359948158264,5235.99,2,99.9146,0.0,0.158164,-0.00897443,0.0,HAIRPIN_LEFT,65.53679656982422,0.296810662302483,43.13789,2,9.0,0.55,18.0,0.11072295,0.03155206,0.0,2,False,0.11072295159101486,0.031552061438560486,0.0,2,0,7.30854,20.5151,47.2058,200.0,163.081,104.599,87.8252,77.0287,70.8169,65.5368,60.9937,57.0438,52.308,47.7833,41.1336,32.2322,23.8,17.5902,9.55761
2026-08-04T12:43:28+0200,706,0,13.71,211.08,220.922,36.69599914550781,0.5351619720458984,0.6836519837379456,5235.99,2,99.9146,0.0,0.158962,-0.00935751,0.0,HAIRPIN_LEFT,66.94210052490234,0.30198515524889197,43.130653,2,9.0,0.55,18.0,0.10908239,0.03158838,0.0,2,False,0.10908239334821701,0.03158837929368019,0.0,2,0,7.29826,20.3536,46.0593,200.0,172.864,108.423,90.4617,79.0199,72.4785,66.9421,62.1958,58.0821,53.166,48.4848,41.6339,32.515,23.9318,17.6443,9.56718
2026-08-04T12:43:28+0200,707,0,13.73,211.286,221.128,36.68899917602539,0.5257350206375122,0.6856359839439392,5235.99,2,99.9146,0.0,0.159781,-0.00969279,0.0,HAIRPIN_LEFT,68.3926010131836,0.3075323104580458,43.120903,2,9.0,0.55,18.0,0.10758532,0.031603865,0.0,2,False,0.10758531838655472,0.0316038653254509,0.0,2,0,7.2882,20.1979,44.9937,200.0,183.753,112.488,93.2284,81.0928,74.2005,68.3926,63.4325,59.1474,54.0432,49.1999,42.1415,32.8006,24.0643,17.6989,9.57652
2026-08-04T12:43:28+0200,708,0,13.75,211.492,221.335,36.682098388671875,0.5189579725265503,0.6861209869384766,5235.99,2,99.9146,0.0,0.160581,-0.0099901,0.0,HAIRPIN_LEFT,69.89640045166016,0.31342954447191634,43.109234,2,9.0,0.55,18.0,0.10622177,0.03160317,0.0,2,False,0.1062217727303505,0.031603168696165085,0.0,2,0,7.27861,20.0476,43.9976,200.0,195.661,116.834,96.1473,83.2609,75.9927,69.8964,64.7101,60.2446,54.9435,49.9315,42.6582,33.0895,24.1978,17.7537,9.58541
2026-08-04T12:43:28+0200,709,0,13.77,211.698,221.541,36.675498962402344,0.5104740262031555,0.6844900250434875,5235.99,2,99.9146,0.0,0.161407,-0.0102486,0.0,HAIRPIN_LEFT,71.45469665527344,0.3176069861606866,43.117397,2,9.0,0.55,18.0,0.10498072,0.031718038,0.0,2,False,0.1049807220697403,0.03171803802251816,0.0,2,0,7.26912,19.9017,43.064,200.0,199.727,121.486,99.2264,85.528,77.8576,71.4547,66.0296,61.3745,55.8675,50.6799,43.1845,33.3822,24.3326,17.8092,9.59417
2026-08-04T12:43:28+0200,710,0,13.79,211.904,221.747,36.6692008972168,0.5007320046424866,0.6399980187416077,5235.99,2,99.9146,0.0,0.162206,-0.0104794,0.0,HAIRPIN_LEFT,73.07820129394531,0.3211301996998786,43.134766,2,9.0,0.55,18.0,0.10385013,0.031884927,0.0,2,False,0.10385013371706009,0.03188492730259895,0.0,2,0,7.26012,19.7599,42.184,200.0,200.0,126.502,102.496,87.9129,79.809,73.0782,67.3991,62.5435,56.82,51.4486,43.7224,33.6796,24.4689,17.8653,9.60249
2026-08-04T12:43:28+0200,711,0,13.81,212.11,221.953,36.663700103759766,0.493369996547699,0.5885549783706665,5235.99,2,99.9146,0.0,0.163035,-0.0106972,0.0,HAIRPIN_LEFT,74.78109741210938,0.32485578958647643,43.15262,2,9.0,0.55,18.0,0.10280049,0.032047905,0.0,2,False,0.10280048847198486,0.032047905027866364,0.0,2,0,7.25094,19.6198,41.3461,200.0,200.0,131.954,105.993,90.4386,81.8648,74.7811,68.8305,63.7616,57.8089,52.2443,44.2769,33.9848,24.6085,17.9231,9.61093
2026-08-04T12:43:28+0200,712,0,13.83,212.316,222.159,36.657798767089844,0.4888800084590912,0.5563949942588806,5235.99,2,99.9146,0.0,0.163839,-0.0108802,0.0,HAIRPIN_LEFT,76.55259704589844,0.32613792834227373,43.198215,2,9.0,0.55,18.0,0.10184148,0.032378845,0.0,2,False,0.10184147953987122,0.032378844916820526,0.0,2,0,7.24225,19.4842,40.5564,186.535,200.0,137.851,109.709,93.0942,84.0137,76.5526,70.3134,65.0193,58.8259,53.0595,44.842,34.2937,24.7492,17.9812,9.61888
2026-08-04T12:43:28+0200,713,0,13.85,212.522,222.364,36.65169906616211,0.4851999878883362,0.5362150073051453,5235.99,2,99.9146,0.0,0.164669,-0.0110348,0.0,HAIRPIN_LEFT,78.4010009765625,0.32689724238939377,43.251648,2,9.0,0.55,18.0,0.100966826,0.03275746,0.0,2,False,0.10096682608127594,0.032757461071014404,0.0,2,0,7.2336,19.3513,39.8072,169.479,200.0,144.259,113.671,95.8953,86.2669,78.401,71.8547,66.322,59.8754,53.8978,45.4203,34.6082,24.8921,18.0404,9.62682
2026-08-04T12:43:28+0200,714,0,13.87,212.728,222.57,36.64659881591797,0.47979500889778137,0.49850401282310486,5235.99,2,99.9146,0.0,0.165479,-0.01115,0.0,HAIRPIN_LEFT,80.3219985961914,0.32854681619727144,43.287216,2,9.0,0.55,18.0,0.10018849,0.03302206,0.0,2,False,0.1001884862780571,0.03302206099033356,0.0,2,0,7.22545,19.2227,39.1004,155.566,200.0,151.219,117.887,98.8402,88.6208,80.322,73.4495,67.6652,60.9527,54.7551,46.0085,34.9259,25.0355,18.0998,9.63424
2026-08-04T12:43:28+0200,715,0,13.89,212.934,222.776,36.641998291015625,0.47473400831222534,0.45669999718666077,5235.99,2,99.9146,0.0,0.166304,-0.0112277,0.0,HAIRPIN_LEFT,82.3196029663086,0.33097753241063355,43.25994,2,9.0,0.55,18.0,0.09950836,0.03289792,0.0,2,False,0.0995083600282669,0.03289791941642761,0.0,2,0,7.21743,19.0975,38.4309,144.005,200.0,158.799,122.38,101.94,91.0814,82.3196,75.1006,69.0506,62.0595,55.6324,46.6074,35.2475,25.1803,18.1598,9.64148
2026-08-04T12:43:28+0200,716,0,13.91,213.14,222.982,36.63740158081055,0.47311899065971375,0.4235360026359558,5235.99,2,99.9146,0.0,0.167117,-0.0112911,0.0,HAIRPIN_LEFT,84.42109680175781,0.33415762386372205,43.224796,2,9.0,0.55,18.0,0.09890782,0.032722298,0.0,2,False,0.09890782088041306,0.03272229805588722,0.0,2,0,7.20966,18.9742,37.7894,134.149,200.0,167.178,127.23,105.241,93.6848,84.4211,76.8298,70.4961,63.209,56.5401,47.2236,35.5765,25.3278,18.2209,9.6485
2026-08-04T12:43:28+0200,717,0,13.93,213.346,223.188,36.632999420166016,0.4708090126514435,0.4054960012435913,5235.99,2,99.9146,0.0,0.167937,-0.0113456,0.0,HAIRPIN_LEFT,86.63939666748047,0.33807438919224414,43.181824,2,9.0,0.55,18.0,0.09836703,0.03249664,0.0,2,False,0.09836702793836594,0.03249663859605789,0.0,2,0,7.20188,18.8519,37.1719,125.63,200.0,176.506,132.49,108.773,96.4488,86.6394,78.6464,72.0087,64.4069,57.4821,47.86,35.9143,25.4789,18.2839,9.65551
2026-08-04T12:43:28+0200,718,0,13.95,213.552,223.394,36.62810134887695,0.46797001361846924,0.40131399035453796,5235.99,2,99.9146,0.0,0.168751,-0.0113856,0.0,HAIRPIN_LEFT,88.97730255126953,0.34272727657666535,43.13106,2,9.0,0.55,18.0,0.097880505,0.03222528,0.0,2,False,0.09788050502538681,0.03222528100013733,0.0,2,0,7.1943,18.7314,36.579,118.207,200.0,186.925,138.2,112.548,99.3802,88.9773,80.5515,73.5885,65.652,58.4573,48.515,36.2598,25.6329,18.348,9.66234
2026-08-04T12:43:28+0200,719,0,13.97,213.758,223.6,36.623199462890625,0.46730199456214905,0.40630099177360535,5235.99,2,99.9146,0.0,0.169562,-0.0114226,0.0,HAIRPIN_LEFT,91.4583969116211,0.34632167151510207,43.09019,2,9.0,0.55,18.0,0.09743262,0.03201255,0.0,2,False,0.09743262082338333,0.03201254829764366,0.0,2,0,7.18676,18.6116,36.0057,111.649,200.0,195.457,144.452,116.614,102.512,91.4584,82.5626,75.249,66.9543,59.4731,49.1935,36.6154,25.7909,18.4141,9.66912
2026-08-04T12:43:28+0200,720,0,13.99,213.963,223.806,36.61869812011719,0.46448299288749695,0.41624000668525696,5235.99,2,99.9146,0.0,0.170382,-0.0114489,0.0,HAIRPIN_LEFT,94.08589935302734,0.3468905897503539,43.078804,2,9.0,0.55,18.0,0.097019345,0.031976726,0.0,2,False,0.09701934456825256,0.03197672590613365,0.0,2,0,7.17922,18.4927,35.4524,105.829,200.0,198.261,151.301,120.989,105.851,94.0859,84.6804,76.99,68.3131,60.5281,49.894,36.9804,25.9525,18.4819,9.67588
2026-08-04T12:43:28+0200,721,0,14.01,214.169,224.011,36.61429977416992,0.4634380042552948,0.42819899320602417,5235.99,2,99.9146,0.0,0.171192,-0.0114675,0.0,HAIRPIN_LEFT,96.87650299072266,0.3472610502792934,43.068993,2,9.0,0.55,18.0,0.09663742,0.031948566,0.0,2,False,0.09663742035627365,0.03194856643676758,0.0,2,0,7.17184,18.3751,34.9179,100.623,200.0,200.0,158.847,125.716,109.424,96.8765,86.9166,78.8192,69.7331,61.6255,50.6182,37.3552,26.1178,18.5513,9.6825
2026-08-04T12:43:28+0200,722,0,14.03,214.375,224.217,36.610198974609375,0.46291500329971313,0.439193993806839,5235.99,2,99.9146,0.0,0.172014,-0.0114865,0.0,HAIRPIN_LEFT,99.85559844970703,0.3471512536544516,43.063488,2,9.0,0.55,18.0,0.09627392,0.031944167,0.0,2,False,0.09627392143011093,0.031944166868925095,0.0,2,0,7.16435,18.2574,34.3983,95.9205,200.0,200.0,167.227,130.855,113.269,99.8556,89.2891,80.7504,71.2241,62.7723,51.3704,37.742,26.2879,18.623,9.68921
2026-08-04T12:43:28+0200,723,0,14.05,214.581,224.423,36.60649871826172,0.4597809910774231,0.44826599955558777,5235.99,2,99.9146,0.0,0.172813,-0.0114877,0.0,HAIRPIN_LEFT,103.01799774169922,0.347571173480745,43.052315,2,9.0,0.55,18.0,0.095942825,0.031903896,0.0,2,False,0.09594282507896423,0.03190389648079872,0.0,2,0,7.15718,18.1418,33.8984,91.6827,200.0,200.0,176.515,136.42,117.384,103.018,91.7903,82.7753,72.778,63.9612,52.1449,38.1371,26.4607,18.6957,9.6956
2026-08-04T12:43:28+0200,724,0,14.07,214.787,224.629,36.60309982299805,0.4583440124988556,0.45414501428604126,5235.99,2,99.9146,0.0,0.173635,-0.0114813,0.0,HAIRPIN_LEFT,106.39199829101562,0.34855529519938183,43.034924,2,9.0,0.55,18.0,0.095637545,0.031823143,0.0,2,False,0.09563754498958588,0.03182314336299896,0.0,2,0,7.1499,18.0266,33.4133,87.8286,200.0,200.0,186.901,142.484,121.816,106.392,94.4407,84.9093,74.406,65.2004,52.9468,38.5434,26.6379,18.7705,9.70209
2026-08-04T12:43:28+0200,725,0,14.09,214.992,224.835,36.599998474121094,0.45758500695228577,0.4577670097351074,5235.99,2,99.9146,0.0,0.174428,-0.0114697,0.0,HAIRPIN_LEFT,110.00700378417969,0.3481266639644775,43.031563,2,9.0,0.55,18.0,0.09535759,0.03182515,0.0,2,False,0.09535758942365646,0.03182515129446983,0.0,2,0,7.14291,17.9126,32.943,84.3013,200.0,200.0,194.575,149.133,126.611,110.007,97.2594,87.1652,76.1154,66.4942,53.7778,38.9611,26.8192,18.847,9.7083
2026-08-04T12:43:28+0200,726,0,14.11,215.198,225.04,36.5974006652832,0.4543420076370239,0.458638995885849,5235.99,2,99.9146,0.0,0.175246,-0.0114449,0.0,HAIRPIN_LEFT,113.87200164794922,0.34527760644282124,43.05253,2,9.0,0.55,18.0,0.09510416,0.031972487,0.0,2,False,0.0951041579246521,0.031972486525774,0.0,2,0,7.1358,17.7991,32.4871,81.0729,200.0,200.0,197.202,156.419,131.792,113.872,100.248,89.5428,77.9052,67.8412,54.6368,39.3897,27.0044,18.9254,9.71461
2026-08-04T12:43:28+0200,727,0,14.13,215.404,225.246,36.59489822387695,0.4528850018978119,0.45739999413490295,5235.99,2,99.9146,0.0,0.176041,-0.0114081,0.0,HAIRPIN_LEFT,118.01799774169922,0.34228027063174526,43.074768,2,9.0,0.55,18.0,0.09488269,0.032126106,0.0,2,False,0.09488268941640854,0.032126106321811676,0.0,2,0,7.12899,17.6872,32.0458,78.1037,200.0,200.0,199.043,164.45,137.412,118.018,103.428,92.0543,79.7823,69.245,55.525,39.8291,27.1932,19.0051,9.72089
2026-08-04T12:43:28+0200,728,0,14.15,215.61,225.452,36.592498779296875,0.44989800453186035,0.4283289909362793,5235.99,2,99.9146,0.0,0.176848,-0.0113747,0.0,HAIRPIN_LEFT,122.50399780273438,0.3391199831937058,43.09826,2,9.0,0.55,18.0,0.09467712,0.03228691,0.0,2,False,0.09467712044715881,0.032286908477544785,0.0,2,0,7.12204,17.5749,31.6139,75.3447,200.0,200.0,200.0,173.398,143.569,122.504,106.837,94.7289,81.7663,70.7196,56.4507,40.2834,27.3878,19.0875,9.72801
2026-08-04T12:43:28+0200,729,0,14.17,215.816,225.658,36.59170150756836,0.4456999897956848,0.3538540005683899,5235.99,2,99.9146,0.0,0.177644,-0.0113596,0.0,HAIRPIN_LEFT,127.41000366210938,0.3358238767435896,43.12266,2,9.0,0.55,18.0,0.09446422,0.03244563,0.0,2,False,0.09446422010660172,0.03244562819600105,0.0,2,0,7.11505,17.4619,31.189,72.757,200.0,200.0,200.0,183.507,150.392,127.41,110.528,97.6029,83.8812,72.281,57.4228,40.7564,27.5893,19.173,9.73594
2026-08-04T12:43:28+0200,730,0,14.19,216.021,225.864,36.590599060058594,0.4428200125694275,0.30602899193763733,5235.99,2,99.9146,0.0,0.178432,-0.011324,0.0,HAIRPIN_LEFT,132.697998046875,0.33194568819736847,43.1529,2,9.0,0.55,18.0,0.09426817,0.032641497,0.0,2,False,0.09426817297935486,0.03264149650931358,0.0,2,0,7.1083,17.3506,30.7782,70.3655,200.0,200.0,200.0,192.657,157.856,132.698,114.464,100.643,86.099,73.9068,58.4258,41.2399,27.794,19.2596,9.74437
2026-08-04T12:43:28+0200,731,0,14.21,216.227,226.069,36.589599609375,0.4429300129413605,0.2754819989204407,5235.99,2,99.9146,0.0,0.179228,-0.0112714,0.0,HAIRPIN_LEFT,138.42300415039062,0.3249803861494048,43.215256,2,9.0,0.55,18.0,0.094099134,0.033032566,0.0,2,False,0.09409913420677185,0.03303256630897522,0.0,2,0,7.1016,17.2403,30.3798,68.1444,200.0,200.0,200.0,195.614,166.067,138.423,118.677,103.868,88.4313,75.6036,59.4632,41.7352,28.0028,19.348,9.75345
2026-08-04T12:43:28+0200,732,0,14.23,216.433,226.275,36.5890007019043,0.4425930082798004,0.24021799862384796,5235.99,2,99.9146,0.0,0.180004,-0.0112059,0.0,HAIRPIN_LEFT,144.65699768066406,0.31752515963416666,43.282566,2,9.0,0.55,18.0,0.09396281,0.033453133,0.0,2,False,0.09396281093358994,0.03345313295722008,0.0,2,0,7.09517,17.1312,29.9928,66.0715,200.0,200.0,200.0,197.558,175.165,144.657,123.207,107.305,90.8919,77.3799,60.5386,42.2435,28.2155,19.438,9.76298
2026-08-04T12:43:28+0200,733,0,14.25,216.639,226.481,36.58890151977539,0.4415079951286316,0.18766500055789948,5235.99,2,99.9146,0.0,0.180801,-0.0111207,0.0,HAIRPIN_LEFT,151.43800354003906,0.3099395619717577,43.35097,2,9.0,0.55,18.0,0.09386481,0.033879153,0.0,2,False,0.0938648134469986,0.033879153430461884,0.0,2,0,7.08829,17.023,29.6172,64.1386,200.0,200.0,200.0,199.081,185.254,151.438,128.07,110.957,93.4812,79.2338,61.6501,42.764,28.4322,19.5297,9.77327
2026-08-04T12:43:28+0200,734,0,14.27,216.845,226.687,36.589500427246094,0.4416710138320923,0.14365899562835693,5235.99,2,99.9146,0.0,0.181572,-0.011026,0.0,HAIRPIN_LEFT,158.88499450683594,0.3001500260903071,43.442772,2,9.0,0.55,18.0,0.09380408,0.034447253,0.0,2,False,0.09380407631397247,0.03444725275039673,0.0,2,0,7.08107,16.9159,29.2514,62.3228,200.0,200.0,200.0,200.0,192.68,158.885,133.333,114.868,96.224,81.1806,62.805,43.2988,28.6533,19.623,9.78402
2026-08-04T12:43:28+0200,735,0,14.29,217.05,226.893,36.59040069580078,0.4429340064525604,0.11600799858570099,5235.99,2,99.9146,0.0,0.18236,-0.0109379,0.0,HAIRPIN_LEFT,167.1529998779297,0.28052885248935655,43.636597,2,9.0,0.55,18.0,0.093758814,0.03565436,0.0,2,False,0.09375881403684616,0.03565435856580734,0.0,2,0,7.073,16.8081,28.8913,60.6012,179.679,200.0,200.0,200.0,195.269,167.153,139.083,119.092,99.1536,83.2414,64.0146,43.8534,28.8814,19.7194,9.7957
2026-08-04T12:43:28+0200,736,0,14.31,217.256,227.098,36.592498779296875,0.4447000026702881,0.10668099671602249,5235.99,2,99.9146,0.0,0.183131,-0.0108587,0.0,HAIRPIN_LEFT,176.4010009765625,0.26127635679026767,43.826508,2,9.0,0.55,18.0,0.09371625,0.03684294,0.0,2,False,0.09371624886989594,0.036842938512563705,0.0,2,0,7.06439,16.7002,28.5371,58.9645,165.594,200.0,200.0,200.0,197.099,176.401,145.402,123.678,102.294,85.429,65.2839,44.4288,29.1165,19.8186,9.80811
2026-08-04T12:43:28+0200,737,0,14.33,217.462,227.304,36.59560012817383,0.44624701142311096,0.11025000363588333,5235.99,2,99.9146,0.0,0.183905,-0.010789,0.0,HAIRPIN_LEFT,186.81199645996094,0.2413710721054728,44.022987,2,9.0,0.55,18.0,0.09366517,0.0380809,0.0,2,False,0.09366516768932343,0.03808090090751648,0.0,2,0,7.05503,16.5918,28.188,57.4057,153.523,200.0,200.0,200.0,198.58,186.812,152.378,128.671,105.668,87.7553,66.6177,45.0265,29.3591,19.921,9.82138
2026-08-04T12:43:28+0200,738,0,14.35,217.668,227.51,36.599700927734375,0.44732901453971863,0.12116099894046783,5235.99,2,99.9146,0.0,0.184683,-0.010726,0.0,HAIRPIN_LEFT,192.6269989013672,0.2207722311011785,44.22656,2,9.0,0.55,18.0,0.09360099,0.03937327,0.0,2,False,0.09360098838806152,0.03937327116727829,0.0,2,0,7.04497,16.483,27.8443,55.9205,143.073,200.0,200.0,200.0,199.847,192.627,160.104,134.119,109.298,90.2302,68.0187,45.6469,29.6092,20.0264,9.83549
2026-08-04T12:43:28+0200,739,0,14.37,217.874,227.716,36.604698181152344,0.4479829967021942,0.13542400300502777,5235.99,2,99.9146,0.0,0.185446,-0.0106646,0.0,HAIRPIN_LEFT,194.98899841308594,0.1988961914578246,44.443573,2,9.0,0.55,18.0,0.093528144,0.04076376,0.0,2,False,0.0935281440615654,0.04076376184821129,0.0,2,0,7.0344,16.3745,27.507,54.5071,133.95,200.0,200.0,200.0,200.0,194.989,168.692,140.075,113.204,92.862,69.4883,46.2891,29.8661,20.1345,9.85031
2026-08-04T12:43:28+0200,740,0,14.39,218.08,227.922,36.61140060424805,0.44827699661254883,0.14947199821472168,5235.99,2,99.9146,0.0,0.186231,-0.0106057,0.0,MEDIUM_LEFT,196.72999572753906,0.17612581795790044,85.61729,4,7.0,0.55,18.0,0.09580703,0.43788317,0.0,2,False,0.0958070307970047,0.4378831684589386,0.0,2,0,7.02299,16.2654,27.1749,53.1589,125.918,200.0,200.0,200.0,200.0,196.73,178.286,146.609,117.417,95.6654,71.032,46.9553,30.1308,20.2458,9.8661
2026-08-04T12:43:28+0200,741,0,14.41,218.287,228.129,36.86069869995117,0.4555619955062866,0.16156800091266632,5235.99,2,99.9145,0.0,0.187009,-0.0104636,0.0,MEDIUM_LEFT,198.1060028076172,0.15332527716839542,86.03887,4,7.0,0.55,18.0,0.09721263,0.44033173,0.0,2,False,0.09721262753009796,0.44033172726631165,0.0,2,0,7.01164,16.1606,26.86,51.9151,119.014,200.0,200.0,200.0,200.0,198.106,188.563,153.558,121.817,98.5532,72.5982,47.6214,30.3931,20.3558,9.88189
2026-08-04T12:43:28+0200,742,0,14.43,218.495,228.337,37.13999938964844,0.4656290113925934,0.17331400513648987,5235.99,2,99.9144,0.0,0.187781,-0.0102214,0.0,MEDIUM_LEFT,199.24400329589844,0.13593554439415687,86.353485,4,7.0,0.55,18.0,0.09811896,0.4422211,0.0,2,False,0.09811896085739136,0.44222110509872437,0.0,2,0,7.00041,16.0602,26.5624,50.769,113.042,200.0,200.0,200.0,200.0,199.244,192.324,160.926,126.392,101.515,74.1797,48.2845,30.652,20.4639,9.89757
2026-08-04T12:43:28+0200,743,0,14.45,218.705,228.547,37.4202995300293,0.4734860062599182,0.18291400372982025,5235.99,2,99.9143,0.0,0.188566,-0.00997061,0.0,EXIT,200.0,0.11931804245641142,113.02568,4,5.0,0.35,18.0,0.077297345,0.75165075,0.0,2,False,0.07729734480381012,0.7516507506370544,0.0,2,0,6.98844,15.9591,26.2679,49.6643,107.616,200.0,200.0,200.0,200.0,200.0,194.402,169.092,131.361,104.684,75.8459,48.9736,30.9189,20.5753,9.91416
2026-08-04T12:43:28+0200,744,0,14.47,218.917,228.759,37.865699768066406,0.4206080138683319,0.18906700611114502,5235.99,2,99.9142,0.0,0.189313,-0.00945801,0.0038525537,EXIT,200.0,0.10445208403166854,113.360916,4,5.0,0.35,18.0,0.06388745,0.7641052,0.0,2,False,0.06388744711875916,0.7641052007675171,0.0,2,0,6.97799,15.8706,26.0119,48.7225,103.211,200.0,200.0,200.0,200.0,200.0,195.805,177.098,136.128,107.679,77.3944,49.604,31.1606,20.6754,9.92891
2026-08-04T12:43:28+0200,745,0,14.49,219.131,228.974,38.36750030517578,0.36334800720214844,0.19224299490451813,5235.99,2,99.914,0.0,0.189987,-0.00862306,0.0035868105,EXIT,200.0,0.09165670307455709,113.641,4,5.0,0.35,18.0,0.055475418,0.7745599,0.0,2,False,0.05547541752457619,0.7745599150657654,0.0,2,0,6.96973,15.7975,25.8005,47.9542,99.7519,200.0,200.0,200.0,200.0,200.0,196.785,184.523,140.458,110.359,78.7585,50.1507,31.3675,20.7603,9.94097
2026-08-04T12:43:28+0200,746,0,14.51,219.349,229.191,38.86940002441406,0.3143880069255829,0.18132199347019196,5235.99,2,99.9139,0.0,0.190584,-0.00751656,0.005677387,EXIT,200.0,0.08186183335202558,113.846115,4,5.0,0.35,18.0,0.05047362,0.7802231,0.0,2,False,0.050473619252443314,0.7802230715751648,0.0,2,0,6.96327,15.7369,25.6247,47.3206,96.9829,200.0,200.0,200.0,200.0,200.0,197.499,189.326,144.381,112.756,79.9605,50.6256,31.5451,20.8324,9.95079
2026-08-04T12:43:28+0200,747,0,14.53,219.569,229.411,39.356300354003906,0.2782289981842041,0.08210939913988113,5235.99,2,99.9137,0.0,0.191104,-0.00624436,0.016517926,EXIT,200.0,0.0747019302935426,113.98616,4,5.0,0.35,18.0,0.047793373,0.7781596,0.0,2,False,0.047793373465538025,0.7781596183776855,0.0,2,0,6.9578,15.6833,25.4692,46.7645,94.6142,200.0,200.0,200.0,200.0,200.0,198.064,191.072,148.122,115.013,81.0783,51.0617,31.7067,20.8974,9.95938
2026-08-04T12:43:29+0200,748,0,14.55,219.792,229.635,39.878501892089844,0.2540780007839203,0.009405969642102718,5235.99,2,99.9135,0.0,0.191555,-0.00490123,0.0116788475,EXIT,200.0,0.06117096938577149,114.28451,4,5.0,0.35,18.0,0.04666527,0.78561985,0.0,2,False,0.04666526988148689,0.785619854927063,0.0,2,0,6.9525,15.6317,25.3203,46.2378,92.4257,185.095,200.0,200.0,200.0,200.0,198.559,192.278,151.946,117.295,82.1945,51.4927,31.8653,20.9611,9.96778
2026-08-04T12:43:29+0200,749,0,14.57,220.019,229.861,40.39870071411133,0.24018099904060364,-0.04146309942007065,5235.99,2,99.9133,0.0,0.191934,-0.00348949,0.009418927,GENTLE_LEFT,200.0,0.050997175966221726,124.04038,5,5.5,0.55,18.0,0.06943491,0.70007634,0.0,2,False,0.06943491101264954,0.7000763416290283,0.0,2,0,6.94738,15.582,25.1773,45.7374,90.3945,177.031,200.0,200.0,200.0,200.0,198.996,193.219,155.863,119.603,83.3107,51.9192,32.0212,21.0234,9.97597
2026-08-04T12:43:29+0200,750,0,14.59,220.248,230.09,40.87730026245117,0.286408007144928,-0.08806460350751877,5235.99,2,99.9131,0.0,0.192284,-0.00231421,0.0,STRAIGHT,200.0,0.03873160542226042,162.58897,6,4.5,0.0,18.0,0.021915294,0.89271474,0.0,2,False,0.021915294229984283,0.8927147388458252,0.0,2,0,6.93981,15.5186,24.9999,45.1317,88.0129,168.046,200.0,200.0,200.0,200.0,199.535,194.228,160.964,122.574,84.7309,52.4582,32.2184,21.103,9.98732
2026-08-04T12:43:29+0200,751,0,14.61,220.479,230.322,41.42210006713867,0.1998720020055771,-0.13049699366092682,5235.99,2,99.9129,0.0,0.192566,-0.0007236,0.017569687,STRAIGHT,200.0,0.03004483587861699,162.83795,6,4.5,0.0,18.0,-0.008106422,0.91236573,0.0,2,False,-0.008106421679258347,0.912365734577179,0.0,2,0,6.93481,15.4734,24.8725,44.6981,86.3393,161.985,200.0,200.0,200.0,200.0,199.849,194.826,164.95,124.862,85.8086,52.8614,32.3642,21.1611,9.9952
2026-08-04T12:43:29+0200,752,0,14.63,220.714,230.557,42.019100189208984,0.08633720129728317,-0.15563100576400757,5235.99,2,99.9127,0.0,0.19266,0.00172746,0.018594261,STRAIGHT,200.0,0.028528137776520596,162.82886,6,4.5,0.0,18.0,-0.026292827,0.9209504,0.0,2,False,-0.0262928269803524,0.9209504127502441,0.0,2,0,6.93647,15.4688,24.8518,44.6115,85.9739,160.631,200.0,200.0,200.0,200.0,199.752,194.8,165.914,125.402,86.0535,52.9465,32.3911,21.1695,9.99433
2026-08-04T12:43:29+0200,753,0,14.65,220.953,230.795,42.624000549316406,-0.01216609962284565,-0.16212399303913116,5235.99,2,99.9124,0.0,0.192552,0.00486666,0.01825199,STRAIGHT,200.0,0.03262914573279634,162.62152,6,4.5,0.0,18.0,-0.036418006,0.9092321,0.0,2,False,-0.03641800582408905,0.9092320799827576,0.0,2,0,6.94363,15.4967,24.9155,44.7966,86.615,162.794,200.0,200.0,200.0,200.0,199.339,194.311,164.391,124.518,85.6253,52.7762,32.3228,21.1379,9.9863
2026-08-04T12:43:29+0200,754,0,14.67,221.195,231.037,43.225101470947266,-0.08654879778623581,-0.15538300573825836,5251.38,2,99.9122,0.0,0.192228,0.00846428,0.016073743,STRAIGHT,200.0,0.04044296315624565,162.28488,6,4.5,0.55,18.0,0.02081605,0.90122366,0.0,2,False,0.020816050469875336,0.9012236595153809,0.0,2,0,6.95476,15.5466,25.0361,45.1642,87.9406,167.428,200.0,200.0,200.0,200.0,198.714,193.5,161.34,122.745,84.771,52.4417,32.1922,21.0799,9.97329
2026-08-04T12:43:29+0200,755,0,14.69,221.44,231.282,43.82170104980469,0.012251299805939198,-0.1415800005197525,5323.66,2,99.912,0.0,0.191793,0.0114987,0.015960855,GENTLE_LEFT,200.0,0.04307738700467207,123.98437,5,5.5,0.55,18.0,0.060671754,0.70989126,0.0,2,False,0.06067175418138504,0.7098912596702576,0.0,2,0,6.9616,15.5682,25.081,45.283,88.3282,168.72,200.0,200.0,200.0,200.0,198.378,193.123,160.534,122.263,84.5273,52.3383,32.1472,21.0572,9.9661
2026-08-04T12:43:29+0200,756,0,14.71,221.689,231.531,44.33110046386719,0.1578100025653839,-0.1264829933643341,5294.57,2,99.9118,0.0,0.191368,0.0133936,0.0,STRAIGHT,200.0,0.035465777587155065,162.35431,6,4.5,0.0,18.0,0.024820145,0.89737093,0.0,2,False,0.024820145219564438,0.8973709344863892,0.0,2,0,6.95896,15.5316,24.9729,44.9041,86.8405,163.278,200.0,200.0,200.0,200.0,198.616,193.613,164.06,124.283,85.475,52.6893,32.2717,21.1053,9.97133
2026-08-04T12:43:29+0200,757,0,14.73,221.937,231.779,44.883399963378906,0.134784996509552,-0.11555200070142746,5472.58,2,99.9116,0.0,0.190956,0.0128849,0.019321406,STRAIGHT,200.0,0.027190692716092306,162.59334,6,4.5,0.0,18.0,0.0014033318,0.9080146,0.0,2,False,0.0014033317565917969,0.9080145955085754,0.0,2,0,6.95516,15.4911,24.8565,44.5057,85.3159,157.896,200.0,200.0,200.0,200.0,198.861,194.088,167.966,126.5,86.5061,53.0698,32.4073,21.1585,9.97786
2026-08-04T12:43:29+0200,758,0,14.75,222.188,232.031,45.50230026245117,0.06580819934606552,-0.10745599865913391,5573.87,2,99.9114,0.0,0.190502,0.0124615,0.024408674,STRAIGHT,200.0,0.024082112289149363,162.64236,6,4.5,0.0,18.0,-0.013873363,0.9195503,0.0,2,False,-0.01387336291372776,0.9195502996444702,0.0,2,0,6.95604,15.4799,24.8177,44.3595,84.7343,155.839,200.0,200.0,200.0,200.0,198.811,194.13,169.589,127.405,86.9171,53.2155,32.4558,21.1754,9.97818
2026-08-04T12:43:29+0200,759,0,14.77,222.443,232.285,46.14400100708008,0.0012994400458410382,-0.10225900262594223,5675.78,2,99.9111,0.0,0.189983,0.0125896,0.02877483,STRAIGHT,200.0,0.0256912800811379,162.52226,6,4.5,0.0,18.0,-0.023573074,0.90865636,0.0,2,False,-0.023573074489831924,0.9086563587188721,0.0,2,0,6.96141,15.4958,24.8495,44.4396,84.9781,156.582,200.0,200.0,200.0,200.0,198.503,193.807,169.001,127.06,86.7445,53.142,32.4232,21.1587,9.97258
2026-08-04T12:43:29+0200,760,0,14.79,222.702,232.544,46.79859924316406,-0.05061250180006027,-0.10009100288152695,5760.68,2,99.9109,0.0,0.1894,0.0131201,0.029718056,STRAIGHT,200.0,0.030763464020057946,162.2786,6,4.5,0.0,18.0,-0.029438581,0.8998002,0.0,2,False,-0.029438581317663193,0.899800181388855,0.0,2,0,6.97021,15.5319,24.9338,44.687,85.8342,159.418,200.0,200.0,200.0,200.0,198.004,193.215,166.825,125.812,86.1486,52.909,32.3314,21.117,9.96255
2026-08-04T12:43:29+0200,761,0,14.81,222.963,232.806,47.45859909057617,-0.08613070100545883,-0.10075300186872482,5843.27,2,99.9106,0.0,0.188756,0.0139081,0.030030264,STRAIGHT,200.0,0.03810770816714874,161.95436,6,4.5,0.0,18.0,-0.032677054,0.89316523,0.0,2,False,-0.0326770544052124,0.8931652307510376,0.0,2,0,6.98141,15.5815,25.0529,45.0468,87.1121,163.773,200.0,200.0,200.0,200.0,197.376,192.432,163.722,124.023,85.2934,52.5759,32.2017,21.0594,9.94951
2026-08-04T12:43:29+0200,762,0,14.83,223.229,233.071,48.09280014038086,-0.11084599792957306,-0.1413480043411255,5987.0,2,99.9103,0.0,0.188018,0.0148646,0.040405884,GENTLE_LEFT,200.0,0.0470355335619166,123.55932,5,5.5,0.55,18.248928,0.02701135,0.6871225,0.0,2,False,0.02701134979724884,0.6871225237846375,0.0,2,0,6.99463,15.6412,25.1973,45.488,88.7073,169.37,200.0,200.0,200.0,200.0,196.653,191.493,160.109,121.922,84.28,52.1789,32.0468,20.9906,9.93411
2026-08-04T12:43:29+0200,763,0,14.85,223.498,233.34,48.68769836425781,0.015007699839770794,-0.20152199268341064,5890.44,2,99.91,0.0,0.187305,0.0151017,0.012625424,GENTLE_LEFT,200.0,0.049739370515340185,123.442924,5,5.5,0.55,18.526976,0.065846704,0.7042475,0.0,2,False,0.06584670394659042,0.7042474746704102,0.0,2,0,7.00249,15.6663,25.2498,45.6284,89.1696,170.928,200.0,200.0,200.0,200.0,196.273,191.064,159.166,121.358,83.9948,52.0581,31.9943,20.9642,9.92586
2026-08-04T12:43:29+0200,764,0,14.87,223.77,233.612,49.21590042114258,0.16043700277805328,-0.24451899528503418,5937.22,2,99.9098,0.0,0.186734,0.0139896,0.008862047,STRAIGHT,200.0,0.04064111045174516,161.69727,6,4.5,0.55,18.633509,0.08874852,0.8830143,0.0,2,False,0.0887485221028328,0.8830143213272095,0.0,2,0,6.99939,15.6242,25.1256,45.1929,87.4565,164.633,200.0,200.0,200.0,200.0,196.546,191.616,163.139,123.637,85.0658,52.4553,32.1354,21.0188,9.93181
2026-08-04T12:43:29+0200,765,0,14.89,224.045,233.888,49.8114013671875,0.2749960124492645,-0.2726829946041107,6168.36,2,99.9095,0.0,0.186351,0.0118131,0.035311144,STRAIGHT,200.0,0.022557915521699674,162.27899,6,4.5,0.0,18.654432,0.04372911,0.8553339,0.0,2,False,0.043729111552238464,0.8553339242935181,0.0,2,0,6.98707,15.5288,24.8642,44.3261,84.2178,153.448,200.0,200.0,200.0,200.0,197.278,192.778,171.637,128.444,87.3005,53.285,32.4358,21.1399,9.94968
2026-08-04T12:43:29+0200,766,0,14.91,224.324,234.166,50.4818000793457,0.21287000179290771,-0.28831401467323303,6258.35,2,99.9092,0.0,0.186067,0.00968426,0.037174996,STRAIGHT,200.0,0.00509051251808562,162.8304,6,4.5,0.0,18.709003,0.013533279,0.88563854,0.0,2,False,0.013533279299736023,0.8856385350227356,0.0,2,0,6.97432,15.4351,24.6113,43.5058,81.2678,143.879,200.0,200.0,200.0,200.0,197.926,193.756,180.873,133.535,89.6117,54.1272,32.738,21.2614,9.96805
2026-08-04T12:43:29+0200,767,0,14.93,224.607,234.449,51.179100036621094,0.11849299818277359,-0.29266101121902466,6377.49,2,99.9089,0.0,0.185778,0.00845718,0.042631704,STRAIGHT,200.0,-0.0034691664182026727,162.83559,6,4.5,0.0,18.965559,-0.0065719187,0.90066534,0.0,2,False,-0.006571918725967407,0.9006653428077698,0.0,2,0,6.96808,15.384,24.4717,43.0536,79.6727,138.911,200.0,200.0,200.0,200.0,198.156,194.152,184.294,136.645,90.9915,54.6194,32.9114,21.33,9.97763
2026-08-04T12:43:29+0200,768,0,14.95,224.893,234.735,51.90330123901367,0.03490959852933884,-0.2883110046386719,6498.79,2,99.9086,0.0,0.185451,0.00808561,0.047796518,STRAIGHT,200.0,-0.005360338249193685,162.70511,6,4.5,0.0,19.281729,-0.019682754,0.90086645,0.0,2,False,-0.019682753831148148,0.9008664488792419,0.0,2,0,6.96825,15.3731,24.437,42.9312,79.2256,137.515,200.0,200.0,200.0,200.0,198.025,194.074,184.679,137.588,91.3994,54.7592,32.9576,21.3465,9.97853
2026-08-04T12:43:29+0200,769,0,14.97,225.184,235.026,52.64670181274414,-0.025710899382829666,-0.279105007648468,6611.77,2,99.9082,0.0,0.185053,0.00836796,0.051093653,STRAIGHT,200.0,-0.0029178694593364634,162.7036,6,4.5,0.0,19.558464,-0.027910763,0.8909337,0.0,2,False,-0.027910763397812843,0.8909336924552917,0.0,2,0,6.97365,15.3936,24.4828,43.0583,79.628,138.683,200.0,200.0,200.0,200.0,197.626,193.651,184.025,136.795,91.0394,54.6231,32.9045,21.3223,9.97241
2026-08-04T12:43:29+0200,770,0,14.99,225.479,235.321,53.400001525878906,-0.06553179770708084,-0.26929399371147156,6714.34,2,99.9078,0.0,0.184579,0.0091055,0.05243891,STRAIGHT,200.0,0.0027079874920910305,162.62015,6,4.5,0.0,19.86977,-0.032729127,0.8841562,0.0,2,False,-0.0327291265130043,0.8841562271118164,0.0,2,0,6.98295,15.4365,24.586,43.3632,80.6411,141.727,200.0,200.0,200.0,200.0,197.036,192.979,182.438,134.83,90.1543,54.2962,32.7821,21.2694,9.9612
2026-08-04T12:43:29+0200,771,0,15.01,225.778,235.62,54.15719985961914,-0.08995860069990158,-0.2619999945163727,6821.82,2,99.9074,0.0,0.184025,0.0101514,0.054313626,STRAIGHT,199.6280059814453,0.011582142482632962,162.23059,6,4.5,0.0,20.30044,-0.035169642,0.8767536,0.0,3,False,-0.03516964241862297,0.8767536282539368,0.0,3,0,6.99515,15.4955,24.7301,43.7961,82.1089,146.252,200.0,200.0,200.0,199.628,196.308,192.123,178.445,132.149,88.9359,53.8443,32.6132,21.1969,9.94633
2026-08-04T12:43:29+0200,772,0,15.03,226.08,235.922,54.48540115356445,-0.11998900026082993,-0.26093700528144836,5394.18,3,99.9074,0.0,0.183392,0.0113271,0.0,STRAIGHT,198.91200256347656,0.02211626316989153,161.82785,6,4.5,0.0,20.578358,-0.036054302,0.9089186,0.0,3,False,-0.036054302006959915,0.9089186191558838,0.0,3,0,7.00899,15.5625,24.8942,44.293,83.8224,151.69,200.0,200.0,200.0,198.912,195.509,191.164,173.237,129.255,87.6032,53.3444,32.425,21.1159,9.92958
2026-08-04T12:43:29+0200,773,0,15.05,226.382,236.225,54.459598541259766,-0.14826799929141998,-0.2724429965019226,5409.08,3,99.9074,0.0,0.182681,0.0125436,0.0,STRAIGHT,198.17300415039062,0.03309726354906833,161.4473,6,4.5,0.0,20.714907,-0.035949953,0.9050015,0.0,3,False,-0.0359499529004097,0.9050015211105347,0.0,3,0,7.02384,15.6334,25.0678,44.8215,85.6755,157.76,200.0,200.0,200.0,198.173,194.677,190.143,168.147,126.383,86.2602,52.8338,32.2308,21.0315,9.91183
2026-08-04T12:43:29+0200,774,0,15.07,226.685,236.527,54.44839859008789,-0.1631229966878891,-0.28447800874710083,5235.99,3,99.9074,0.0,0.181876,0.0138246,0.0,GENTLE_LEFT,197.3979949951172,0.04478392587383013,123.149124,5,5.5,0.55,20.86674,0.022997506,0.7032472,0.0,3,False,0.022997505962848663,0.7032471895217896,0.0,3,0,7.04001,15.7097,25.2547,45.3939,87.7199,164.7,200.0,200.0,200.0,197.398,193.797,189.036,163.087,123.485,84.8842,52.3036,32.0271,20.9424,9.89273
2026-08-04T12:43:29+0200,775,0,15.09,226.988,236.83,54.71440124511719,-0.009830519556999207,-0.2878359854221344,5235.99,3,99.9072,0.0,0.181089,0.0141347,0.0,GENTLE_LEFT,196.97900390625,0.048156519208876425,123.041534,5,5.5,0.55,21.023024,0.061508127,0.70951706,0.0,3,False,0.06150812655687332,0.7095170617103577,0.0,3,0,7.04902,15.7396,25.3186,45.5675,88.2927,166.591,200.0,200.0,199.976,196.979,193.355,188.542,161.825,122.741,84.5152,52.1506,31.9622,20.9104,9.88317
2026-08-04T12:43:29+0200,776,0,15.11,227.293,237.135,55.070098876953125,0.1575939953327179,-0.28081199526786804,5235.99,3,99.9071,0.0,0.18048,0.0129257,0.0,STRAIGHT,197.1199951171875,0.03839697594607227,161.21407,6,4.5,0.0,21.037788,0.0279691,0.88768053,0.0,3,False,0.027969099581241608,0.8876805305480957,0.0,3,0,7.04551,15.6936,25.1835,45.0987,86.4826,160.153,200.0,200.0,200.0,197.12,193.61,189.042,166.329,125.297,85.703,52.5872,32.1165,20.97,9.8897
2026-08-04T12:43:29+0200,777,0,15.13,227.6,237.442,55.49480056762695,0.13520899415016174,-0.2719390094280243,5260.69,3,99.9068,0.0,0.179985,0.0115684,0.0,STRAIGHT,197.30099487304688,0.027427203777898874,161.56233,6,4.5,0.0,21.063608,0.005597748,0.91094816,0.0,3,False,0.00559774786233902,0.9109481573104858,0.0,3,0,7.03997,15.6388,25.0281,44.5744,84.5204,153.468,200.0,200.0,200.0,197.301,193.907,189.574,171.729,128.321,87.0926,53.0954,32.2969,21.0408,9.89866
2026-08-04T12:43:29+0200,778,0,15.15,227.91,237.752,55.9630012512207,0.07249610126018524,-0.2621900141239166,5308.94,3,99.9066,0.0,0.179492,0.0108773,0.0,STRAIGHT,197.23500061035156,0.022161914197626306,161.70384,6,4.5,0.0,21.185411,-0.00917558,0.9262252,0.0,3,False,-0.009175579994916916,0.9262251853942871,0.0,3,0,7.03922,15.6156,24.9571,44.3254,83.5807,150.322,200.0,200.0,200.0,197.235,193.899,189.679,174.581,129.892,87.8002,53.3473,32.3831,21.0728,9.90121
2026-08-04T12:43:29+0200,779,0,15.17,228.222,238.065,56.444801330566406,0.01097899954766035,-0.2541159987449646,5356.73,3,99.9064,0.0,0.178959,0.0108035,0.00024360995,STRAIGHT,196.947998046875,0.021988013118825173,161.6641,6,4.5,0.0,21.383648,-0.018695619,0.924133,0.0,3,False,-0.018695618957281113,0.9241330027580261,0.0,3,0,7.04326,15.6223,24.9642,44.3249,83.5305,150.081,200.0,200.0,199.754,196.948,193.625,189.425,174.82,130.009,87.8407,53.3526,32.3791,21.0676,9.89745
2026-08-04T12:43:29+0200,780,0,15.19,228.537,238.38,56.93190002441406,-0.03991840034723282,-0.2500019967556,5401.41,3,99.9062,0.0,0.178363,0.0111818,2.0183565e-05,STRAIGHT,196.50100708007812,0.02555721165503378,161.49184,6,4.5,0.0,21.637402,-0.024568148,0.916835,0.0,3,False,-0.02456814795732498,0.9168350100517273,0.0,3,0,7.05111,15.6515,25.0294,44.5077,84.1299,151.941,200.0,200.0,199.322,196.501,193.155,188.913,173.114,129.047,87.387,53.1752,32.3081,21.0347,9.88879
2026-08-04T12:43:29+0200,781,0,15.21,228.855,238.697,57.418800354003906,-0.07786169648170471,-0.25110799074172974,5446.68,3,99.9059,0.0,0.177697,0.0118623,0.0,STRAIGHT,195.94400024414062,0.03167505515682741,161.23006,6,4.5,0.0,21.928555,-0.027912177,0.9107894,0.0,3,False,-0.02791217714548111,0.9107893705368042,0.0,3,0,7.06173,15.6963,25.1348,44.8174,85.1856,155.319,200.0,200.0,198.794,195.944,192.552,188.219,170.184,127.394,86.6116,52.877,32.1922,20.9828,9.87663
2026-08-04T12:43:29+0200,782,0,15.23,229.176,239.018,57.905399322509766,-0.10328000038862228,-0.25710898637771606,5494.11,3,99.9057,0.0,0.176962,0.0127276,9.7068194e-05,STRAIGHT,195.31500244140625,0.03940317264655342,160.91199,6,4.5,0.0,22.244396,-0.029514097,0.9058529,0.0,3,False,-0.029514096677303314,0.9058529138565063,0.0,3,0,7.07432,15.7515,25.2665,45.2107,86.5527,159.809,200.0,200.0,198.205,195.315,191.86,187.399,166.608,125.362,85.6522,52.5071,32.0489,20.9191,9.86213
2026-08-04T12:43:29+0200,783,0,15.25,229.499,239.341,58.392601013183594,-0.12062600255012512,-0.2670159935951233,5543.38,3,99.9055,0.0,0.176148,0.0137095,0.0006270989,GENTLE_LEFT,194.63499450683594,0.048213319064393634,122.7784,5,5.5,0.55,22.578138,0.026585229,0.7031272,0.0,3,False,0.026585228741168976,0.7031272053718567,0.0,3,0,7.08846,15.8141,25.4167,45.6635,88.1531,165.215,200.0,200.0,197.573,194.635,191.104,186.482,162.727,123.132,84.589,52.0939,31.8881,20.8475,9.84589
2026-08-04T12:43:29+0200,784,0,15.27,229.824,239.667,58.8025016784668,0.010099399834871292,-0.27946099638938904,5519.99,3,99.9052,0.0,0.175348,0.0139098,0.0,GENTLE_LEFT,194.23500061035156,0.05030423325014032,122.69454,5,5.5,0.55,22.782148,0.06314009,0.70491266,0.0,3,False,0.06314008682966232,0.7049126625061035,0.0,3,0,7.0968,15.8391,25.4671,45.792,88.5544,166.49,200.0,199.725,197.18,194.235,190.694,186.047,161.869,122.621,84.3297,51.9823,31.8383,20.8218,9.83728
2026-08-04T12:43:29+0200,785,0,15.29,230.152,239.994,59.17070007324219,0.1603820025920868,-0.2907170057296753,5559.93,3,99.905,0.0,0.174711,0.0127218,0.0,STRAIGHT,194.33799743652344,0.04075301778259309,160.75166,6,4.5,0.55,22.797428,0.08471841,0.8829522,0.0,3,False,0.08471841365098953,0.8829522132873535,0.0,3,0,7.09362,15.7943,25.3349,45.3319,86.7806,160.217,200.0,199.712,197.215,194.338,190.903,186.478,166.312,125.135,85.4944,52.4089,31.9884,20.8794,9.84333
2026-08-04T12:43:29+0200,786,0,15.31,230.482,240.324,59.610801696777344,0.27884501218795776,-0.29779601097106934,5667.91,3,99.9048,0.0,0.174277,0.0104163,0.0020063755,STRAIGHT,194.81399536132812,0.022087307634603443,161.3697,6,4.5,0.0,22.706934,0.043023396,0.8725021,0.0,3,False,0.04302339628338814,0.8725020885467529,0.0,3,0,7.08063,15.6931,25.0584,44.4238,83.4598,149.178,200.0,199.985,197.574,194.814,191.559,187.481,175.807,130.419,87.9132,53.295,32.3064,21.0068,9.86189
2026-08-04T12:43:29+0200,787,0,15.33,230.815,240.657,60.0994987487793,0.22204899787902832,-0.2977609932422638,5709.69,3,99.9046,0.0,0.173986,0.00818187,0.0012318803,STRAIGHT,195.22900390625,0.007459043564535289,161.83733,6,4.5,0.0,22.694708,0.01489136,0.9024563,0.0,3,False,0.014891359955072403,0.9024562835693359,0.0,3,0,7.06702,15.5939,24.7926,43.5721,80.466,139.829,200.0,200.0,197.885,195.229,192.128,188.323,179.761,136.004,90.404,54.1898,32.6246,21.1343,9.88108
2026-08-04T12:43:29+0200,788,0,15.35,231.15,240.992,60.601600646972656,0.13021600246429443,-0.29510799050331116,5768.15,3,99.9043,0.0,0.173717,0.00687897,0.003229898,STRAIGHT,195.3159942626953,-8.89038712537949e-05,162.04713,6,4.5,0.0,22.79456,-0.003958877,0.92068577,0.0,3,False,-0.0039588771760463715,0.9206857681274414,0.0,3,0,7.05997,15.5386,24.6433,43.0959,78.8279,134.918,200.0,200.0,197.913,195.316,192.299,188.635,180.877,139.477,91.9157,54.7213,32.8105,21.2076,9.89151
2026-08-04T12:43:29+0200,789,0,15.37,231.489,241.331,61.12120056152344,0.047665901482105255,-0.2921279966831207,5826.64,3,99.904,0.0,0.173414,0.00643069,0.00490933,STRAIGHT,195.12100219726562,-0.002342316546264769,161.927,6,4.5,0.0,23.04183,-0.01634266,0.92589486,0.0,3,False,-0.016342660412192345,0.9258948564529419,0.0,3,0,7.05935,15.5237,24.5987,42.9454,78.2998,133.342,200.0,199.969,197.696,195.121,192.135,188.523,181.01,140.689,92.4312,54.8968,32.8691,21.2292,9.89333
2026-08-04T12:43:29+0200,790,0,15.39,231.83,241.672,61.65190124511719,-0.01490660011768341,-0.2890309989452362,5881.26,3,99.9037,0.0,0.173056,0.00661719,0.0056623076,STRAIGHT,194.7209930419922,-0.0009837755763438937,161.91553,6,4.5,0.0,23.24689,-0.02419899,0.91810775,0.0,3,False,-0.0241989903151989,0.9181077480316162,0.0,3,0,7.06375,15.539,24.6316,43.0331,78.5646,134.071,200.0,199.574,197.299,194.721,191.73,188.11,180.551,140.124,92.178,54.801,32.8312,21.2115,9.8885
2026-08-04T12:43:29+0200,791,0,15.41,232.174,242.016,62.185699462890625,-0.060242101550102234,-0.2868820130825043,5930.84,3,99.9034,0.0,0.172621,0.00724488,0.005455006,STRAIGHT,194.177001953125,0.003010338893327899,161.78708,6,4.5,0.0,23.50455,-0.028884185,0.91203254,0.0,3,False,-0.02888418547809124,0.9120325446128845,0.0,3,0,7.07197,15.5762,24.7201,43.2898,79.3935,136.455,200.0,199.068,196.776,194.177,191.156,187.485,179.666,138.346,91.3947,54.5164,32.7254,21.1658,9.87871
2026-08-04T12:43:29+0200,792,0,15.43,232.521,242.363,62.719600677490234,-0.09141729772090912,-0.2865830063819885,5981.92,3,99.9031,0.0,0.172106,0.00817049,0.005483433,STRAIGHT,193.531005859375,0.008895224308674708,161.52835,6,4.5,0.0,23.820898,-0.031351835,0.9067778,0.0,3,False,-0.031351834535598755,0.9067777991294861,0.0,3,0,7.08302,15.6289,24.8476,43.6669,80.6343,140.102,200.0,198.482,196.165,193.531,190.462,186.708,178.412,135.816,90.2724,54.1077,32.5741,21.1011,9.86537
2026-08-04T12:43:29+0200,793,0,15.45,232.871,242.713,63.25450134277344,-0.10920900106430054,-0.2884620130062103,6034.35,3,99.9027,0.0,0.171499,0.0092746,0.0057201087,STRAIGHT,192.82000732421875,0.01610881017809635,161.2235,6,4.5,0.0,24.160172,-0.032280456,0.9024722,0.0,3,False,-0.03228045627474785,0.902472198009491,0.0,3,0,7.09618,15.692,25.0012,44.1244,82.1632,144.708,200.0,197.845,195.496,192.82,189.688,185.825,176.763,132.916,88.9686,53.628,32.3955,21.0245,9.84958
2026-08-04T12:43:29+0200,794,0,15.47,233.224,243.066,63.79090118408203,-0.11888299882411957,-0.29225999116897583,6087.31,3,99.9024,0.0,0.170813,0.0104762,0.0060193804,STRAIGHT,192.0659942626953,0.024437171102412038,160.87975,6,4.5,0.0,24.519836,-0.032152984,0.89881116,0.0,3,False,-0.03215298429131508,0.8988111615180969,0.0,3,0,7.11076,15.7618,25.1709,44.634,83.8944,150.075,200.0,197.176,194.79,192.066,188.861,184.868,174.421,129.891,87.5886,53.1139,32.2025,20.9413,9.83222
2026-08-04T12:43:29+0200,795,0,15.49,233.58,243.422,64.32969665527344,-0.12243399769067764,-0.2971850037574768,6141.52,3,99.9021,0.0,0.170051,0.0117256,0.0064831683,STRAIGHT,191.28399658203125,0.034386795830648846,160.47845,6,4.5,0.0,24.909155,-0.031308502,0.8952592,0.0,3,False,-0.031308501958847046,0.8952592015266418,0.0,3,0,7.1264,15.8357,25.3512,45.1783,85.7756,156.092,199.444,196.487,194.062,191.284,187.999,183.854,169.637,126.879,86.1932,52.587,32.0026,20.8545,9.81382
2026-08-04T12:43:29+0200,796,0,15.51,233.939,243.781,64.87139892578125,-0.12073999643325806,-0.3023039996623993,6195.37,3,99.9018,0.0,0.169201,0.0129816,0.006837954,GENTLE_LEFT,190.48800659179688,0.044819427175466324,122.39917,5,5.5,0.55,25.310324,0.023938484,0.6958523,0.0,3,False,0.023938484489917755,0.6958522796630859,0.0,3,0,7.14289,15.9123,25.5373,45.7427,87.7589,162.653,198.789,195.788,193.322,190.488,187.115,182.8,164.525,123.977,84.827,52.0634,31.8018,20.7664,9.79468
2026-08-04T12:43:29+0200,797,0,15.53,234.301,244.143,65.3364028930664,0.013513900339603424,-0.307217001914978,6152.1,3,99.9016,0.0,0.168364,0.0133672,0.0,GENTLE_LEFT,189.99000549316406,0.0481748142952277,122.27691,5,5.5,0.55,25.565481,0.06004685,0.70259887,0.0,3,False,0.06004685163497925,0.7025988698005676,0.0,3,0,7.15291,15.947,25.6126,45.9504,88.4467,164.89,198.326,195.315,192.838,189.99,186.594,182.231,162.935,123.051,84.3742,51.8791,31.7249,20.7293,9.78399
2026-08-04T12:43:30+0200,798,0,15.55,234.665,244.507,65.74610137939453,0.15563300251960754,-0.3122510015964508,6196.83,3,99.9014,0.0,0.16767,0.0122456,0.0,STRAIGHT,190.01800537109375,0.039095585045363784,160.18492,6,4.5,0.0,25.593834,0.029268622,0.88028115,0.0,3,False,0.029268622398376465,0.8802811503410339,0.0,3,0,7.15065,15.9061,25.4901,45.5214,86.7978,159.133,198.205,195.239,192.806,190.018,186.715,182.534,167.193,125.444,85.474,52.2782,31.8638,20.7819,9.78888
2026-08-04T12:43:30+0200,799,0,15.57,235.032,244.874,66.23629760742188,0.12818600237369537,-0.31584200263023376,6327.59,3,99.9011,0.0,0.167094,0.010765,0.0068441373,STRAIGHT,190.15499877929688,0.027459098874014265,160.5501,6,4.5,0.0,25.61392,0.008629059,0.8972657,0.0,3,False,0.008629059419035912,0.8972656726837158,0.0,3,0,7.14477,15.8462,25.3201,44.95,84.6824,152.072,198.157,195.249,192.87,190.155,186.964,182.99,172.62,128.791,86.9982,52.8309,32.0587,20.8579,9.79821
2026-08-04T12:43:30+0200,800,0,15.59,235.401,245.244,66.78939819335938,0.06353329867124557,-0.31815099716186523,6396.39,3,99.9008,0.0,0.166539,0.00981796,0.009664766,STRAIGHT,190.1009979248047,0.021352473873871285,160.71245,6,4.5,0.0,25.751265,-0.005148772,0.9095553,0.0,3,False,-0.005148772150278091,0.9095553159713745,0.0,3,0,7.14262,15.8117,25.2184,44.6024,83.4028,147.913,197.984,195.113,192.769,190.101,186.978,183.126,174.025,131.009,87.9887,53.1824,32.1797,20.9035,9.80264
2026-08-04T12:43:30+0200,801,0,15.61,235.774,245.616,67.36129760742188,0.005838199984282255,-0.32014200091362,6460.88,3,99.9004,0.0,0.165964,0.00949872,0.011315714,STRAIGHT,189.83299255371094,0.01949943795129237,160.72293,6,4.5,0.0,25.966782,-0.014148701,0.9111033,0.0,3,False,-0.01414870098233223,0.9111033082008362,0.0,3,0,7.14522,15.8075,25.196,44.5072,83.0191,146.631,197.669,194.813,192.482,189.833,186.737,182.931,174.172,131.73,88.2986,53.2843,32.21,20.912,9.80088
2026-08-04T12:43:30+0200,802,0,15.63,236.15,245.992,67.94409942626953,-0.03470480069518089,-0.32116198539733887,6518.9,3,99.9001,0.0,0.165349,0.00969422,0.011728047,STRAIGHT,189.39300537109375,0.02090028062759345,160.61794,6,4.5,0.0,26.2418,-0.019780952,0.9043427,0.0,3,False,-0.019780952483415604,0.9043427109718323,0.0,3,0,7.15191,15.8284,25.239,44.6171,83.3502,147.584,197.238,194.379,192.046,189.393,186.292,182.476,173.624,131.178,88.0354,53.1777,32.1647,20.8895,9.79383
2026-08-04T12:43:30+0200,803,0,15.65,236.529,246.372,68.53019714355469,-0.06077510118484497,-0.3220039904117584,6572.19,3,99.8997,0.0,0.164676,0.0102656,0.011310166,STRAIGHT,188.8260040283203,0.024745888063572734,160.42691,6,4.5,0.0,26.560577,-0.023030981,0.8994765,0.0,3,False,-0.023030981421470642,0.8994765281677246,0.0,3,0,7.16186,15.8684,25.3308,44.8801,84.2168,150.232,196.722,193.846,191.499,188.826,185.696,181.827,172.522,129.714,87.3581,52.919,32.0638,20.8439,9.78269
2026-08-04T12:43:30+0200,804,0,15.67,236.912,246.754,69.11650085449219,-0.07409729808568954,-0.32335901260375977,6627.37,3,99.8993,0.0,0.16393,0.011084,0.011154315,STRAIGHT,188.17100524902344,0.03044552788999794,160.17097,6,4.5,0.0,26.912672,-0.024602935,0.8954357,0.0,3,False,-0.02460293471813202,0.8954356908798218,0.0,3,0,7.17425,15.9217,25.4567,45.2498,85.4653,154.145,196.147,193.246,190.876,188.171,184.995,181.041,170.773,127.694,86.4208,52.5622,31.9263,20.7827,9.7686
2026-08-04T12:43:30+0200,805,0,15.69,237.298,247.14,69.70359802246094,-0.08050969988107681,-0.3256480097770691,6684.78,3,99.8989,0.0,0.16312,0.0120581,0.01131733,STRAIGHT,187.45799255371094,0.03819777056051233,159.84262,6,4.5,0.0,27.302843,-0.02500113,0.89164746,0.0,3,False,-0.025001129135489464,0.891647458076477,0.0,3,0,7.18836,15.984,25.6054,45.6927,86.9894,159.053,195.532,192.6,190.201,187.458,184.222,180.158,167.289,125.375,85.3354,52.1467,31.7661,20.7117,9.75251
2026-08-04T12:43:30+0200,806,0,15.71,237.687,247.529,70.29280090332031,-0.07956939935684204,-0.32902801036834717,6744.25,3,99.8985,0.0,0.162236,0.0131145,0.011759264,GENTLE_LEFT,186.70700073242188,0.04710022923185319,121.95057,5,5.5,0.55,27.71662,0.027429612,0.69272095,0.0,3,False,0.0274296123534441,0.6927209496498108,0.0,3,0,7.20375,16.0522,25.7686,46.1822,88.7019,164.73,194.892,191.926,189.495,186.707,183.402,179.206,163.037,122.95,84.1868,51.7027,31.5937,20.6351,9.73507
2026-08-04T12:43:30+0200,807,0,15.73,238.079,247.921,70.80439758300781,0.046369198709726334,-0.3329310119152069,6684.1,3,99.8982,0.0,0.161357,0.0133627,0.0,GENTLE_LEFT,186.22900390625,0.049352291460390246,121.85466,5,5.5,0.55,27.98103,0.061619468,0.6971915,0.0,3,False,0.06161946803331375,0.6971914768218994,0.0,3,0,7.21315,16.0811,25.8279,46.3357,89.1849,166.255,194.431,191.46,189.023,186.229,182.914,178.695,161.974,122.323,83.8727,51.5696,31.5353,20.6052,9.72536
2026-08-04T12:43:30+0200,808,0,15.75,238.473,248.316,71.24559783935547,0.17499500513076782,-0.33962300419807434,6730.74,3,99.8979,0.0,0.160622,0.0121049,0.0,STRAIGHT,186.26499938964844,0.03906494469679048,159.67274,6,4.5,0.0,27.99227,0.031450823,0.8750416,0.0,3,False,0.031450822949409485,0.8750416040420532,0.0,3,0,7.21016,16.034,25.6879,45.8484,87.3196,159.764,194.305,191.384,188.994,186.265,183.048,179.016,166.743,125.001,85.1037,52.0168,31.6913,20.6645,9.73112
2026-08-04T12:43:30+0200,809,0,15.77,238.871,248.713,71.7677001953125,0.13383300602436066,-0.34524300694465637,6885.54,3,99.8975,0.0,0.160014,0.0104379,0.011239533,STRAIGHT,186.42100524902344,0.02724947314785731,160.04083,6,4.5,0.0,28.010931,0.011112032,0.8887952,0.0,3,False,0.01111203245818615,0.8887951970100403,0.0,3,0,7.2031,15.9652,25.4939,45.1999,84.9323,151.854,194.262,191.403,189.072,186.421,183.322,179.502,170.492,128.784,86.822,52.6391,31.9109,20.7504,9.74189
2026-08-04T12:43:30+0200,810,0,15.79,239.271,249.114,72.36160278320312,0.05862779915332794,-0.34813299775123596,6966.08,3,99.8972,0.0,0.159433,0.00929046,0.015067875,STRAIGHT,186.39199829101562,0.020165746117817282,160.23354,6,4.5,0.0,28.144308,-0.0025731605,0.90046823,0.0,3,False,-0.0025731604546308517,0.9004682302474976,0.0,3,0,7.19965,15.9213,25.3673,44.7733,83.3816,146.884,194.097,191.281,188.99,186.392,183.37,179.683,171.583,131.507,88.0346,53.0693,32.0595,20.8071,9.74797
2026-08-04T12:43:30+0200,811,0,15.81,239.675,249.517,72.97740173339844,-0.0034933399874716997,-0.35064300894737244,7038.29,3,99.8968,0.0,0.158839,0.00880015,0.017096028,STRAIGHT,186.1439971923828,0.01733432069603177,160.27405,6,4.5,0.0,28.362946,-0.011601673,0.90494734,0.0,3,False,-0.011601673439145088,0.9049473404884338,0.0,3,0,7.20113,15.9092,25.324,44.612,82.7708,144.919,193.785,190.989,188.717,186.144,183.157,179.53,171.757,132.668,88.5372,53.2396,32.114,20.8252,9.74768
2026-08-04T12:43:30+0200,812,0,15.83,240.082,249.925,73.6072006225586,-0.04265329986810684,-0.35206499695777893,7105.6,3,99.8964,0.0,0.158228,0.00887036,0.018143358,STRAIGHT,185.71400451660156,0.01794154317219946,160.19205,6,4.5,0.0,28.650322,-0.01732041,0.8978828,0.0,3,False,-0.017320409417152405,0.8978828191757202,0.0,3,0,7.20689,15.9241,25.3511,44.672,82.9263,145.317,193.35,190.555,188.285,185.714,182.731,179.108,171.35,132.421,88.4116,53.1831,32.0868,20.8101,9.74186
2026-08-04T12:43:30+0200,813,0,15.85,240.493,250.336,74.24349975585938,-0.060936298221349716,-0.35300299525260925,7163.48,3,99.896,0.0,0.15756,0.00934333,0.017712872,STRAIGHT,185.1529998779297,0.02104476905746892,160.02188,6,4.5,0.0,28.987167,-0.020681117,0.89325154,0.0,3,False,-0.020681116729974747,0.8932515382766724,0.0,3,0,7.21607,15.9593,25.4304,44.894,83.6404,147.438,192.824,190.018,187.737,185.153,182.15,178.493,170.531,131.164,87.8339,52.9624,32.0001,20.7704,9.73173
2026-08-04T12:43:30+0200,814,0,15.87,240.908,250.75,74.88050079345703,-0.06869210302829742,-0.3542200028896332,7222.15,3,99.8955,0.0,0.156834,0.0100988,0.017332053,STRAIGHT,184.4969940185547,0.0259995746939928,159.78683,6,4.5,0.0,29.360111,-0.022363234,0.8895425,0.0,3,False,-0.02236323431134224,0.8895425200462341,0.0,3,0,7.22786,16.0093,25.5475,45.2343,84.7703,150.888,192.234,189.407,187.107,184.497,181.457,177.735,169.361,129.24,86.9506,52.6286,31.8718,20.7132,9.71841
2026-08-04T12:43:30+0200,815,0,15.89,241.326,251.168,75.51840209960938,-0.06547719985246658,-0.3563680052757263,7284.42,3,99.8951,0.0,0.156042,0.0110302,0.017431676,STRAIGHT,183.7779998779297,0.03228088846268144,159.50537,6,4.5,0.0,29.760267,-0.022861155,0.8862191,0.0,3,False,-0.02286115474998951,0.8862190842628479,0.0,3,0,7.24153,16.0693,25.6899,45.6547,86.1927,155.343,191.6,188.746,186.421,183.778,180.688,176.879,167.828,126.953,85.8922,52.227,31.7176,20.645,9.70291
2026-08-04T12:43:30+0200,816,0,15.91,241.747,251.589,76.15769958496094,-0.059172701090574265,-0.3596329987049103,7348.23,3,99.8946,0.0,0.155183,0.0120635,0.017724294,STRAIGHT,183.01699829101562,0.039670216391722295,159.18501,6,4.5,0.0,30.184422,-0.022533277,0.8831723,0.0,3,False,-0.022533277049660683,0.8831722736358643,0.0,3,0,7.25658,16.1359,25.849,46.1283,87.8225,160.589,190.938,188.053,185.699,183.017,179.869,175.954,165.701,124.508,84.7475,51.7888,31.5486,20.5701,9.68591
2026-08-04T12:43:30+0200,817,0,15.93,242.172,252.014,76.79900360107422,-0.050029199570417404,-0.36374199390411377,7414.21,3,99.8942,0.0,0.154254,0.0131559,0.018280873,EXIT,182.22799682617188,0.061803820528371,111.77119,4,5.0,0.35,30.895323,0.009917995,0.59922993,0.0,3,False,0.00991799496114254,0.5992299318313599,0.0,3,0,7.2727,16.2071,26.0195,46.6398,89.6123,193.135,190.257,187.338,184.953,182.228,179.014,174.976,161.761,122.017,83.567,51.332,31.371,20.491,9.66782
2026-08-04T12:43:30+0200,818,0,15.95,242.6,252.442,77.32469940185547,0.03416239842772484,-0.3681820034980774,7274.45,3,99.8939,0.0,0.153299,0.0136766,0.0,EXIT,181.62399291992188,0.06461115402214641,111.66848,4,5.0,0.35,31.186228,0.031326756,0.60089105,0.0,3,False,0.03132675588130951,0.6008910536766052,0.0,3,0,7.2848,16.2511,26.1173,46.9157,90.5448,192.588,189.698,186.766,184.367,181.624,178.382,174.289,159.686,120.81,82.9783,51.0942,31.2731,20.4444,9.65493
2026-08-04T12:43:30+0200,819,0,15.97,243.031,252.873,77.73100280761719,0.1062999963760376,-0.3791170120239258,7312.25,3,99.8935,0.0,0.152401,0.0131869,0.0,EXIT,181.35800170898438,0.06179192665683726,111.71435,4,5.0,0.35,31.31444,0.04500317,0.5861775,0.0,3,False,0.045003168284893036,0.5861775279045105,0.0,3,0,7.28887,16.2442,26.0806,46.7553,89.8579,192.233,189.362,186.451,184.073,181.358,178.16,174.147,161.384,121.755,83.4017,51.2379,31.3164,20.4563,9.65201
2026-08-04T12:43:30+0200,820,0,15.99,243.464,253.306,78.12760162353516,0.15573899447917938,-0.3896070122718811,7347.04,3,99.8932,0.0,0.151613,0.0118398,0.0,STRAIGHT,181.3719940185547,0.0391276464163329,159.02959,6,4.5,0.0,31.050888,0.021951428,0.8798426,0.0,3,False,0.021951427683234215,0.8798425793647766,0.0,3,0,7.28557,16.1931,25.9292,46.2296,87.8537,160.133,189.211,186.351,184.021,181.372,178.271,174.436,165.005,124.623,84.7167,51.7145,31.4823,20.5193,9.65809
2026-08-04T12:43:30+0200,821,0,16.012,243.943,253.786,78.71929931640625,0.0916111022233963,-0.395906001329422,7605.23,3,99.8927,0.0,0.150848,0.0102747,0.0182439,STRAIGHT,181.39700317382812,0.029012458194579573,159.3315,6,4.5,0.0,31.118296,0.0062997323,0.88425845,0.0,3,False,0.006299732252955437,0.8842584490776062,0.0,3,0,7.28048,16.1315,25.7513,45.6268,85.624,152.76,189.055,186.252,183.975,181.397,178.4,174.746,166.698,128.152,86.3111,52.2872,31.6819,20.5959,9.66646
2026-08-04T12:43:30+0200,822,0,16.034,244.427,254.269,79.43299865722656,0.013715099543333054,-0.3980729877948761,7710.8,3,99.8922,0.0,0.150113,0.00926584,0.023752142,STRAIGHT,181.22999572753906,0.02290976398695168,159.47849,6,4.5,0.0,31.318007,-0.0042564515,0.89155585,0.0,3,False,-0.00425645150244236,0.8915558457374573,0.0,3,0,7.27929,16.0967,25.6454,45.2599,84.2719,148.406,188.77,186.004,183.763,181.23,178.299,174.755,167.302,130.511,87.3541,52.6525,31.8053,20.6412,9.66985
2026-08-04T12:43:30+0200,823,0,16.056,244.915,254.757,80.17829895019531,-0.036493800580501556,-0.3985710144042969,7797.22,3,99.8917,0.0,0.149367,0.00888926,0.025853632,STRAIGHT,180.85800170898438,0.020824911976994202,159.4805,6,4.5,0.0,31.610718,-0.011181159,0.8911252,0.0,4,False,-0.011181158944964409,0.8911252021789551,0.0,4,0,7.28289,16.0927,25.6204,45.1497,83.8252,146.927,188.346,185.597,183.37,180.858,177.957,174.46,167.226,131.36,87.7143,52.7687,31.8386,20.6498,9.66715
2026-08-04T12:43:30+0200,824,0,16.078,245.406,255.248,80.46990203857422,-0.0598285011947155,-0.39781901240348816,6332.72,4,99.8917,0.0,0.148597,0.00904429,0.0,STRAIGHT,180.31900024414062,0.022016577102380867,159.4148,6,4.5,0.0,31.763,-0.015514549,0.9038824,0.0,4,False,-0.015514548867940903,0.9038823843002319,0.0,4,0,7.29063,16.1147,25.6631,45.2523,84.1148,147.719,187.805,185.057,182.831,180.319,177.418,173.92,166.675,130.886,87.4836,52.6714,31.7951,20.6269,9.6592
2026-08-04T12:43:30+0200,825,0,16.1,245.897,255.74,80.41449737548828,-0.07125639915466309,-0.4093230068683624,6348.68,4,99.8917,0.0,0.14778,0.00961751,0.0,STRAIGHT,179.64999389648438,0.02582686107191857,159.29358,6,4.5,0.0,31.809942,-0.017978055,0.9002045,0.0,4,False,-0.017978055402636528,0.9002044796943665,0.0,4,0,7.30189,16.1579,25.7605,45.5253,84.9963,150.351,187.177,184.415,182.177,179.65,176.726,173.191,165.749,129.387,86.7918,52.4063,31.6907,20.579,9.64691
2026-08-04T12:43:30+0200,826,0,16.122,246.388,256.231,80.38390350341797,-0.07103119790554047,-0.422868013381958,5980.87,4,99.8917,0.0,0.1469,0.0104687,0.0,STRAIGHT,178.89300537109375,0.03149669209015884,159.10463,6,4.5,0.0,31.905056,-0.01907933,0.89718115,0.0,4,False,-0.019079329445958138,0.8971811532974243,0.0,4,0,7.31578,16.216,25.8959,45.9182,86.303,154.368,186.488,183.705,181.447,178.893,175.931,172.33,164.52,127.255,85.8076,52.032,31.5458,20.514,9.63147
2026-08-04T12:43:30+0200,827,0,16.144,246.881,256.723,80.70590209960938,-0.06486319750547409,-0.4252470135688782,6195.45,4,99.8913,0.0,0.145934,0.0114485,0.0,STRAIGHT,178.09100341796875,0.03820996255870069,158.84245,6,4.5,0.0,32.18222,-0.019195298,0.89441246,0.0,4,False,-0.019195297732949257,0.8944124579429626,0.0,4,0,7.3314,16.2823,26.0518,46.3753,87.8495,159.246,185.77,182.96,180.678,178.091,175.082,171.398,163.047,124.889,84.7039,51.6092,31.3817,20.4405,9.61414
2026-08-04T12:43:30+0200,828,0,16.166,247.375,257.217,81.17680358886719,-0.054794199764728546,-0.4187279939651489,6226.91,4,99.891,0.0,0.144893,0.0124851,0.0,EXIT,177.26400756835938,0.057288944442793574,111.61932,4,5.0,0.35,32.77974,0.012040883,0.5289449,0.0,4,False,0.012040883302688599,0.5289449095726013,0.0,4,0,7.34814,16.3533,26.2191,46.8689,89.5453,187.847,185.035,182.195,179.887,177.264,174.201,170.422,161.274,122.473,83.5633,51.1678,31.2091,20.3629,9.59568
2026-08-04T12:43:30+0200,829,0,16.188,247.872,257.715,81.49690246582031,0.03637490049004555,-0.41132301092147827,6150.16,4,99.8908,0.0,0.143844,0.0128076,0.0,EXIT,176.66299438476562,0.05866675922526006,111.56811,4,5.0,0.35,32.950737,0.03257839,0.524697,0.0,4,False,0.03257839009165764,0.5246970057487488,0.0,4,0,7.35959,16.3893,26.2938,47.0642,90.1618,187.268,184.451,181.606,179.292,176.663,173.589,169.79,160.402,121.662,83.1616,50.9995,31.136,20.3259,9.58388
2026-08-04T12:43:30+0200,830,0,16.21,248.371,258.213,81.74019622802734,0.11185300350189209,-0.4053820073604584,6167.64,4,99.8906,0.0,0.142892,0.0119878,0.0,EXIT,176.42799377441406,0.05521552770895054,111.64183,4,5.0,0.35,32.98885,0.04552547,0.5148206,0.0,4,False,0.04552546888589859,0.5148205757141113,0.0,4,0,7.36158,16.3669,26.2151,46.7673,88.9837,186.902,184.112,181.3,179.016,176.428,173.414,169.719,161.225,123.351,83.9232,51.2666,31.2234,20.3555,9.58357
2026-08-04T12:43:30+0200,831,0,16.232,248.872,258.714,81.97799682617188,0.15785600244998932,-0.4029499888420105,6184.31,4,99.8905,0.0,0.1421,0.0102628,0.0,STRAIGHT,176.468994140625,0.031768044426124145,158.97089,6,4.5,0.0,32.615158,0.022629835,0.87903714,0.0,4,False,0.022629834711551666,0.8790371417999268,0.0,4,0,7.35539,16.2971,26.015,46.0919,86.4888,154.279,183.962,181.21,178.983,176.469,173.562,170.05,162.652,127.207,85.6678,51.8944,31.4427,20.44,9.5931
2026-08-04T12:43:30+0200,832,0,16.254,249.374,259.216,82.37069702148438,0.09194859862327576,-0.4042870104312897,6310.51,4,99.8901,0.0,0.14143,0.0085746,0.0,STRAIGHT,176.47999572753906,0.02144776694051904,159.29994,6,4.5,0.0,32.580067,0.006987948,0.89585996,0.0,4,False,0.006987947970628738,0.895859956741333,0.0,4,0,7.34848,16.2276,25.8195,45.4453,84.1731,146.967,183.796,181.101,178.925,176.48,173.67,170.314,163.627,131.239,87.4575,52.5297,31.6637,20.5254,9.60337
2026-08-04T12:43:30+0200,833,0,16.276,249.879,259.721,82.8447036743164,0.020862799137830734,-0.40734800696372986,6352.46,4,99.8898,0.0,0.140803,0.00754881,0.0,STRAIGHT,176.2790069580078,0.01542896838777439,159.46817,6,4.5,0.0,32.66917,-0.003604941,0.9071669,0.0,4,False,-0.0036049410700798035,0.9071668982505798,0.0,4,0,7.34619,16.1898,25.7088,45.0733,82.8486,142.896,183.485,180.825,178.682,176.279,173.528,170.264,163.93,133.793,88.5661,52.9136,31.7935,20.5738,9.60778
2026-08-04T12:43:30+0200,834,0,16.298,250.387,260.229,83.33070373535156,-0.02677850052714348,-0.41535601019859314,6392.26,4,99.8895,0.0,0.140164,0.00720763,0.0,STRAIGHT,175.8699951171875,0.01358126893444063,159.4881,6,4.5,0.0,32.849102,-0.0105713885,0.9092843,0.0,4,False,-0.010571388527750969,0.9092842936515808,0.0,4,0,7.34911,16.1854,25.6851,44.9735,82.459,141.663,183.03,180.385,178.256,175.87,173.144,169.918,163.716,134.615,88.9078,53.0227,31.825,20.5822,9.60563
2026-08-04T12:43:30+0200,835,0,16.32,250.897,260.74,83.82219696044922,-0.05116720125079155,-0.4301910102367401,6430.55,4,99.8891,0.0,0.139495,0.00739682,0.0,STRAIGHT,175.3040008544922,0.014917486448548832,159.3954,6,4.5,0.0,33.097694,-0.014912367,0.9041606,0.0,4,False,-0.01491236686706543,0.9041606187820435,0.0,4,0,7.35624,16.2071,25.7289,45.0824,82.773,142.513,182.464,179.819,177.689,175.304,172.577,169.35,163.14,134.037,88.6384,52.9146,31.779,20.559,9.5982
2026-08-04T12:43:30+0200,836,0,16.342,251.411,261.254,84.31430053710938,-0.0591605007648468,-0.4457089900970459,6467.55,4,99.8888,0.0,0.138783,0.00794715,0.0,STRAIGHT,174.62899780273438,0.01845460086804775,159.22537,6,4.5,0.0,33.393204,-0.017362643,0.90010345,0.0,4,False,-0.017362643033266068,0.9001034498214722,0.0,4,0,7.36644,16.2471,25.8195,45.3361,83.5773,144.829,181.821,179.165,177.027,174.629,171.885,168.631,162.315,132.526,87.9574,52.6591,31.68,20.5142,9.58701
2026-08-04T12:43:30+0200,837,0,16.364,251.928,261.77,84.80590057373047,-0.05734670162200928,-0.459306001663208,6505.56,4,99.8884,0.0,0.138007,0.00872052,0.0,STRAIGHT,173.88400268554688,0.0234282265524598,159.00522,6,4.5,0.0,33.719696,-0.0184674,0.8968434,0.0,4,False,-0.01846740022301674,0.8968433737754822,0.0,4,0,7.37888,16.2994,25.941,45.6849,84.7103,148.17,181.129,178.456,176.302,173.884,171.113,167.814,161.318,130.481,87.0335,52.3141,31.548,20.4554,9.57319
2026-08-04T12:43:30+0200,838,0,16.386,252.448,262.29,85.2979965209961,-0.05118760094046593,-0.4681519865989685,6544.22,4,99.888,0.0,0.137158,0.0096246,0.0,STRAIGHT,173.0959930419922,0.029336709525250675,158.75258,6,4.5,0.0,34.06747,-0.018626519,0.89415103,0.0,4,False,-0.018626518547534943,0.8941510319709778,0.0,4,0,7.39295,16.3596,26.0824,46.0957,86.0658,152.257,180.405,177.711,175.538,173.096,170.289,166.933,160.193,128.172,85.9809,51.9186,31.3964,20.3881,9.55756
2026-08-04T12:43:30+0200,839,0,16.408,252.971,262.813,85.79119873046875,-0.04499249905347824,-0.4727720022201538,6582.85,4,99.8875,0.0,0.136236,0.0106157,0.0,GENTLE_LEFT,172.27499389648438,0.049189455178054946,120.82822,5,5.5,0.55,34.716488,0.028828159,0.53924096,0.0,4,False,0.028828158974647522,0.5392409563064575,0.0,4,0,7.40834,16.4259,26.2387,46.5532,87.5985,182.37,179.659,176.941,174.746,172.275,169.427,166.003,158.949,125.731,84.8547,51.4915,31.2319,20.3149,9.54054
2026-08-04T12:43:30+0200,840,0,16.43,253.496,263.339,86.127197265625,0.08608809858560562,-0.4887169897556305,6508.72,4,99.8873,0.0,0.135328,0.0106251,0.0,GENTLE_LEFT,171.7469940185547,0.04919873489137574,120.80729,5,5.5,0.55,34.86909,0.05968428,0.52980566,0.0,4,False,0.059684280306100845,0.5298056602478027,0.0,4,0,7.4162,16.4436,26.2675,46.606,87.7045,181.821,179.114,176.401,174.211,171.747,168.908,165.498,158.499,125.609,84.7772,51.4468,31.2057,20.2981,9.53283
2026-08-04T12:43:30+0200,841,0,16.452,254.024,263.866,86.38300323486328,0.19153699278831482,-0.5033860206604004,6527.21,4,99.887,0.0,0.134607,0.00886971,0.0,STRAIGHT,171.74200439453125,0.02547547947267707,158.79794,6,4.5,0.0,34.47315,0.032080792,0.8689872,0.0,4,False,0.032080791890621185,0.8689872026443481,0.0,4,0,7.40911,16.371,26.0624,45.9253,85.2524,149.392,178.931,176.275,174.138,171.742,168.999,165.743,159.384,129.722,86.6094,52.0988,31.4326,20.3857,9.54319
2026-08-04T12:43:30+0200,842,0,16.474,254.553,264.395,86.79010009765625,0.11484599858522415,-0.5092419981956482,6660.42,4,99.8866,0.0,0.134062,0.00667983,0.0,STRAIGHT,171.8419952392578,0.012331758621524162,159.2241,6,4.5,0.0,34.374535,0.013113342,0.88943756,0.0,4,False,0.013113342225551605,0.8894375562667847,0.0,4,0,7.39731,16.2747,25.801,45.0866,82.3508,140.632,178.826,176.237,174.16,171.842,169.207,166.116,160.338,135.298,89.041,52.9537,31.7308,20.5027,9.55919
2026-08-04T12:43:30+0200,843,0,16.496,255.085,264.927,87.28559875488281,0.022145599126815796,-0.5102419853210449,6705.17,4,99.8862,0.0,0.133596,0.00515932,0.0,STRAIGHT,171.73399353027344,0.0034740227699795014,159.48886,6,4.5,0.0,34.407658,9.3920156e-05,0.9036984,0.0,4,False,9.392015635967255e-05,0.9036983847618103,0.0,4,0,7.38991,16.2103,25.6254,44.5273,80.46,135.149,178.577,176.034,173.999,171.734,169.17,166.186,160.738,139.453,90.806,53.5605,31.939,20.5833,9.56964
2026-08-04T12:43:30+0200,844,0,16.518,255.62,265.462,87.7969970703125,-0.03888919949531555,-0.5085790157318115,6746.94,4,99.8858,0.0,0.133147,0.0044502,0.0,STRAIGHT,171.39300537109375,-0.0005510834965567687,159.5452,6,4.5,0.0,34.57433,-0.0086532775,0.9117341,0.0,4,False,-0.008653277531266212,0.9117341041564941,0.0,4,0,7.38844,16.1848,25.5512,44.2832,79.6295,132.773,178.163,175.644,173.63,171.393,168.865,165.934,160.639,141.452,91.6352,53.8376,32.0305,20.6169,9.57257
2026-08-04T12:43:31+0200,845,0,16.54,256.158,266.0,88.31780242919922,-0.06928929686546326,-0.5049669742584229,6787.73,4,99.8854,0.0,0.132693,0.00441891,0.0,STRAIGHT,170.86300659179688,-0.00062173599638187,159.49254,6,4.5,0.0,34.812256,-0.014283118,0.9059423,0.0,4,False,-0.014283117838203907,0.9059423208236694,0.0,4,0,7.39208,16.1918,25.5607,44.2947,79.6331,132.737,177.613,175.1,173.093,170.863,168.345,165.427,160.169,141.488,91.637,53.8292,32.0223,20.6105,9.56903
2026-08-04T12:43:31+0200,846,0,16.562,256.7,266.542,88.83989715576172,-0.07559309899806976,-0.5020409822463989,6825.08,4,99.885,0.0,0.132202,0.00486767,0.0,STRAIGHT,170.19900512695312,0.002126934597886028,159.38591,6,4.5,0.0,35.084923,-0.017643351,0.9016615,0.0,4,False,-0.01764335110783577,0.9016615152359009,0.0,4,0,7.39962,16.2225,25.6305,44.4886,80.2281,134.349,176.967,174.448,172.435,170.199,167.672,164.742,159.442,140.118,91.0478,53.6168,31.9424,20.5751,9.56062
2026-08-04T12:43:31+0200,847,0,16.584,257.244,267.087,89.36029815673828,-0.07195620238780975,-0.5017229914665222,6864.69,4,99.8845,0.0,0.131653,0.00564557,0.0,STRAIGHT,169.44200134277344,0.006857772228299463,159.1693,6,4.5,0.0,35.42707,-0.019359175,0.89790714,0.0,4,False,-0.019359175115823746,0.8979071378707886,0.0,4,0,7.41012,16.2701,25.7433,44.8126,81.2507,137.185,176.253,173.72,171.694,169.442,166.894,163.931,158.533,137.842,90.0673,53.2664,31.8132,20.5195,9.54864
2026-08-04T12:43:31+0200,848,0,16.606,257.792,267.634,89.88030242919922,-0.058314599096775055,-0.5072439908981323,6905.49,4,99.8841,0.0,0.131031,0.006621,0.0,STRAIGHT,168.625,0.012857813910536612,158.90852,6,4.5,0.0,35.79868,-0.019901693,0.89485484,0.0,4,False,-0.019901692867279053,0.8948548436164856,0.0,4,0,7.42275,16.3288,25.8839,45.2215,82.5622,140.899,175.496,172.943,170.9,168.625,166.047,163.039,157.5,135.094,88.8713,52.8362,31.6544,20.4513,9.5342
2026-08-04T12:43:31+0200,849,0,16.628,258.343,268.185,90.40039825439453,-0.04369090124964714,-0.5269410014152527,6947.75,4,99.8837,0.0,0.130328,0.00769997,0.0,STRAIGHT,167.7740020751953,0.019618166325971846,158.62152,6,4.5,0.0,36.188972,-0.019623607,0.89228815,0.0,4,False,-0.019623607397079468,0.8922881484031677,0.0,4,0,7.43689,16.3946,26.0415,45.6827,84.0624,145.246,174.714,172.138,170.074,167.774,165.161,162.099,156.383,132.175,87.5821,52.3671,31.48,20.3761,9.51815
2026-08-04T12:43:31+0200,850,0,16.65,258.897,268.74,90.92179870605469,-0.028693800792098045,-0.5492479801177979,6989.96,4,99.8833,0.0,0.129535,0.00883454,0.0,STRAIGHT,166.89999389648438,0.04113335604356705,157.81163,6,4.5,0.55,36.917484,0.02559793,0.8858703,0.0,4,False,0.02559792995452881,0.8858702778816223,0.0,4,0,7.45227,16.4652,26.2106,46.1802,85.7026,176.527,173.915,171.314,169.229,166.9,164.248,161.126,155.199,129.228,86.2607,51.8797,31.297,20.2966,9.50086
2026-08-04T12:43:31+0200,851,0,16.672,259.455,269.297,91.44349670410156,0.09758339822292328,-0.5667809844017029,7029.41,4,99.8829,0.0,0.12874,0.00900483,0.0,GENTLE_LEFT,166.29400634765625,0.041702322189074784,120.62782,5,5.5,0.55,37.172913,0.05603988,0.44576964,0.0,4,False,0.05603988096117973,0.44576963782310486,0.0,4,0,7.46037,16.4886,26.2566,46.2916,86.0208,175.916,173.305,170.706,168.621,166.294,163.645,160.526,154.603,128.72,86.0141,51.7763,31.251,20.2726,9.49258
2026-08-04T12:43:31+0200,852,0,16.694,260.015,269.857,91.75740051269531,0.18909099698066711,-0.57853102684021,6911.55,4,99.8827,0.0,0.128109,0.00743121,0.0,STRAIGHT,166.1750030517578,0.018699649134825896,158.53146,6,4.5,0.0,36.790527,0.029866256,0.8690017,0.0,4,False,0.029866255819797516,0.8690016865730286,0.0,4,0,7.45384,16.4233,26.0737,45.6925,83.9143,144.536,173.039,170.488,168.447,166.175,163.602,160.597,155.05,132.609,87.7137,52.372,31.4566,20.3516,9.50197
2026-08-04T12:43:31+0200,853,0,16.716,260.577,270.419,92.16649627685547,0.10793700069189072,-0.5850309729576111,7081.99,4,99.8823,0.0,0.127649,0.00535959,0.0,STRAIGHT,166.177001953125,0.006348749128930287,158.92891,6,4.5,0.0,36.695984,0.011876417,0.88837975,0.0,4,False,0.011876417323946953,0.8883797526359558,0.0,4,0,7.44214,16.3313,25.8262,44.9094,81.2636,136.788,172.862,170.369,168.382,166.177,163.693,160.821,155.666,138.155,90.0895,53.1964,31.7422,20.4636,9.51755
2026-08-04T12:43:31+0200,854,0,16.738,261.142,270.984,92.68250274658203,0.007557020056992769,-0.6100810170173645,7143.21,4,99.8819,0.0,0.127268,0.00385916,0.0,STRAIGHT,166.00900268554688,-0.00242135661162507,159.02942,6,4.5,0.0,36.835674,-0.0005078297,0.90073365,0.0,4,False,-0.0005078297108411789,0.9007336497306824,0.0,4,0,7.43413,16.2663,25.6516,44.3619,79.4522,131.688,172.565,170.115,168.166,166.009,163.588,160.806,155.898,142.468,91.8896,53.808,31.9513,20.5447,9.52848
2026-08-04T12:43:31+0200,855,0,16.76,261.71,271.552,93.22689819335938,-0.05903730168938637,-0.624966025352478,7185.93,4,99.8813,0.0,0.126905,0.00314456,0.0,STRAIGHT,165.62600708007812,-0.006530816425815755,158.85175,6,4.5,0.0,37.168957,-0.008854601,0.905483,0.0,4,False,-0.008854600600898266,0.9054830074310303,0.0,4,0,7.43186,16.2389,25.5746,44.1152,78.6345,129.419,172.113,169.686,167.757,165.626,163.238,160.503,155.717,144.596,92.7583,54.0958,32.0467,20.5802,9.53218
2026-08-04T12:43:31+0200,856,0,16.782,262.281,272.124,93.7791976928711,-0.08577580004930496,-0.6337429881095886,7225.89,4,99.8808,0.0,0.12653,0.00311464,0.0,STRAIGHT,165.06100463867188,-0.006582740062020716,158.79565,6,4.5,0.0,37.426296,-0.014232732,0.89985526,0.0,4,False,-0.014232732355594635,0.8998552560806274,0.0,4,0,7.43483,16.2445,25.5819,44.1231,78.633,129.379,171.528,169.108,167.185,165.061,162.683,159.961,155.208,144.558,92.7654,54.0907,32.0405,20.5752,9.52929
2026-08-04T12:43:31+0200,857,0,16.804,262.856,272.699,94.33290100097656,-0.08610209822654724,-0.6367440223693848,7262.68,4,99.8803,0.0,0.126127,0.00357866,0.0,STRAIGHT,164.36599731445312,-0.0038252746362481133,158.82433,6,4.5,0.0,37.628178,-0.017431721,0.8969241,0.0,4,False,-0.017431721091270447,0.8969240784645081,0.0,4,0,7.44174,16.2741,25.6506,44.3153,79.2196,130.937,170.847,168.422,166.495,164.366,161.981,159.25,154.469,143.169,92.147,53.8729,31.9603,20.5404,9.52149
2026-08-04T12:43:31+0200,858,0,16.826,263.435,273.277,94.88500213623047,-0.07249969989061356,-0.6362329721450806,7302.06,4,99.8798,0.0,0.125668,0.00437033,0.0,STRAIGHT,163.58299255371094,0.0009589301755225995,158.85193,6,4.5,0.0,37.82991,-0.01904609,0.8953926,0.0,4,False,-0.01904609054327011,0.8953925967216492,0.0,4,0,7.45159,16.3206,25.7617,44.6352,80.2187,133.646,170.101,167.663,165.725,163.583,161.18,158.423,153.572,140.752,91.1282,53.5158,31.8308,20.4855,9.51014
2026-08-04T12:43:31+0200,859,0,16.848,264.016,273.859,95.4364013671875,-0.05400979891419411,-0.6349480152130127,7344.12,4,99.8793,0.0,0.125136,0.0053739,0.0,STRAIGHT,162.73899841308594,0.007090546306584937,158.58224,6,4.5,0.0,38.231426,-0.019518964,0.8923722,0.0,4,False,-0.019518963992595673,0.892372190952301,0.0,4,0,7.46369,16.379,25.9024,45.0443,81.5158,137.234,169.311,166.855,164.901,162.739,160.311,157.517,152.562,137.807,89.8716,53.0719,31.6694,20.4171,9.4962
2026-08-04T12:43:31+0200,860,0,16.87,264.601,274.444,95.98770141601562,-0.03395099937915802,-0.6346920132637024,7387.44,4,99.8788,0.0,0.124524,0.00651121,0.0,STRAIGHT,161.85499572753906,0.01415063237361112,158.28041,6,4.5,0.0,38.656796,-0.019177018,0.8897721,0.0,4,False,-0.019177017733454704,0.8897721171379089,0.0,4,0,7.47751,16.4458,26.0638,45.5171,83.0364,141.535,168.49,166.012,164.04,161.855,159.396,156.556,151.47,134.611,88.4868,52.5768,31.4881,20.34,9.48037
2026-08-04T12:43:31+0200,861,0,16.892,265.19,275.032,96.53970336914062,-0.010972900316119194,-0.6364930272102356,7432.02,4,99.8783,0.0,0.123808,0.00769466,0.0,STRAIGHT,160.9510040283203,0.03499198049570885,157.49023,6,4.5,0.0,39.417572,-0.01827465,0.88362294,0.0,4,False,-0.01827464997768402,0.883622944355011,0.0,4,0,7.49261,16.5172,26.236,46.0231,84.6855,170.18,167.655,165.154,163.161,160.951,158.458,155.568,150.332,131.426,87.0829,52.0671,31.2992,20.2589,9.46329
2026-08-04T12:43:31+0200,862,0,16.914,265.781,275.624,97.09190368652344,0.010028700344264507,-0.6596199870109558,7475.58,4,99.8778,0.0,0.123,0.00885361,0.0,STRAIGHT,160.0469970703125,0.03929696432812352,157.28812,6,4.5,0.0,39.781555,-0.017013667,0.8824782,0.0,4,False,-0.0170136671513319,0.8824781775474548,0.0,4,0,7.50836,16.5897,26.4099,46.5346,86.373,169.366,166.819,164.295,162.282,160.047,157.52,154.578,149.18,128.434,85.7408,51.5721,31.1133,20.1781,9.44571
2026-08-04T12:43:31+0200,863,0,16.936,266.377,276.219,97.6447982788086,0.02616799995303154,-0.6864070296287537,7520.41,4,99.8773,0.0,0.122087,0.00996375,0.0,EXIT,159.1490020751953,0.04342803109633362,110.88915,4,5.0,0.35,40.1426,0.01217521,0.22829485,0.0,4,False,0.012175209820270538,0.22829484939575195,0.0,4,0,7.52469,16.6623,26.5825,47.042,88.0647,168.554,165.986,163.441,161.409,159.149,156.588,153.595,148.027,125.674,84.4814,51.0997,30.9332,20.0987,9.42776
2026-08-04T12:43:31+0200,864,0,16.958,266.974,276.817,97.86869812011719,0.10091099888086319,-0.7101489901542664,7312.36,4,99.8772,0.0,0.121156,0.0103504,0.0,EXIT,158.4459991455078,0.044817332120292167,110.84399,4,5.0,0.35,40.278847,0.031412967,0.22406407,0.0,4,False,0.031412966549396515,0.22406406700611115,0.0,4,0,7.53564,16.6994,26.6617,47.254,88.7307,167.864,165.293,162.744,160.71,158.446,155.88,152.879,147.277,124.671,84.0051,50.9092,30.854,20.0602,9.41637
2026-08-04T12:43:31+0200,865,0,16.98,267.572,277.415,97.92520141601562,0.14777900278568268,-0.7282490134239197,7316.85,4,99.8772,0.0,0.120309,0.00953215,0.0,GENTLE_LEFT,158.07200622558594,0.04161777216617465,120.16844,5,5.5,0.55,40.223053,0.059545923,0.33636504,0.0,4,False,0.05954592302441597,0.3363650441169739,0.0,4,0,7.53661,16.6745,26.5796,46.9574,87.6121,167.381,164.835,162.314,160.304,158.072,155.55,152.613,147.215,126.492,84.8054,51.185,30.9441,20.0913,9.41681
2026-08-04T12:43:31+0200,866,0,17.002,268.171,278.014,98.03780364990234,0.20073899626731873,-0.7394829988479614,7360.47,4,99.877,0.0,0.11963,0.00728428,0.0,STRAIGHT,158.072998046875,0.032910014037771725,157.44424,6,4.5,0.0,40.06108,0.033095345,0.85807276,0.0,4,False,0.0330953449010849,0.8580727577209473,0.0,4,0,7.5252,16.5757,26.3084,46.0781,84.5316,167.138,164.648,162.189,160.235,158.073,155.645,152.846,147.853,131.992,87.22,52.0371,31.2409,20.2071,9.43192
2026-08-04T12:43:31+0200,867,0,17.024,268.772,278.614,98.4271011352539,0.07324369996786118,-0.7711840271949768,7593.66,4,99.8765,0.0,0.119152,0.00465029,0.0,STRAIGHT,158.14999389648438,0.004799224036367514,158.40341,6,4.5,0.0,39.55374,0.014639333,0.882473,0.0,4,False,0.014639332890510559,0.8824729919433594,0.0,4,0,7.50924,16.4558,25.9887,45.0744,81.1632,135.609,164.522,162.131,160.237,158.15,155.82,153.161,148.543,138.734,90.2607,53.0892,31.6058,20.3506,9.45247
2026-08-04T12:43:31+0200,868,0,17.046,269.375,279.217,98.98419952392578,-0.05204100161790848,-0.7839149832725525,7647.52,4,99.876,0.0,0.11878,0.00270116,0.0014620204,STRAIGHT,158.031005859375,-0.00451998968921543,158.38176,6,4.5,0.0,39.79274,0.001723405,0.89233214,0.0,4,False,0.001723404973745346,0.892332136631012,0.0,4,0,7.49768,16.3688,25.758,44.3612,78.8427,129.209,164.255,161.914,160.064,158.031,155.77,153.207,148.827,140.767,92.6516,53.8955,31.8812,20.4579,9.46762
2026-08-04T12:43:31+0200,869,0,17.068,269.982,279.824,99.5647964477539,-0.12375900149345398,-0.7879229784011841,7685.58,4,99.8755,0.0,0.118461,0.00164586,0.00074901397,STRAIGHT,157.67999267578125,-0.00902618306372922,158.18796,6,4.5,0.0,40.16236,-0.007146584,0.89811057,0.0,4,False,-0.007146583870053291,0.898110568523407,0.0,4,0,7.49245,16.3242,25.6384,43.9906,77.6521,126.009,163.818,161.506,159.681,157.68,155.459,152.95,148.697,141.244,93.9906,54.3369,32.029,20.5144,9.47487
2026-08-04T12:43:31+0200,870,0,17.09,270.592,280.434,100.15299987792969,-0.14568600058555603,-0.7859640121459961,7723.21,4,99.875,0.0,0.118162,0.00138134,0.0,STRAIGHT,157.1320037841797,-0.009896515612541339,158.10272,6,4.5,0.0,40.459885,-0.012991761,0.89453083,0.0,4,False,-0.012991760857403278,0.8945308327674866,0.0,4,0,7.493,16.3171,25.6149,43.9096,77.3786,125.263,163.235,160.935,159.12,157.132,154.927,152.44,148.238,140.985,94.3141,54.4382,32.0601,20.5247,9.47484
2026-08-04T12:43:31+0200,871,0,17.112,271.206,281.048,100.74099731445312,-0.13538600504398346,-0.7827450037002563,7761.69,4,99.8745,0.0,0.117863,0.00171393,0.0,STRAIGHT,156.43699645996094,-0.008110872396582026,158.09756,6,4.5,0.0,40.7011,-0.016571816,0.891161,0.0,4,False,-0.01657181605696678,0.8911610245704651,0.0,4,0,7.49804,16.3385,25.664,44.0452,77.7823,126.299,162.541,160.24,158.425,156.437,154.232,151.744,147.539,140.258,93.8512,54.2782,32.0017,20.4994,9.46917
2026-08-04T12:43:31+0200,872,0,17.134,271.824,281.666,101.3239974975586,-0.10907600075006485,-0.7821940183639526,7804.66,4,99.8739,0.0,0.117538,0.00246316,0.0,STRAIGHT,155.63800048828125,-0.004407179442088164,158.1509,6,4.5,0.0,40.898487,-0.018469283,0.8897464,0.0,4,False,-0.01846928335726261,0.8897464275360107,0.0,4,0,7.50645,16.3804,25.7651,44.3359,78.6752,128.644,161.769,159.459,157.636,155.638,153.422,150.918,146.673,139.196,92.8529,53.9379,31.881,20.4492,9.45935
2026-08-04T12:43:31+0200,873,0,17.156,272.445,282.287,101.90599822998047,-0.07283580303192139,-0.7859699726104736,7852.81,4,99.8733,0.0,0.117146,0.00345874,0.0,STRAIGHT,154.7760009765625,0.0005684110306178689,158.20598,6,4.5,0.0,41.093792,-0.019144887,0.88941914,0.0,4,False,-0.01914488710463047,0.8894191384315491,0.0,4,0,7.51731,16.4356,25.8994,44.7258,79.8894,131.888,160.948,158.624,156.789,154.776,152.54,150.01,145.7,137.886,91.5614,53.4939,31.723,20.3836,9.44668
2026-08-04T12:43:31+0200,874,0,17.178,273.069,282.912,102.48899841308594,-0.037346601486206055,-0.8100000023841858,7904.14,4,99.8727,0.0,0.116684,0.00459015,0.0,STRAIGHT,153.875,0.022076051048755353,157.38567,6,4.5,0.0,41.92234,-0.01895323,0.8825382,0.0,4,False,-0.01895323023200035,0.8825381994247437,0.0,4,0,7.52983,16.499,26.054,45.1777,81.3157,162.485,160.098,157.756,155.906,153.875,151.616,149.054,144.662,136.356,90.1343,52.9971,31.5448,20.3092,9.43218
2026-08-04T12:43:31+0200,875,0,17.2,273.698,283.54,103.072998046875,-0.004047510214149952,-0.8496789932250977,7952.97,4,99.8722,0.0,0.116131,0.00578767,0.00044310658,STRAIGHT,152.95199584960938,0.02553470973219694,157.2077,6,4.5,0.0,42.290707,-0.018158222,0.8811773,0.0,4,False,-0.01815822161734104,0.8811773061752319,0.0,4,0,7.54367,16.5679,26.2215,45.669,82.8864,161.636,159.231,156.87,155.004,152.952,150.667,148.068,143.582,134.558,88.6652,52.4778,31.3565,20.2298,9.41634
2026-08-04T12:43:31+0200,876,0,17.222,274.33,284.172,103.65899658203125,0.025793999433517456,-0.884319007396698,8001.17,4,99.8716,0.0,0.115475,0.00699669,0.0007822833,STRAIGHT,152.02000427246094,0.029407185893558407,157.01578,6,4.5,0.0,42.671574,-0.016957898,0.87962765,0.0,4,False,-0.016957897692918777,0.8796276450157166,0.0,4,0,7.55852,16.6397,26.3955,46.1805,84.5422,160.78,158.356,155.975,154.092,152.02,149.708,147.07,142.481,132.231,87.221,51.9587,31.1657,20.1485,9.39958
2026-08-04T12:43:31+0200,877,0,17.244,274.965,284.807,104.2490005493164,0.04966900125145912,-0.9066420197486877,8047.74,4,99.871,0.0,0.114717,0.008183,0.00087669445,STRAIGHT,151.08700561523438,0.03378893273963542,156.80627,6,4.5,0.0,43.06862,-0.0154981855,0.8783083,0.0,4,False,-0.015498185530304909,0.8783082962036133,0.0,4,0,7.5741,16.7129,26.5717,46.699,86.2412,159.923,157.48,155.08,153.18,151.087,148.747,146.07,141.374,129.135,85.8387,51.4536,30.9774,20.0673,9.38223
2026-08-04T12:43:31+0200,878,0,17.266,275.604,285.446,104.84200286865234,0.07010959833860397,-0.9185709953308105,8093.11,4,99.8704,0.0,0.113853,0.0093053,0.00079531263,STRAIGHT,150.16400146484375,0.03793151131798608,156.6058,6,4.5,0.0,43.461964,-0.01389447,0.877358,0.0,4,False,-0.013894470408558846,0.8773580193519592,0.0,4,0,7.59016,16.7854,26.7448,47.2074,87.9246,159.07,156.61,154.192,152.276,150.164,147.798,145.083,140.278,126.302,84.5579,50.9773,30.7971,19.9883,9.36462
2026-08-04T12:43:31+0200,879,0,17.288,276.247,286.089,105.41999816894531,0.08698079735040665,-0.9712039828300476,8162.08,4,99.8698,0.0,0.112888,0.0103654,0.0037466558,GENTLE_LEFT,149.25,0.04184108962069042,119.612236,5,5.5,0.55,43.84281,0.029796226,0.21515377,0.0,4,False,0.02979622595012188,0.215153768658638,0.0,4,0,7.60665,16.8572,26.9146,47.705,89.588,158.222,155.746,153.311,151.381,149.25,146.86,144.108,139.196,123.718,83.37,50.5281,30.6244,19.9114,9.34678
2026-08-04T12:43:31+0200,880,0,17.31,276.892,286.734,105.67400360107422,0.19467799365520477,-1.0025500059127808,7893.23,4,99.8697,0.0,0.111927,0.0103275,0.0,GENTLE_LEFT,148.61599731445312,0.0415812754002043,119.60548,5,5.5,0.55,43.955048,0.05819829,0.20933671,0.0,4,False,0.058198291808366776,0.20933671295642853,0.0,4,0,7.61459,16.8736,26.9387,47.7405,89.628,157.555,155.086,152.66,150.737,148.616,146.238,143.504,138.639,123.697,83.3373,50.4988,30.6032,19.8964,9.33906
2026-08-04T12:43:31+0200,881,0,17.332,277.538,287.38,105.71199798583984,0.2416819930076599,-1.0192999839782715,7894.0,4,99.8696,0.0,0.111135,0.00835973,0.0,STRAIGHT,148.468994140625,0.033914066112899904,156.68073,6,4.5,0.0,43.766716,0.033776045,0.8523321,0.0,4,False,0.033776044845581055,0.8523321151733398,0.0,4,0,7.60612,16.7894,26.7023,46.9604,86.8389,157.206,154.785,152.41,150.533,148.469,146.167,143.541,138.966,128.283,85.3698,51.2192,30.8532,19.9928,9.35046
2026-08-04T12:43:31+0200,882,0,17.354,278.185,288.027,106.09600067138672,0.10400000214576721,-1.0209200382232666,8181.02,4,99.8691,0.0,0.110528,0.00576156,0.0,STRAIGHT,148.45899963378906,0.02574434570931788,156.93382,6,4.5,0.0,43.73614,0.01666117,0.86973065,0.0,4,False,0.01666117087006569,0.8697306513786316,0.0,4,0,7.59128,16.6716,26.3843,45.9482,83.3778,156.952,154.588,152.276,150.455,148.459,146.245,143.742,139.476,131.655,88.2506,52.225,31.2028,20.1298,9.36932
2026-08-04T12:43:31+0200,883,0,17.376,278.835,288.677,106.67900085449219,-0.03949980065226555,-1.016469955444336,8244.02,4,99.8685,0.0,0.110026,0.00369477,0.0017305466,STRAIGHT,148.29800415039062,0.020243965509087785,157.0709,6,4.5,0.0,43.873257,0.004563244,0.88020307,0.0,4,False,0.004563244059681892,0.8802030682563782,0.0,4,0,7.57974,16.5796,26.1378,45.1759,80.8207,156.601,154.283,152.02,150.241,148.298,146.151,143.738,139.686,132.829,90.6862,53.0539,31.4865,20.24,9.38427
2026-08-04T12:43:31+0200,884,0,17.398,279.489,289.331,107.29000091552734,-0.12616600096225739,-1.0072799921035767,8288.68,4,99.8679,0.0,0.109597,0.00244063,0.0016050318,STRAIGHT,147.9340057373047,0.017061913492421463,157.12274,6,4.5,0.0,44.085274,-0.0038708001,0.8869485,0.0,4,False,-0.0038708001375198364,0.8869485259056091,0.0,4,0,7.57382,16.5267,25.9941,44.7264,79.3566,156.115,153.826,151.594,149.843,147.934,145.829,143.472,139.546,133.143,92.2218,53.5643,31.6578,20.3053,9.39235
2026-08-04T12:43:31+0200,885,0,17.42,280.147,289.989,107.91000366210938,-0.15855799615383148,-0.9968799948692322,8332.84,4,99.8673,0.0,0.109214,0.0019567,0.001234319,STRAIGHT,147.38499450683594,0.015863282098780934,157.10341,6,4.5,0.0,44.354755,-0.009540554,0.88714623,0.0,4,False,-0.009540554136037827,0.8871462345123291,0.0,4,0,7.5734,16.5104,25.9455,44.5664,78.8255,155.503,153.229,151.014,149.277,147.385,145.302,142.974,139.111,132.906,92.8106,53.7535,31.7182,20.3266,9.39363
2026-08-04T12:43:31+0200,886,0,17.442,280.808,290.65,108.53199768066406,-0.15117399394512177,-0.9976940155029297,8377.89,4,99.8667,0.0,0.108832,0.00208789,0.0009413228,STRAIGHT,146.69200134277344,0.016204090036200585,157.02966,6,4.5,0.0,44.66692,-0.01310549,0.88350886,0.0,4,False,-0.013105490244925022,0.8835088610649109,0.0,4,0,7.57765,16.5239,25.9729,44.634,79.0118,154.793,152.522,150.311,148.579,146.692,144.616,142.296,138.451,132.292,92.6096,53.6785,31.6879,20.3119,9.38916
2026-08-04T12:43:31+0200,887,0,17.464,281.474,291.316,109.15299987792969,-0.11930900067090988,-1.0068999528884888,8425.77,4,99.866,0.0,0.108437,0.00263911,0.0009459081,STRAIGHT,145.9010009765625,0.01759510189054311,156.91914,6,4.5,0.0,45.007652,-0.015091177,0.88080734,0.0,4,False,-0.015091177076101303,0.8808073401451111,0.0,4,0,7.5852,16.5579,26.0526,44.8587,79.6945,154.013,151.739,149.525,147.79,145.901,143.821,141.496,137.639,131.429,91.8735,53.4237,31.5956,20.2724,9.38068
2026-08-04T12:43:31+0200,888,0,17.486,282.143,291.985,109.77200317382812,-0.07918860018253326,-1.022760033607483,8476.8,4,99.8653,0.0,0.108006,0.00345796,0.0013024907,STRAIGHT,145.0449981689453,0.019675664888230655,156.78484,6,4.5,0.0,45.366955,-0.015914014,0.87866515,0.0,4,False,-0.015914013609290123,0.8786651492118835,0.0,4,0,7.59513,16.6057,26.1674,45.1885,80.7155,153.188,150.906,148.684,146.942,145.045,142.955,140.617,136.728,130.398,90.8132,53.0566,31.4636,20.2169,9.3694
2026-08-04T12:43:31+0200,889,0,17.508,282.816,292.658,110.39099884033203,-0.037394799292087555,-1.0417799949645996,8530.12,4,99.8647,0.0,0.107512,0.00444967,0.0019229533,STRAIGHT,144.14500427246094,0.02223165564509331,156.63432,6,4.5,0.0,45.740067,-0.015890155,0.8769027,0.0,4,False,-0.015890154987573624,0.87690269947052,0.0,4,0,7.60694,16.6635,26.3068,45.5926,81.9837,152.332,150.038,147.805,146.054,144.145,142.041,139.683,135.748,129.242,89.5627,52.6198,31.306,20.1505,9.35601
2026-08-04T12:43:32+0200,890,0,17.53,283.492,293.334,111.00800323486328,0.0035531199537217617,-1.068060040473938,8588.91,4,99.864,0.0,0.106942,0.00553864,0.0031361855,STRAIGHT,143.21800231933594,0.025089566227548758,156.474,6,4.5,0.0,46.121338,-0.015262193,0.87508696,0.0,4,False,-0.01526219304651022,0.8750869631767273,0.0,4,0,7.62017,16.7278,26.4622,46.0457,83.424,151.456,149.149,146.902,145.14,143.218,141.097,138.716,134.725,127.993,88.2254,52.1467,31.1338,20.0775,9.34112
2026-08-04T12:43:32+0200,891,0,17.552,284.173,294.015,111.63400268554688,0.04212009906768799,-1.092579960823059,8638.9,4,99.8633,0.0,0.106282,0.00665617,0.0033924582,STRAIGHT,142.2790069580078,0.028092000274927108,156.3084,6,4.5,0.0,46.511925,-0.014220848,0.86724365,0.0,4,False,-0.014220847748219967,0.8672436475753784,0.0,4,0,7.63443,16.7957,26.6256,46.5235,84.9609,150.57,148.249,145.989,144.215,142.279,140.139,137.734,133.683,126.681,86.8866,51.666,30.9568,20.0018,9.32525
2026-08-04T12:43:32+0200,892,0,17.574,284.857,294.699,112.26200103759766,0.07276199758052826,-1.107890009880066,8680.76,4,99.8626,0.0,0.105525,0.0077455,0.002610217,STRAIGHT,141.34100341796875,0.0310995067012098,156.14322,6,4.5,0.0,46.904476,-0.012918394,0.8513287,0.0,4,False,-0.012918394058942795,0.8513286709785461,0.0,4,0,7.64935,16.8644,26.7902,47.0043,86.5233,149.683,147.35,145.076,143.291,141.341,139.184,136.754,132.641,125.336,85.61,51.2001,30.7829,19.9264,9.30887
2026-08-04T12:43:32+0200,893,0,17.596,285.545,295.387,112.88200378417969,0.09436479955911636,-1.1175600290298462,8716.59,4,99.862,0.0,0.104676,0.00877762,0.001184255,STRAIGHT,140.41099548339844,0.034037949809267005,155.98207,6,4.5,0.0,47.291927,-0.011469171,0.8363192,0.0,4,False,-0.01146917138248682,0.8363192081451416,0.0,4,0,7.66465,16.9325,26.9516,47.4752,88.068,148.801,146.455,144.169,142.374,140.411,138.238,135.784,131.613,123.971,84.4232,50.7599,30.6161,19.8531,9.29228
2026-08-04T12:43:32+0200,894,0,17.618,286.237,296.079,113.48999786376953,0.10993099957704544,-1.1222699880599976,8751.78,4,99.8613,0.0,0.103716,0.00971222,0.0,STRAIGHT,139.49899291992188,0.0367962856362283,155.82947,6,4.5,0.0,47.668896,-0.009966555,0.8217473,0.0,4,False,-0.009966555051505566,0.8217473030090332,0.0,4,0,7.68017,16.9981,27.1051,47.9194,89.5317,147.929,145.573,143.277,141.473,139.499,137.312,134.838,130.615,122.621,83.3606,50.3584,30.4611,19.7837,9.2757
2026-08-04T12:43:32+0200,895,0,17.64,286.932,296.775,114.08599853515625,0.11547499895095825,-1.1235500574111938,8787.71,4,99.8606,0.0,0.102664,0.0105404,0.0,STRAIGHT,138.60699462890625,0.03933479223990376,155.68666,6,4.5,0.0,48.03424,-0.008477099,0.8070574,0.0,4,False,-0.008477099239826202,0.8070573806762695,0.0,4,0,7.69569,17.0605,27.2484,48.3301,90.8878,147.069,144.706,142.401,140.59,138.607,136.409,133.919,129.652,121.302,82.4246,49.9983,30.3193,19.7188,9.25933
2026-08-04T12:43:32+0200,896,0,17.662,287.632,297.474,114.66899871826172,0.11753500252962112,-1.1225700378417969,8823.44,4,99.86,0.0,0.101516,0.0112534,0.0,GENTLE_LEFT,137.73899841308594,0.04160920919522744,118.95409,5,5.5,0.55,48.38599,0.033105128,0.064822815,0.0,4,False,0.03310512751340866,0.06482281535863876,0.0,4,0,7.71115,17.119,27.3801,48.7016,92.1107,146.224,143.854,141.544,139.728,137.739,135.533,133.031,128.73,120.04,81.6162,49.6809,30.1915,19.659,9.24325
2026-08-04T12:43:32+0200,897,0,17.684,288.333,298.175,114.79499816894531,0.20388300716876984,-1.1148200035095215,8518.52,4,99.86,0.0,0.100382,0.0108446,0.0,STRAIGHT,137.13699340820312,0.04038562490961504,155.5955,6,4.5,0.55,48.406612,0.058734305,0.7781547,0.0,4,False,0.05873430520296097,0.7781546711921692,0.0,4,0,7.71766,17.1195,27.359,48.5848,91.5885,145.556,143.201,140.908,139.107,137.137,134.954,132.485,128.263,120.141,81.9444,49.7814,30.2155,19.6612,9.23742
2026-08-04T12:43:32+0200,898,0,17.706,289.035,298.878,115.1240005493164,0.21434299647808075,-1.1111600399017334,8844.18,4,99.8594,0.0,0.099451,0.00850296,0.0,STRAIGHT,136.98199462890625,0.03379320972124218,155.80228,6,4.5,0.0,48.37732,0.03542291,0.7640115,0.0,5,False,0.0354229100048542,0.7640115022659302,0.0,5,0,7.70722,17.0173,27.0724,47.6374,88.1857,145.192,142.887,140.648,138.894,136.982,134.874,132.507,128.53,121.697,84.318,50.6254,30.5091,19.7745,9.25083
2026-08-04T12:43:32+0200,899,0,17.728,289.74,299.582,115.30999755859375,0.043713901191949844,-1.1059800386428833,7950.65,5,99.8593,0.0,0.0987412,0.0055213,0.0,STRAIGHT,136.9499969482422,0.02604515090735043,156.06282,6,4.5,0.0,48.243416,0.018832479,0.78079385,0.0,5,False,0.018832478672266006,0.7807938456535339,0.0,5,0,7.69001,16.8805,26.7029,46.4617,84.1674,144.918,142.671,140.495,138.796,136.95,134.925,132.67,128.948,123.031,87.5919,51.7674,30.9056,19.9298,9.27208
2026-08-04T12:43:32+0200,900,0,17.75,290.444,300.286,115.21199798583984,-0.10603100061416626,-1.1046899557113647,7963.17,5,99.8593,0.0,0.0981898,0.00310534,0.0,STRAIGHT,136.77099609375,0.02005755799803272,156.28955,6,4.5,0.0,48.01801,0.006872841,0.7969203,0.0,5,False,0.006872841157019138,0.7969202995300293,0.0,5,0,7.67599,16.7711,26.4108,45.5511,81.173,144.547,142.347,140.221,138.565,136.771,134.811,132.64,129.098,123.705,90.4432,52.7338,31.2358,20.0581,9.28965
2026-08-04T12:43:32+0200,901,0,17.772,291.148,300.99,115.12699890136719,-0.1931069940328598,-1.0907100439071655,7687.59,5,99.8593,0.0,0.0977527,0.00154603,0.0,STRAIGHT,136.39700317382812,0.016293978793139437,156.43542,6,4.5,0.0,47.864044,-0.0016548745,0.80812395,0.0,5,False,-0.0016548745334148407,0.8081239461898804,0.0,5,0,7.66769,16.7028,26.2282,44.9869,79.3602,144.043,141.875,139.783,138.156,136.397,134.479,132.363,128.936,123.835,92.3793,53.3737,31.4507,20.1404,9.30037
2026-08-04T12:43:32+0200,902,0,17.794,291.852,301.694,115.3949966430664,-0.2198600023984909,-1.0762499570846558,7910.5,5,99.8588,0.0,0.0973966,0.000871122,0.0,STRAIGHT,135.83200073242188,0.014689909662422482,156.46729,6,4.5,0.0,47.949512,-0.0075015863,0.80627435,0.0,5,False,-0.007501586340367794,0.8062743544578552,0.0,5,0,7.66552,16.6766,26.1549,44.7555,78.6155,143.406,141.256,139.182,137.571,135.832,133.938,131.852,128.485,123.529,93.2295,53.6476,31.5399,20.1732,9.30362
2026-08-04T12:43:32+0200,903,0,17.816,292.559,302.401,115.83499908447266,-0.20207999646663666,-1.064579963684082,7943.03,5,99.8583,0.0,0.0970824,0.000883102,0.0,STRAIGHT,135.12100219726562,0.014730214185831862,156.42262,6,4.5,0.0,48.168854,-0.011258258,0.79352826,0.0,5,False,-0.011258257552981377,0.7935282588005066,0.0,5,0,7.66828,16.683,26.1655,44.7754,78.6565,142.666,140.522,138.456,136.852,135.121,133.237,131.163,127.822,122.92,93.1871,53.627,31.5291,20.1668,9.30084
2026-08-04T12:43:32+0200,904,0,17.838,293.268,303.11,116.2760009765625,-0.15723000466823578,-1.0576399564743042,7964.79,5,99.8578,0.0,0.0967732,0.00134873,0.0,STRAIGHT,134.31399536132812,0.01585581682239873,156.33948,6,4.5,0.0,48.42049,-0.013429459,0.7810919,0.0,5,False,-0.013429459184408188,0.7810919284820557,0.0,5,0,7.67449,16.7113,26.2322,44.9625,79.2177,141.856,139.712,137.647,136.044,134.314,132.431,130.359,127.02,122.118,92.5523,53.4108,31.4516,20.1339,9.2939
2026-08-04T12:43:32+0200,905,0,17.86,293.98,303.822,116.70800018310547,-0.10582300275564194,-1.0573400259017944,7986.9,5,99.8573,0.0,0.0964448,0.00208944,0.0,STRAIGHT,133.44700622558594,0.017651602274089587,156.23375,6,4.5,0.0,48.687492,-0.014431334,0.7691377,0.0,5,False,-0.014431334100663662,0.7691376805305481,0.0,5,0,7.68299,16.7536,26.3341,45.255,80.1119,141.004,138.856,136.787,135.181,133.447,131.561,129.484,126.134,121.198,91.573,53.0782,31.3337,20.0849,9.28426
2026-08-04T12:43:32+0200,906,0,17.882,294.695,304.537,117.12999725341797,-0.05701629817485809,-1.064210057258606,8010.95,5,99.8568,0.0,0.0960685,0.0029856,0.0,STRAIGHT,132.54600524902344,0.01983952944421577,156.1156,6,4.5,0.0,48.961224,-0.014592381,0.7576503,0.0,5,False,-0.014592381194233894,0.7576503157615662,0.0,5,0,7.69312,16.8046,26.4578,45.6126,81.2184,140.125,137.971,135.896,134.285,132.546,130.653,128.568,125.198,120.209,90.4167,52.682,31.1928,20.0262,9.27281
2026-08-04T12:43:32+0200,907,0,17.904,295.412,305.254,117.54299926757812,-0.016428399831056595,-1.0806100368499756,8036.51,5,99.8563,0.0,0.0956283,0.00397289,0.0,STRAIGHT,131.62399291992188,0.022280313316347323,155.98997,6,4.5,0.0,49.23809,-0.014157234,0.7465167,0.0,5,False,-0.014157233759760857,0.7465167045593262,0.0,5,0,7.70452,16.8616,26.596,46.0142,82.4746,139.23,137.069,134.987,133.369,131.624,129.722,127.625,124.231,119.174,89.1732,52.2509,31.0382,19.9615,9.26
2026-08-04T12:43:32+0200,908,0,17.926,296.132,305.974,117.947998046875,0.02050429955124855,-1.1043299436569214,8062.86,5,99.8558,0.0,0.0951016,0.00498056,0.0,STRAIGHT,130.69400024414062,0.02480545680223553,155.86295,6,4.5,0.0,49.513508,-0.013318788,0.7354755,0.0,5,False,-0.013318788260221481,0.735475480556488,0.0,5,0,7.71685,16.9216,26.7408,46.435,83.8035,138.329,136.16,134.07,132.447,130.694,128.783,126.675,123.255,118.123,87.9317,51.8141,30.8797,19.8945,9.24631
2026-08-04T12:43:32+0200,909,0,17.948,296.854,306.696,118.34500122070312,0.048998601734638214,-1.1268600225448608,8088.07,5,99.8553,0.0,0.0944767,0.00595355,0.0,STRAIGHT,129.76800537109375,0.027285344536436457,155.73917,6,4.5,0.0,49.783558,-0.012229245,0.72470725,0.0,5,False,-0.012229245156049728,0.7247072458267212,0.0,5,0,7.72978,16.9821,26.8855,46.8544,85.1373,137.43,135.253,133.156,131.528,129.768,127.849,125.73,122.285,117.08,86.7551,51.3934,30.7248,19.828,9.23214
2026-08-04T12:43:32+0200,910,0,17.97,297.578,307.42,118.73699951171875,0.0690751001238823,-1.1422499418258667,8112.35,5,99.8548,0.0,0.0937692,0.00687343,0.0,STRAIGHT,128.85000610351562,0.029670232766282913,155.61998,6,4.5,0.0,50.048363,-0.010997789,0.7143526,0.0,5,False,-0.010997788980603218,0.7143526077270508,0.0,5,0,7.74303,17.0418,27.027,47.2634,86.4474,136.535,134.352,132.25,130.616,128.85,126.924,124.795,121.329,116.054,85.661,50.9961,30.5764,19.7634,9.2178
2026-08-04T12:43:32+0200,911,0,17.992,298.305,308.147,119.11900329589844,0.08259960263967514,-1.1576100587844849,8137.63,5,99.8543,0.0,0.0929692,0.00773299,0.0,STRAIGHT,127.94300079345703,0.031939434194988646,155.5067,6,4.5,0.0,50.304626,-0.009698509,0.7044692,0.0,5,False,-0.009698509238660336,0.7044692039489746,0.0,5,0,7.75662,17.1005,27.1645,47.6589,87.7201,135.647,133.459,131.351,129.713,127.943,126.011,123.874,120.388,115.051,84.6514,50.6235,30.435,19.7008,9.20326
2026-08-04T12:43:32+0200,912,0,18.014,299.034,308.877,119.49800109863281,0.0910572037100792,-1.1693999767303467,8159.29,5,99.8538,0.0,0.0920707,0.00852978,0.0,STRAIGHT,127.0459976196289,0.034085747401863986,155.39891,6,4.5,0.0,50.5556,-0.0083801765,0.69486004,0.0,5,False,-0.00838017649948597,0.69486004114151,0.0,5,0,7.7706,17.1582,27.2978,48.0391,88.9472,134.765,132.572,130.46,128.82,127.046,125.109,122.966,119.464,114.073,83.7233,50.2752,30.3006,19.6403,9.18849
2026-08-04T12:43:32+0200,913,0,18.036,299.766,309.608,119.87100219726562,0.09720440208911896,-1.1748900413513184,8180.7,5,99.8533,0.0,0.0910858,0.00922853,0.0,STRAIGHT,126.16699981689453,0.03601161811121947,155.3003,6,4.5,0.0,50.79685,-0.0070931376,0.68563306,0.0,5,False,-0.0070931375958025455,0.6856330633163452,0.0,5,0,7.78456,17.2127,27.4215,48.3875,90.0694,133.894,131.699,129.585,127.943,126.167,124.228,122.081,118.57,113.138,82.9098,49.9643,30.1781,19.5839,9.1739
2026-08-04T12:43:32+0200,914,0,18.058,300.5,310.342,120.23699951171875,0.09611540287733078,-1.1766400337219238,8201.78,5,99.8529,0.0,0.0900207,0.00982332,0.0,STRAIGHT,125.30799865722656,0.03769760793007558,155.21158,6,4.5,0.0,51.02724,-0.005873564,0.67683446,0.0,5,False,-0.005873564165085554,0.6768344640731812,0.0,5,0,7.79841,17.2636,27.5344,48.6995,91.0679,133.037,130.841,128.727,127.084,125.308,123.369,121.221,117.706,112.253,82.2116,49.6919,30.0681,19.5321,9.1596
2026-08-04T12:43:32+0200,915,0,18.08,301.236,311.078,120.59700012207031,0.0914480984210968,-1.1758699417114258,8222.62,5,99.8525,0.0,0.0888837,0.0103314,0.0,STRAIGHT,124.46499633789062,0.03917775670078762,155.1314,6,4.5,0.0,51.24828,-0.00473688,0.6683654,0.0,5,False,-0.004736879840493202,0.6683654189109802,0.0,5,0,7.8122,17.3116,27.6382,48.981,91.9596,132.19,129.994,127.881,126.24,124.465,122.528,120.382,116.869,111.41,81.6063,49.4509,29.9684,19.4838,9.14549
2026-08-04T12:43:32+0200,916,0,18.102,301.974,311.816,120.95099639892578,0.08500459790229797,-1.1739799976348877,8243.34,5,99.8521,0.0,0.0876766,0.0107599,0.0,STRAIGHT,123.63700103759766,0.040472718343986046,155.059,6,4.5,0.55,51.46051,0.033980325,0.6601868,0.0,5,False,0.03398032486438751,0.6601868271827698,0.0,5,0,7.82598,17.3569,27.7337,49.2337,92.7489,131.352,129.159,127.048,125.409,123.637,121.703,119.561,116.056,110.605,81.0832,49.2377,29.8779,19.4388,9.13152
2026-08-04T12:43:32+0200,917,0,18.124,302.714,312.556,121.2969970703125,0.16554799675941467,-1.181380033493042,8264.36,5,99.8517,0.0,0.0865134,0.010117,0.0,STRAIGHT,123.03399658203125,0.03896120200865213,155.0867,6,4.5,0.0,51.58402,0.021244168,0.6411866,0.0,5,False,0.021244168281555176,0.6411865949630737,0.0,5,0,7.83081,17.3455,27.6807,49.0148,91.8681,130.673,128.497,126.406,124.784,123.034,121.125,119.016,115.581,110.325,81.6466,49.4227,29.9319,19.4531,9.1275
2026-08-04T12:43:32+0200,918,0,18.146,303.456,313.299,121.63300323486328,0.07969830185174942,-1.2021600008010864,8281.68,5,99.8512,0.0,0.0854615,0.00866342,0.0,STRAIGHT,122.59300231933594,0.035385376332237,155.18774,6,4.5,0.0,51.640156,0.012318695,0.6433112,0.0,5,False,0.012318694964051247,0.6433112025260925,0.0,5,0,7.82823,17.29,27.5146,48.4455,89.7903,130.11,127.964,125.905,124.311,122.593,120.725,118.669,115.345,110.38,83.0752,49.9202,30.0991,19.5141,9.13168
2026-08-04T12:43:32+0200,919,0,18.168,304.201,314.043,121.96600341796875,-0.012798500247299671,-1.224560022354126,8305.79,5,99.8508,0.0,0.0844883,0.00739133,0.0,STRAIGHT,122.10700225830078,0.03232552860259743,155.2701,6,4.5,0.0,51.71063,0.0059554325,0.64320654,0.0,5,False,0.005955432541668415,0.6432065367698669,0.0,5,0,7.82644,17.2429,27.3728,47.9619,88.0564,129.515,127.396,125.366,123.796,122.107,120.275,118.264,115.033,110.297,84.3655,50.3624,30.2457,19.5669,9.13492
2026-08-04T12:43:32+0200,920,0,18.19,304.947,314.789,122.30000305175781,-0.06995169818401337,-1.2420099973678589,8329.07,5,99.8504,0.0,0.0835731,0.0065223,0.0,STRAIGHT,121.53399658203125,0.030297535833105786,155.31523,6,4.5,0.0,51.813274,0.0014555054,0.64019614,0.0,5,False,0.0014555053785443306,0.6401961445808411,0.0,5,0,7.82736,17.2156,27.2844,47.6507,86.9357,128.858,126.759,124.751,123.2,121.534,119.729,117.753,114.591,110.014,85.2521,50.6578,30.3399,19.5987,9.13504
2026-08-04T12:43:32+0200,921,0,18.212,305.696,315.538,122.62699890136719,-0.09600090235471725,-1.276039958000183,8358.21,5,99.85,0.0,0.0827019,0.0060575,0.0,STRAIGHT,120.8759994506836,0.029277439284680573,155.32495,6,4.5,0.0,51.943398,-0.0016340222,0.6358002,0.0,5,False,-0.0016340222209692001,0.6358001828193665,0.0,5,0,7.83111,17.2082,27.2488,47.5059,86.3848,128.14,126.056,124.064,122.526,120.876,119.091,117.14,114.027,109.556,85.7044,50.7995,30.3798,19.6089,9.13188
2026-08-04T12:43:32+0200,922,0,18.234,306.446,316.288,122.96099853515625,-0.09624990075826645,-1.311769962310791,8377.82,5,99.8496,0.0,0.0818605,0.00592095,0.0,STRAIGHT,120.1510009765625,0.029062540686712372,155.30507,6,4.5,0.0,52.10213,-0.0036442752,0.6287246,0.0,5,False,-0.0036442752461880445,0.6287245750427246,0.0,5,0,7.83721,17.217,27.2557,47.4939,86.2795,127.372,125.299,123.318,121.79,120.151,118.38,116.446,113.367,108.967,85.7919,50.8138,30.3752,19.6012,9.12602
2026-08-04T12:43:32+0200,923,0,18.256,307.199,317.041,123.29100036621094,-0.08060979843139648,-1.3317400217056274,8395.18,5,99.8492,0.0,0.0810202,0.00602698,0.0,STRAIGHT,119.37699890136719,0.029441198293273088,155.26453,6,4.5,0.0,52.27725,-0.00483179,0.620564,0.0,5,False,-0.004831789992749691,0.6205639839172363,0.0,5,0,7.84523,17.2382,27.2947,47.5806,86.5018,126.568,124.502,122.528,121.008,119.377,117.616,115.694,112.638,108.286,85.6056,50.7326,30.3369,19.5801,9.11797
2026-08-04T12:43:32+0200,924,0,18.278,307.953,317.795,123.61499786376953,-0.057299599051475525,-1.341599941253662,8412.49,5,99.8487,0.0,0.0801813,0.00629205,0.0,STRAIGHT,118.57099914550781,0.030210776032511207,155.2107,6,4.5,0.0,52.461605,-0.005405265,0.6125829,0.0,5,False,-0.0054052649065852165,0.6125829219818115,0.0,5,0,7.8545,17.2675,27.3548,47.7324,86.9415,125.74,123.678,121.711,120.195,118.571,116.817,114.904,111.865,107.545,85.2418,50.5892,30.2767,19.5501,9.10851
2026-08-04T12:43:32+0200,925,0,18.3,308.71,318.552,123.93299865722656,-0.0318869985640049,-1.3427000045776367,8429.76,5,99.8483,0.0,0.0793254,0.00663471,0.0,STRAIGHT,117.74800109863281,0.031173096563309594,155.15076,6,4.5,0.0,52.64899,-0.005539937,0.60483533,0.0,5,False,-0.0055399369448423386,0.6048353314399719,0.0,5,0,7.86453,17.3012,27.4259,47.9179,87.4938,124.898,122.841,120.878,119.367,117.748,116.001,114.095,111.071,106.776,84.7933,50.4154,30.2054,19.5156,9.09822
2026-08-04T12:43:32+0200,926,0,18.322,309.468,319.31,124.24299621582031,-0.012908300384879112,-1.3383400440216064,8447.33,5,99.8479,0.0,0.0784402,0.00703096,0.0,STRAIGHT,116.91300201416016,0.03227859425851717,155.0868,6,4.5,0.0,52.83677,-0.005360964,0.5972845,0.0,5,False,-0.005360964220017195,0.5972844958305359,0.0,5,0,7.87526,17.3382,27.5052,48.1283,88.13,124.047,121.993,120.035,118.528,116.913,115.171,113.273,110.26,105.987,84.2877,50.2204,30.1263,19.4777,9.0872
2026-08-04T12:43:32+0200,927,0,18.344,310.228,320.07,124.5479965209961,0.007471510209143162,-1.3528200387954712,8465.27,5,99.8475,0.0,0.0775238,0.00743473,0.0,STRAIGHT,116.07599639892578,0.03340936025089558,155.02274,6,4.5,0.0,53.022808,-0.0049725906,0.5898753,0.0,5,False,-0.00497259059920907,0.5898752808570862,0.0,5,0,7.88632,17.3763,27.5869,48.345,88.7878,123.193,121.143,119.189,117.685,116.076,114.339,112.448,109.447,105.196,83.7768,50.0223,30.0455,19.4388,9.07587
2026-08-04T12:43:32+0200,928,0,18.366,310.99,320.833,124.84700012207031,0.020308999344706535,-1.3839399814605713,8484.04,5,99.8471,0.0,0.0765661,0.00781375,0.0,STRAIGHT,115.24099731445312,0.03449015576227432,154.9614,6,4.5,0.0,53.204147,-0.0044581024,0.5826293,0.0,5,False,-0.004458102397620678,0.5826293230056763,0.0,5,0,7.89755,17.414,27.6667,48.5549,89.4227,122.34,120.294,118.345,116.846,115.241,113.511,111.627,108.64,104.413,83.2944,49.8329,29.9673,19.4007,9.06442
2026-08-04T12:43:32+0200,929,0,18.388,311.754,321.596,125.14099884033203,0.030833100900053978,-1.4165799617767334,8502.91,5,99.8466,0.0,0.0755795,0.00815547,0.0,STRAIGHT,114.41300201416016,0.035489228918935516,154.90373,6,4.5,0.0,53.38038,-0.0038787387,0.57563853,0.0,5,False,-0.0038787387311458588,0.5756385326385498,0.0,5,0,7.90873,17.4503,27.7427,48.7518,90.0137,121.491,119.45,117.506,116.012,114.413,112.689,110.813,107.842,103.643,82.8541,49.6575,29.8935,19.3642,9.05306
2026-08-04T12:43:32+0200,930,0,18.41,312.52,322.362,125.43000030517578,0.03500489890575409,-1.4408600330352783,8520.85,5,99.8462,0.0,0.0745593,0.00846499,0.0,STRAIGHT,113.58899688720703,0.036416590841785786,154.84943,6,4.5,0.0,53.551746,-0.0032714335,0.5688923,0.0,5,False,-0.003271433524787426,0.5688923001289368,0.0,5,0,7.91995,17.4857,27.8155,48.9379,90.5671,120.645,118.609,116.671,115.181,113.589,111.873,110.006,107.051,102.883,82.4488,49.4935,29.8234,19.3289,9.04172
2026-08-04T12:43:32+0200,931,0,18.432,313.287,323.13,125.7030029296875,0.04032919928431511,-1.5098999738693237,8549.6,5,99.8458,0.0,0.0734937,0.00874066,0.0,STRAIGHT,112.76899719238281,0.037269885851237285,154.7998,6,4.5,0.0,53.71233,-0.0026605013,0.5625774,0.0,5,False,-0.0026605012826621532,0.5625774264335632,0.0,5,0,7.93129,17.5203,27.8852,49.1128,91.0802,119.801,117.77,115.839,114.356,112.769,111.062,109.205,106.268,102.135,82.0787,49.3409,29.7568,19.2947,9.03031
2026-08-04T12:43:32+0200,932,0,18.454,314.057,323.899,125.98799896240234,0.04122129827737808,-1.5607000589370728,8562.13,5,99.8454,0.0,0.0723949,0.00899017,0.0,STRAIGHT,111.9540023803711,0.03806814476991667,154.75116,6,4.5,0.0,53.87737,-0.0020580336,0.5560823,0.0,5,False,-0.002058033598586917,0.5560823082923889,0.0,5,0,7.94272,17.5542,27.9526,49.2789,91.5618,118.959,116.935,115.01,113.533,111.954,110.255,108.408,105.491,101.395,81.7355,49.1972,29.693,19.2614,9.01886
2026-08-04T12:43:32+0200,933,0,18.476,314.827,324.67,126.26699829101562,0.042311400175094604,-1.5867600440979004,8574.82,5,99.845,0.0,0.0712691,0.00919831,0.0,STRAIGHT,111.14399719238281,0.03883800405779406,154.70433,6,4.5,0.0,54.03841,-0.0014803706,0.5497445,0.0,5,False,-0.0014803706435486674,0.5497444868087769,0.0,5,0,7.95404,17.5864,28.0152,49.4293,92.113,118.121,116.103,114.187,112.716,111.144,109.455,107.619,104.724,100.667,81.4351,49.0681,29.634,19.2299,9.00755
2026-08-04T12:43:32+0200,934,0,18.498,315.6,325.442,126.53900146484375,0.041115399450063705,-1.5965700149536133,8588.41,5,99.8445,0.0,0.0701202,0.00934017,0.0,GENTLE_LEFT,110.34600067138672,0.053644508735656536,117.881386,5,5.5,0.55,54.647655,0.036729403,0.0,0.06833147,5,False,0.03672940284013748,0.0,0.06833147257566452,5,0,7.96503,17.6157,28.0695,49.5524,120.653,117.29,115.28,113.372,111.909,110.346,108.667,106.844,103.972,99.9608,81.2022,48.9629,29.5833,19.2016,8.99663
2026-08-04T12:43:32+0200,935,0,18.52,316.373,326.215,126.38099670410156,0.12434300035238266,-1.5909600257873535,8383.99,5,99.8445,0.0,0.0690545,0.00840598,0.0,GENTLE_LEFT,109.74600219726562,0.05190230876486166,117.94859,5,5.5,0.55,54.50101,0.061089125,0.0,0.06770357,5,False,0.06108912453055382,0.0,0.06770356744527817,5,0,7.96658,17.5866,27.9728,49.2035,119.94,116.607,114.618,112.731,111.286,109.746,108.092,106.301,103.491,99.6016,82.0882,49.2621,29.6786,19.2331,8.99593
2026-08-04T12:43:33+0200,936,0,18.542,317.144,326.986,125.99600219726562,0.1111690029501915,-1.5792700052261353,8356.18,5,99.8444,0.0,0.0682581,0.00551265,0.0,STRAIGHT,109.49600219726562,0.030215303198028585,155.06737,6,4.5,0.0,53.599552,0.03791232,0.5419022,0.0,5,False,0.03791232034564018,0.5419021844863892,0.0,5,0,7.95004,17.451,27.6049,48.0296,87.0025,116.189,114.243,112.401,110.993,109.496,107.894,106.166,103.475,99.8189,85.1715,50.3345,30.0494,19.3773,9.01491
2026-08-04T12:43:33+0200,937,0,18.564,317.914,327.756,126.0530014038086,-0.09541390091180801,-1.6191200017929077,8557.07,5,99.844,0.0,0.0677655,0.00200915,0.0,STRAIGHT,109.33699798583984,0.021945352953697102,155.36101,6,4.5,0.0,53.362526,0.021125127,0.5565493,0.0,5,False,0.021125126630067825,0.5565493106842041,0.0,5,0,7.92621,17.2813,27.1596,46.6604,82.557,115.846,113.947,112.154,110.787,109.337,107.79,106.13,103.562,100.134,89.181,51.7231,30.5255,19.5641,9.04214
2026-08-04T12:43:33+0200,938,0,18.586,318.685,328.527,126.32099914550781,-0.2527500092983246,-1.6507400274276733,8580.14,5,99.8436,0.0,0.0674862,-0.000669062,0.0,STRAIGHT,109.01699829101562,0.01658656016382453,155.52626,6,4.5,0.0,53.32862,0.008895328,0.5607999,0.0,5,False,0.008895328268408775,0.5607998967170715,0.0,5,0,7.90735,17.1523,26.8264,45.6617,79.4486,115.383,113.522,111.767,110.431,109.017,107.513,105.902,103.426,100.156,90.83,52.8436,30.9032,19.7114,9.06399
2026-08-04T12:43:33+0200,939,0,18.608,319.458,329.3,126.5999984741211,-0.3209899961948395,-1.6771999597549438,8597.8,5,99.8431,0.0,0.0673727,-0.00233155,0.0,STRAIGHT,108.51599884033203,0.01362562736954238,155.60332,6,4.5,0.0,53.377544,0.00012619421,0.56144977,0.0,5,False,0.00012619420886039734,0.5614497661590576,0.0,5,0,7.89522,17.0721,26.6222,45.0606,77.6304,114.784,112.948,111.22,109.906,108.516,107.041,105.465,103.05,99.8825,91.2726,53.5674,31.1444,19.8051,9.07815
2026-08-04T12:43:33+0200,940,0,18.63,320.232,330.075,126.8740005493164,-0.3212380111217499,-1.7171499729156494,8622.31,5,99.8427,0.0,0.0673888,-0.00309926,0.0,STRAIGHT,107.86399841308594,0.012420812248616958,155.61726,6,4.5,0.0,53.480587,-0.005953688,0.5596891,0.0,5,False,-0.00595368817448616,0.5596891045570374,0.0,5,0,7.88906,17.0342,26.527,44.7851,76.8131,114.067,112.248,110.537,109.237,107.864,106.407,104.853,102.477,99.374,91.1374,53.9119,31.2591,19.85,9.0853
2026-08-04T12:43:33+0200,941,0,18.652,321.009,330.851,127.14900207519531,-0.2847070097923279,-1.8106000423431396,8645.61,5,99.8423,0.0,0.0674979,-0.00321031,0.0,STRAIGHT,107.10299682617188,0.012429326890536989,155.58714,6,4.5,0.0,53.623547,-0.009962518,0.5516873,0.0,5,False,-0.009962517768144608,0.5516873002052307,0.0,5,0,7.88726,17.0267,26.5103,44.7404,76.6875,113.267,111.457,109.757,108.466,107.103,105.658,104.118,101.766,98.7027,90.6695,53.9675,31.2789,19.8585,9.08724
2026-08-04T12:43:33+0200,942,0,18.674,321.787,331.629,127.43000030517578,-0.2225790023803711,-1.8694599866867065,8655.81,5,99.8419,0.0,0.0676389,-0.00283259,0.0,STRAIGHT,106.26200103759766,0.013328314622215258,155.52441,6,4.5,0.0,53.798466,-0.012382104,0.54360414,0.0,5,False,-0.012382104061543941,0.5436041355133057,0.0,5,0,7.88903,17.0427,26.5527,44.8681,77.0739,112.403,110.599,108.905,107.619,106.262,104.824,103.292,100.955,97.9141,89.9825,53.8046,31.2266,19.8391,9.08499
2026-08-04T12:43:33+0200,943,0,18.696,322.566,332.408,127.7020034790039,-0.15052400529384613,-1.904539942741394,8667.62,5,99.8415,0.0,0.0677812,-0.00212789,0.0,STRAIGHT,105.36799621582031,0.014831177920532086,155.44113,6,4.5,0.0,53.988384,-0.01360503,0.53584087,0.0,5,False,-0.013605030253529549,0.5358408689498901,0.0,5,0,7.89336,17.0747,26.6358,45.1142,77.8157,111.498,109.696,108.005,106.722,105.368,103.934,102.407,100.078,97.0488,89.158,53.4974,31.1261,19.8009,9.07977
2026-08-04T12:43:33+0200,944,0,18.718,323.347,333.19,127.96700286865234,-0.08472029864788055,-1.9171099662780762,8679.78,5,99.841,0.0,0.0678864,-0.00120854,0.0,STRAIGHT,104.44000244140625,0.01674649202733861,155.34418,6,4.5,0.0,54.188,-0.013940203,0.528285,0.0,5,False,-0.013940203003585339,0.528285026550293,0.0,5,0,7.8997,17.1182,26.7473,45.4435,78.8123,110.564,108.763,107.073,105.791,104.44,103.008,101.483,99.1575,96.1335,88.2458,53.098,30.9937,19.7498,9.07229
2026-08-04T12:43:33+0200,945,0,18.74,324.13,333.973,128.2239990234375,-0.024841800332069397,-1.9125900268554688,8692.6,5,99.8406,0.0,0.0679339,-0.00017786,0.0,STRAIGHT,103.49199676513672,0.018901031655475284,155.23997,6,4.5,0.0,54.391136,-0.013638882,0.52099484,0.0,5,False,-0.013638881966471672,0.5209948420524597,0.0,5,0,7.90744,17.1685,26.8755,45.8221,79.9669,109.614,107.813,106.124,104.843,103.492,102.061,100.538,98.2146,95.1926,87.2892,52.6539,30.8447,19.6915,9.06333
2026-08-04T12:43:33+0200,946,0,18.762,324.915,334.757,128.4739990234375,0.023646099492907524,-1.929569959640503,8706.6,5,99.8402,0.0,0.0678995,0.00087893,0.0,STRAIGHT,102.54000091552734,0.021143388084222215,155.13402,6,4.5,0.0,54.593266,-0.012905504,0.5137155,0.0,5,False,-0.012905503623187542,0.5137155055999756,0.0,5,0,7.9161,17.2219,27.0106,46.221,81.1938,108.66,106.859,105.17,103.89,102.54,101.11,99.5876,97.2663,94.246,86.3237,52.2023,30.691,19.6306,9.05347
2026-08-04T12:43:33+0200,947,0,18.784,325.701,335.543,128.718994140625,0.061084598302841187,-1.9819999933242798,8721.67,5,99.8399,0.0,0.0677668,0.00188184,0.0,STRAIGHT,101.59500122070312,0.0388098925348232,154.47142,6,4.5,0.0,55.299423,-0.011911947,0.49312037,0.0,5,False,-0.011911947280168533,0.49312037229537964,0.0,5,0,7.92519,17.2749,27.1431,46.6111,110.773,107.711,105.91,104.222,102.943,101.595,100.167,98.6465,96.3284,93.3121,85.3834,51.776,30.5437,19.5713,9.0433
2026-08-04T12:43:33+0200,948,0,18.806,326.488,336.33,128.94900512695312,0.08570680022239685,-2.037400007247925,8732.03,5,99.8396,0.0,0.0675404,0.00281125,0.0,STRAIGHT,100.66100311279297,0.03973328721806545,154.41664,6,4.5,0.0,55.448097,-0.01078031,0.48760548,0.0,5,False,-0.01078031025826931,0.487605482339859,0.0,5,0,7.93452,17.3261,27.2701,46.9837,109.831,106.769,104.97,103.284,102.007,100.661,99.2352,97.7182,95.4051,92.3958,84.4777,51.3821,30.4055,19.5148,9.03302
2026-08-04T12:43:33+0200,949,0,18.828,327.277,337.119,129.1719970703125,0.10067900270223618,-2.0787200927734375,8746.44,5,99.8392,0.0,0.0672154,0.003676,0.0,STRAIGHT,99.73580169677734,0.0405953361459859,154.36565,6,4.5,0.55,55.590477,0.026588524,0.48240674,0.0,5,False,0.026588523760437965,0.48240673542022705,0.0,5,0,7.9442,17.3762,27.3926,47.3415,108.895,105.834,104.037,102.354,101.079,99.7358,98.3139,96.8009,94.4946,91.4949,83.6029,51.0153,30.2748,19.4604,9.02252
2026-08-04T12:43:33+0200,950,0,18.85,328.067,337.909,129.37399291992188,0.1966090053319931,-2.2019801139831543,8778.04,5,99.8389,0.0,0.0669002,0.00347519,0.0,STRAIGHT,98.97889709472656,0.04022904056894557,154.36021,6,4.5,0.55,55.68237,0.050767336,0.47299156,0.0,5,False,0.050767336040735245,0.47299155592918396,0.0,5,0,7.94527,17.3718,27.3755,47.2777,108.074,105.031,103.246,101.575,100.31,98.9789,97.5708,96.074,93.7959,90.8417,83.1828,51.0813,30.2939,19.4659,9.02165
2026-08-04T12:43:33+0200,951,0,18.872,328.858,338.7,129.59300231933594,0.18798400461673737,-2.294339895248413,8782.41,5,99.8386,0.0,0.0667655,0.00139874,0.0,STRAIGHT,98.51139831542969,0.03775224509778142,154.42603,6,4.5,0.0,55.71643,0.029317748,0.46289438,0.0,5,False,0.029317747801542282,0.46289438009262085,0.0,5,0,7.92986,17.269,27.1101,46.4755,107.455,104.455,102.699,101.057,99.816,98.5114,97.1341,95.6732,93.4581,90.6052,83.4546,51.9286,30.5839,19.5802,9.03917
2026-08-04T12:43:33+0200,952,0,18.894,329.651,339.493,129.8040008544922,-0.0038376098964363337,-2.339600086212158,8786.97,5,99.8382,0.0,0.0668216,-0.00128913,0.0,STRAIGHT,98.12680053710938,0.034689903541596796,154.51164,6,4.5,0.0,55.7287,0.01402876,0.46847662,0.0,5,False,0.0140287596732378,0.46847662329673767,0.0,5,0,7.90809,17.1337,26.7677,45.4659,106.898,103.948,102.224,100.615,99.401,98.1268,96.7842,95.3635,93.2177,90.4742,83.8125,53.0802,30.9747,19.7347,9.06397
2026-08-04T12:43:33+0200,953,0,18.916,330.445,340.287,130.01300048828125,-0.1544640064239502,-2.355259895324707,8798.39,5,99.8379,0.0,0.0670277,-0.00331134,0.0,STRAIGHT,97.63179779052734,0.015683604920694268,155.17435,6,4.5,0.0,55.21023,0.003068015,0.48426083,0.0,5,False,0.003068014979362488,0.48426082730293274,0.0,5,0,7.89045,17.0304,26.5112,44.7271,76.859,103.354,101.656,100.074,98.8818,97.6318,96.3169,94.928,92.8365,90.1769,83.8527,53.9893,31.2802,19.8557,9.08416
2026-08-04T12:43:33+0200,954,0,18.938,331.24,341.082,130.23199462890625,-0.2225870043039322,-2.3475799560546875,8815.06,5,99.8376,0.0,0.067335,-0.00442535,0.0,STRAIGHT,96.99700164794922,0.013861668113356098,155.2136,6,4.5,0.0,55.267162,-0.004630451,0.48411492,0.0,5,False,-0.004630451090633869,0.4841149151325226,0.0,5,0,7.87913,16.9704,26.3665,44.321,75.4849,102.649,100.97,99.4067,98.2298,96.997,95.7018,94.3354,92.2821,89.6805,83.573,54.5134,31.4568,19.9266,9.09698
2026-08-04T12:43:33+0200,955,0,18.96,332.037,341.879,130.4530029296875,-0.2243330031633377,-2.3379199504852295,8827.92,5,99.8372,0.0,0.0677131,-0.00472391,0.0,STRAIGHT,96.24140167236328,0.013756420719020584,155.19058,6,4.5,0.0,55.38213,-0.009804171,0.47878307,0.0,5,False,-0.009804170578718185,0.4787830710411072,0.0,5,0,7.87361,16.9491,26.3197,44.1993,75.4376,101.847,100.18,98.6292,97.4625,96.2414,94.9593,93.608,91.5802,89.0168,83.044,54.6707,31.5132,19.9512,9.10295
2026-08-04T12:43:33+0200,956,0,18.982,332.835,342.677,130.67300415039062,-0.18332800269126892,-2.391129970550537,8840.92,5,99.8369,0.0,0.0681192,-0.00442362,0.0,STRAIGHT,95.39869689941406,0.030749968579940775,154.54813,6,4.5,0.0,56.068134,-0.0130383875,0.4578781,0.0,5,False,-0.013038387522101402,0.45787811279296875,0.0,5,0,7.87252,16.9563,26.3446,44.2843,103.828,100.974,99.3147,97.7721,96.6122,95.3987,94.1254,92.7842,90.7732,88.2348,82.3457,54.5527,31.4797,19.9411,9.10365
2026-08-04T12:43:33+0200,957,0,19.004,333.634,343.476,130.8780059814453,-0.12530900537967682,-2.454770088195801,8849.28,5,99.8365,0.0,0.068519,-0.00373626,0.0,STRAIGHT,94.50060272216797,0.03128369154727462,154.50418,6,4.5,0.0,56.196682,-0.014817738,0.45221642,0.0,5,False,-0.014817737974226475,0.45221641659736633,0.0,5,0,7.87451,16.9824,26.4169,44.5057,102.904,100.056,98.4012,96.864,95.7087,94.5006,93.2333,91.8991,89.8999,87.3785,81.5436,54.2579,31.3877,19.9082,9.10075
2026-08-04T12:43:33+0200,958,0,19.026,334.434,344.277,131.072998046875,-0.06570909917354584,-2.515429973602295,8862.48,5,99.8362,0.0,0.068863,-0.00279832,0.0,STRAIGHT,93.56659698486328,0.032079970947079386,154.45251,6,4.5,0.0,56.328217,-0.015522337,0.4470187,0.0,5,False,-0.015522336587309837,0.44701871275901794,0.0,5,0,7.87894,17.022,26.5221,44.8214,101.952,99.1078,97.4563,95.9228,94.7709,93.5666,92.3038,90.9747,88.9841,86.4752,80.6768,53.8509,31.2573,19.8599,9.09509
2026-08-04T12:43:33+0200,959,0,19.048,335.236,345.078,131.2480010986328,-0.006214839871972799,-2.6382100582122803,8894.34,5,99.8359,0.0,0.0691313,-0.00168204,0.0,STRAIGHT,92.6072998046875,0.03306953957724438,154.39677,6,4.5,0.0,56.455067,-0.015434406,0.44242957,0.0,5,False,-0.015434405766427517,0.4424295723438263,0.0,5,0,7.88543,17.0719,26.6525,45.2102,100.98,98.1381,96.4889,94.9581,93.8086,92.6073,91.3478,90.0227,88.0387,85.539,79.7656,53.3678,31.0996,19.8001,9.08718
2026-08-04T12:43:33+0200,960,0,19.07,336.039,345.881,131.44200134277344,0.05766360089182854,-2.7802999019622803,8902.45,5,99.8355,0.0,0.0693118,-0.000451386,0.0,STRAIGHT,91.63169860839844,0.03419100608982894,154.33514,6,4.5,0.0,56.595695,-0.014767845,0.437081,0.0,5,False,-0.014767845161259174,0.4370810091495514,0.0,5,0,7.89359,17.1295,26.8013,45.6528,99.9958,97.1543,95.5068,93.9781,92.8306,91.6317,90.3751,89.0532,87.0746,84.5823,78.8273,52.8398,30.9243,19.7326,9.07751
2026-08-04T12:43:33+0200,961,0,19.092,336.843,346.685,131.63600158691406,0.10336799919605255,-2.851979970932007,8904.63,5,99.8352,0.0,0.0693819,0.00079149,0.0,STRAIGHT,90.65409851074219,0.035342305786800365,154.27344,6,4.5,0.0,56.736576,-0.013711859,0.43193054,0.0,5,False,-0.013711858540773392,0.4319305419921875,0.0,5,0,7.90281,17.1902,26.9565,46.1144,99.0085,96.168,94.5223,92.9959,91.8505,90.6541,89.4004,88.082,86.1089,83.6245,77.8886,52.3118,30.7462,19.6628,9.06683
2026-08-04T12:43:33+0200,962,0,19.114,337.648,347.49,131.82200622558594,0.1347929984331131,-2.8826398849487305,8910.16,5,99.8349,0.0,0.0693234,0.00198805,0.0,STRAIGHT,89.68260192871094,0.036465524687825934,154.21469,6,4.5,0.0,56.871407,-0.012417786,0.42717814,0.0,5,False,-0.012417785823345184,0.42717814445495605,0.0,5,0,7.9128,17.2514,27.1115,46.5742,98.0242,95.1858,93.5424,92.0189,90.8761,89.6826,88.4323,87.1179,85.1514,82.6762,76.9647,51.8073,30.5731,19.5938,9.05552
2026-08-04T12:43:33+0200,963,0,19.136,338.454,348.296,132.0019989013672,0.153671994805336,-2.8803799152374268,8916.41,5,99.8345,0.0,0.0691302,0.00306815,0.0,STRAIGHT,88.72699737548828,0.03748673991216152,154.16136,6,4.5,0.0,56.998753,-0.011018746,0.42278722,0.0,5,False,-0.011018745601177216,0.42278721928596497,0.0,5,0,7.92304,17.3096,27.257,47.0043,97.0505,94.2157,92.5757,91.0561,89.9166,88.727,87.4811,86.1718,84.2138,81.7507,76.0737,51.3535,30.4145,19.5294,9.04416
2026-08-04T12:43:33+0200,964,0,19.158,339.261,349.103,132.17599487304688,0.15685999393463135,-2.8563599586486816,8924.23,5,99.8342,0.0,0.0688206,0.00401723,0.0,STRAIGHT,87.78929901123047,0.03838720890304828,154.11397,6,4.5,0.0,57.1181,-0.009609771,0.41874158,0.0,5,False,-0.009609770961105824,0.4187415838241577,0.0,5,0,7.93325,17.3637,27.3902,47.3959,96.0887,93.2595,91.624,90.1093,88.9741,87.7893,86.5489,85.246,83.2984,80.8505,75.2191,50.9546,30.2726,19.4706,9.03303
2026-08-04T12:43:33+0200,965,0,19.18,340.07,349.912,132.3470001220703,0.15393799543380737,-2.8774099349975586,8933.64,5,99.8339,0.0,0.0683865,0.00484002,0.0,STRAIGHT,86.86849975585938,0.039172410859350665,154.07205,6,4.5,0.0,57.231148,-0.008249691,0.4149041,0.0,5,False,-0.008249690756201744,0.41490408778190613,0.0,5,0,7.94354,17.414,27.5117,47.7489,95.1384,92.3165,90.6865,89.1778,88.0476,86.8685,85.6347,84.3392,82.4041,79.9741,74.3985,50.6057,30.1459,19.4169,9.022
2026-08-04T12:43:33+0200,966,0,19.202,340.879,350.721,132.51300048828125,0.1472110003232956,-2.907860040664673,8944.24,5,99.8335,0.0,0.0678527,0.00552148,0.0,STRAIGHT,85.96700286865234,0.039821699519699355,154.03636,6,4.5,0.0,57.336315,-0.0069859494,0.41130388,0.0,5,False,-0.006985949352383614,0.41130387783050537,0.0,5,0,7.95357,17.4591,27.6181,48.0541,94.2014,91.3885,89.7653,88.2636,87.1394,85.967,84.7408,83.4541,81.5334,79.1244,73.6151,50.312,30.0367,19.3695,9.01141
2026-08-04T12:43:33+0200,967,0,19.224,341.689,351.531,132.6750030517578,0.13518700003623962,-2.942470073699951,8955.67,5,99.8332,0.0,0.0672083,0.00609183,0.0,STRAIGHT,85.07990264892578,0.04036886424515682,154.00569,6,4.5,0.55,57.435146,0.029737933,0.40788698,0.0,5,False,0.029737932607531548,0.40788698196411133,0.0,5,0,7.96366,17.5007,27.7137,48.3225,93.2741,90.4718,88.8561,87.3624,86.2448,85.0799,83.8621,82.5851,80.6804,78.2948,72.8594,50.0592,29.9404,19.3264,9.0009
2026-08-04T12:43:33+0200,968,0,19.246,342.5,352.343,132.8249969482422,0.20327000319957733,-3.0111799240112305,8976.69,5,99.8329,0.0,0.0665921,0.0055865,0.0,STRAIGHT,84.33879852294922,0.03977438620685338,154.01645,6,4.5,0.0,57.489983,0.017826578,0.39896038,0.0,5,False,0.01782657764852047,0.3989603817462921,0.0,5,0,7.96485,17.486,27.6642,48.1458,92.4553,89.6751,88.0742,86.5955,85.4901,84.3388,83.1364,81.8768,80.0011,77.658,72.3634,50.2271,29.9923,19.343,9.00019
2026-08-04T12:43:33+0200,969,0,19.268,343.313,353.155,132.9810028076172,0.0946803018450737,-3.1239099502563477,8985.16,5,99.8326,0.0,0.066067,0.00422508,0.0,STRAIGHT,83.70980072021484,0.03827959467429918,154.05768,6,4.5,0.0,57.51881,0.009438764,0.40053925,0.0,5,False,0.009438764303922653,0.40053924918174744,0.0,5,0,7.95838,17.4257,27.4987,47.6194,91.7209,88.9715,87.3907,85.9323,84.843,83.7098,82.5277,81.291,79.4535,77.1661,72.0524,50.7402,30.1656,19.4089,9.0079
2026-08-04T12:43:33+0200,970,0,19.29,344.126,353.968,133.14100646972656,-0.017690200358629227,-3.1845600605010986,8990.94,5,99.8323,0.0,0.0656005,0.00304365,0.0,STRAIGHT,83.05229949951172,0.03698305243469974,154.09093,6,4.5,0.0,57.556763,0.0034277309,0.4007683,0.0,5,False,0.0034277308732271194,0.40076830983161926,0.0,5,0,7.95289,17.374,27.3571,47.1729,90.9657,88.2449,86.6827,85.243,84.1687,83.0523,81.8889,80.6733,78.8706,76.6336,71.6781,51.194,30.3175,19.4663,9.01452
2026-08-04T12:43:33+0200,971,0,19.312,344.94,354.782,133.2989959716797,-0.08173570036888123,-3.213900089263916,8998.35,5,99.8319,0.0,0.0651785,0.00231445,0.0,STRAIGHT,82.33209991455078,0.036158076200394816,154.1073,6,4.5,0.0,57.60965,-0.0008146344,0.39943126,0.0,5,False,-0.0008146343752741814,0.3994312584400177,0.0,5,0,7.95065,17.3448,27.2745,46.9084,90.1633,87.4664,85.9198,84.4959,83.4344,82.3321,81.1845,79.9868,78.2134,76.0183,71.1901,51.4719,30.4083,19.4995,9.01749
2026-08-04T12:43:33+0200,972,0,19.334,345.755,355.597,133.45399475097656,-0.10100399702787399,-3.2196099758148193,9005.42,5,99.8317,0.0,0.0647866,0.00201446,0.0,STRAIGHT,81.55449676513672,0.035773781833822155,154.10812,6,4.5,0.0,57.675873,-0.0036942316,0.39707375,0.0,5,False,-0.0036942316219210625,0.39707374572753906,0.0,5,0,7.95158,17.3368,27.247,46.8115,89.3168,86.6396,85.1062,83.6957,82.6449,81.5545,80.4203,79.2375,77.4886,75.3284,70.6035,51.5766,30.4396,19.5092,9.01687
2026-08-04T12:43:33+0200,973,0,19.356,346.571,356.413,133.60800170898438,-0.09230119735002518,-3.2090399265289307,9013.14,5,99.8314,0.0,0.0644147,0.00205517,0.0,STRAIGHT,80.7323989868164,0.03573703756139369,154.09654,6,4.5,0.0,57.753345,-0.005518573,0.3931421,0.0,5,False,-0.005518572870641947,0.39314210414886475,0.0,5,0,7.95507,17.3458,27.2632,46.8459,88.4358,85.7753,84.2531,82.854,81.8125,80.7324,79.6097,78.4398,76.712,74.5816,69.9431,51.5418,30.4232,19.5001,9.01335
2026-08-04T12:43:33+0200,974,0,19.378,347.388,357.23,133.7570037841797,-0.06830870360136032,-3.212519884109497,9021.07,5,99.8312,0.0,0.0640404,0.00234169,0.0,STRAIGHT,79.87870025634766,0.03595166003012862,154.06195,6,4.5,0.0,57.85042,-0.006533745,0.38911885,0.0,5,False,-0.006533745210617781,0.38911885023117065,0.0,5,0,7.96054,17.3673,27.3113,46.9762,87.5298,84.884,83.3717,81.9828,80.9496,79.8787,78.7663,77.6081,75.899,73.7951,69.2321,51.4057,30.372,19.4771,9.00761
2026-08-04T12:43:33+0200,975,0,19.4,348.206,358.048,133.90199279785156,-0.03840579837560654,-3.2169599533081055,9029.68,5,99.8309,0.0,0.0636487,0.00278407,0.0,STRAIGHT,79.00540161132812,0.03632768869766283,153.9313,6,4.5,0.0,58.03661,-0.0069438163,0.38321123,0.0,5,False,-0.006943816319108009,0.383211225271225,0.0,5,0,7.96742,17.3971,27.3803,47.1691,86.6077,83.9754,82.4725,81.0931,80.0676,79.0054,77.9026,76.7551,75.0636,72.9843,68.4903,51.2058,30.2985,19.4452,9.00034
2026-08-04T12:43:33+0200,976,0,19.422,349.025,358.867,134.04299926757812,-0.008065040223300457,-3.2231199741363525,9037.93,5,99.8307,0.0,0.0632148,0.00330073,0.0,STRAIGHT,78.1227035522461,0.03678580066601584,153.79741,6,4.5,0.0,58.22442,-0.006920736,0.37747392,0.0,5,False,-0.006920735817402601,0.377473920583725,0.0,5,0,7.97525,17.4315,27.4607,47.3951,85.6775,83.0584,81.5645,80.1945,79.1765,78.1227,77.0292,75.8923,74.2178,72.1623,67.7346,50.9753,30.2137,19.4084,8.99205
2026-08-04T12:43:33+0200,977,0,19.444,349.844,359.687,134.1739959716797,0.017721399664878845,-3.2526700496673584,9050.12,5,99.8304,0.0,0.0627337,0.00384516,0.0,STRAIGHT,77.23639678955078,0.037279401208970164,153.66328,6,4.5,0.0,58.40836,-0.006599384,0.3718915,0.0,5,False,-0.006599383894354105,0.37189149856567383,0.0,5,0,7.98373,17.4684,27.5465,47.6366,84.7437,82.1379,80.653,79.2923,78.2819,77.2364,76.1524,75.0259,73.3684,71.3365,66.974,50.7332,30.1241,19.3693,8.98312
2026-08-04T12:43:33+0200,978,0,19.466,350.665,360.507,134.30599975585938,0.03893420100212097,-3.2967000007629395,9056.97,5,99.8302,0.0,0.0622096,0.00440633,0.0,STRAIGHT,76.34829711914062,0.03779687214675648,153.52834,6,4.5,0.0,58.593746,-0.0060730255,0.3663142,0.0,5,False,-0.006073025520890951,0.36631420254707336,0.0,5,0,7.99271,17.507,27.6363,47.8893,83.8075,81.2152,79.7395,78.3881,77.3854,76.3483,75.2737,74.1578,72.5172,70.5089,66.2111,50.4846,30.0314,19.3286,8.97369
2026-08-04T12:43:33+0200,979,0,19.488,351.486,361.328,134.4340057373047,0.05670040100812912,-3.3219799995422363,9061.74,5,99.8299,0.0,0.0616221,0.00494075,0.0,STRAIGHT,75.46330261230469,0.03829671405950878,153.39539,6,4.5,0.0,58.775764,-0.005422878,0.36093232,0.0,5,False,-0.0054228780791163445,0.360932320356369,0.0,5,0,8.00203,17.5456,27.7249,48.1368,82.8728,80.2945,78.8282,77.4866,76.4917,75.4633,74.3982,73.2931,71.6699,69.6857,65.4534,50.2457,29.9411,19.2884,8.96398
2026-08-04T12:43:33+0200,980,0,19.51,352.308,362.15,134.5570068359375,0.06755340099334717,-3.3355400562286377,9067.29,5,99.8297,0.0,0.0609733,0.00540942,0.0,STRAIGHT,74.58589935302734,0.038738276684249805,153.26646,6,4.5,0.0,58.95199,-0.0047214413,0.35580075,0.0,5,False,-0.004721441306173801,0.3558007478713989,0.0,5,0,8.01136,17.5821,27.8069,48.3625,81.9434,79.3799,77.9236,76.592,75.6053,74.5859,73.5309,72.437,70.8318,68.8725,64.7074,50.0315,29.8586,19.2509,8.95435
2026-08-04T12:43:34+0200,981,0,19.532,353.131,362.973,134.6750030517578,0.06961940228939056,-3.3403799533843994,9072.67,5,99.8294,0.0,0.0602755,0.00582951,0.0,STRAIGHT,73.71420288085938,0.039138087922264954,153.14069,6,4.5,0.0,59.12327,-0.0040080235,0.35088626,0.0,5,False,-0.004008023533970118,0.3508862555027008,0.0,5,0,8.02072,17.617,27.8842,48.5724,81.0176,78.4696,77.0237,75.7026,74.7243,73.7142,72.6696,71.5871,70.0004,68.0665,63.9699,49.8354,29.7816,19.2152,8.94474
2026-08-04T12:43:34+0200,982,0,19.554,353.954,363.796,134.78900146484375,0.07093749940395355,-3.3423500061035156,9078.0,5,99.8292,0.0,0.0595264,0.00619972,0.0,STRAIGHT,72.84819793701172,0.03949477758693589,153.01796,6,4.5,0.0,59.29007,-0.0033086636,0.3461283,0.0,5,False,-0.003308663610368967,0.34612831473350525,0.0,5,0,8.03012,17.6504,27.9565,48.7656,80.0956,77.5638,76.1285,74.8184,73.8487,72.8482,71.8142,70.7436,69.1757,67.2678,63.2405,49.6574,29.7102,19.1814,8.93516
2026-08-04T12:43:34+0200,983,0,19.576,354.778,364.62,134.8979949951172,0.06951139867305756,-3.3593499660491943,9083.43,5,99.8289,0.0,0.0587263,0.00649601,0.0,STRAIGHT,71.9905014038086,0.039784086517401014,152.89963,6,4.5,0.0,59.4507,-0.0026523792,0.34157598,0.0,5,False,-0.0026523792184889317,0.3415759801864624,0.0,5,0,8.03936,17.681,28.0206,48.9316,79.1796,76.6646,75.2406,73.9417,72.9811,71.9905,70.9674,69.909,68.3606,66.4794,62.5227,49.5062,29.6477,19.1507,8.9258
2026-08-04T12:43:34+0200,984,0,19.598,355.603,365.445,135.0030059814453,0.06278669834136963,-3.3767099380493164,9089.26,5,99.8287,0.0,0.0578824,0.00674284,0.0,GENTLE_LEFT,71.13809967041016,0.04002959608998718,116.83503,5,5.5,0.55,59.606903,0.033887275,0.0,0.091549315,5,False,0.03388727456331253,0.0,0.09154931455850601,5,0,8.04859,17.7098,28.0794,49.0797,78.2672,75.7698,74.3572,73.0699,72.1185,71.1381,70.1263,69.0802,67.5517,65.6975,61.8119,49.3726,29.5908,19.122,8.91651
2026-08-04T12:43:34+0200,985,0,19.62,356.427,366.269,134.7310028076172,0.13885200023651123,-3.3914198875427246,8924.98,5,99.8286,0.0,0.0571045,0.00593555,0.0,STRAIGHT,70.40599822998047,0.03918339448352432,152.76129,6,4.5,0.0,59.50867,0.02134492,0.33460757,0.011549316,5,False,0.021344920620322227,0.3346075713634491,0.011549316346645355,5,0,8.04865,17.682,27.9926,48.7806,77.4516,74.9793,73.5828,72.3114,71.3726,70.406,69.4092,68.3798,66.8777,65.0596,61.2684,49.6454,29.6781,19.1519,8.91706
2026-08-04T12:43:34+0200,986,0,19.642,357.25,367.092,134.60299682617188,0.0320436991751194,-3.426419973373413,9060.57,5,99.8283,0.0,0.0564636,0.00428003,0.0,STRAIGHT,69.76840209960938,0.03750773066376826,152.76286,6,4.5,0.0,59.450626,0.0124012865,0.34019953,0.0,5,False,0.012401286512613297,0.3401995301246643,0.0,5,0,8.04066,17.6078,27.7888,48.1314,76.7138,74.2721,72.895,71.6426,70.7187,69.7684,68.7894,67.7795,66.3083,64.5321,60.8492,50.1793,29.8863,19.231,8.92627
2026-08-04T12:43:34+0200,987,0,19.664,358.073,367.915,134.68899536132812,-0.07886970043182373,-3.455120086669922,9072.37,5,99.8281,0.0,0.05591,0.00282359,0.0,STRAIGHT,69.10430145263672,0.036180460587594936,152.72554,6,4.5,0.0,59.5241,0.005894685,0.33959672,0.0,5,False,0.005894685164093971,0.3395967185497284,0.0,5,0,8.03359,17.5429,27.6118,47.5747,75.9554,73.5426,72.1837,70.9492,70.0394,69.1043,68.142,67.1504,65.7079,63.9704,60.3861,50.4175,30.0725,19.3015,8.9345
2026-08-04T12:43:34+0200,988,0,19.686,358.896,368.739,134.79299926757812,-0.13965800404548645,-3.4668900966644287,9077.17,5,99.8278,0.0,0.055462,0.00183797,0.0,STRAIGHT,68.38590240478516,0.03537527965986773,152.66022,6,4.5,0.0,59.632206,0.0012017041,0.33742094,0.0,5,False,0.0012017041444778442,0.3374209403991699,0.0,5,0,8.02944,17.5006,27.4957,47.2092,75.153,72.7658,71.4232,70.2046,69.3073,68.3859,67.4385,66.4631,65.0461,63.3428,59.8442,50.3946,30.1979,19.3482,8.93948
2026-08-04T12:43:34+0200,989,0,19.708,359.72,369.563,134.89599609375,-0.15698400139808655,-3.46983003616333,9081.38,5,99.8276,0.0,0.0551074,0.00132555,0.0,STRAIGHT,67.61519622802734,0.03504859153429508,152.57083,6,4.5,0.0,59.762894,-0.0020812145,0.33445883,0.0,5,False,-0.00208121445029974,0.3344588279724121,0.0,5,0,8.02833,17.481,27.4392,47.0402,74.3076,71.9431,70.6149,69.4105,68.5244,67.6152,66.681,65.72,64.3257,62.6527,59.229,50.1845,30.26,19.3704,8.94104
2026-08-04T12:43:34+0200,990,0,19.73,360.545,370.387,134.9949951171875,-0.1418360024690628,-3.466219902038574,9085.84,5,99.8273,0.0,0.0547648,0.0011946,0.0,STRAIGHT,66.80249786376953,0.03524613234724569,152.4579,6,4.5,0.0,59.914364,-0.004257205,0.32994208,0.0,5,False,-0.004257204942405224,0.32994207739830017,0.0,5,0,8.03018,17.4807,27.4322,47.2721,73.4273,71.0832,69.7681,68.5766,67.7007,66.8025,65.8803,64.9326,63.5588,61.9131,58.5565,49.8457,30.2687,19.3714,8.9393
2026-08-04T12:43:34+0200,991,0,19.752,361.37,371.213,135.09100341796875,-0.11100400239229202,-3.466219902038574,9090.29,5,99.8271,0.0,0.0544749,0.00132883,0.0,GENTLE_LEFT,65.96219635009766,0.052408908720187046,116.02947,5,5.5,0.55,60.650288,0.029731587,0.0,0.095910855,5,False,0.029731586575508118,0.0,0.09591085463762283,5,0,8.03373,17.4929,27.458,76.7688,72.5235,70.1986,68.8958,67.7165,66.8501,65.9622,65.0514,64.116,62.7616,61.1414,57.847,49.4262,30.2414,19.3586,8.93565
2026-08-04T12:43:34+0200,992,0,19.774,362.195,372.038,134.80799865722656,0.002908590016886592,-3.4818899631500244,8928.96,5,99.827,0.0,0.0542807,0.000650287,0.0,GENTLE_LEFT,65.2061996459961,0.051784252771141445,116.000435,5,5.5,0.55,60.55936,0.051463142,0.0,0.095425546,5,False,0.05146314203739166,0.0,0.095425546169281,5,0,8.02992,17.4619,27.3757,75.9011,71.69,69.3888,68.1011,66.9364,66.0815,65.2062,64.3088,63.3881,62.0564,60.4663,57.2445,49.1502,30.3321,19.3931,8.94006
2026-08-04T12:43:34+0200,993,0,19.796,363.018,372.86,134.31900024414062,0.011983999982476234,-3.5001800060272217,8894.48,5,99.8269,0.0,0.0543411,-0.00171447,0.0,GENTLE_LEFT,64.62159729003906,0.05018602352223783,116.0281,5,5.5,0.55,60.30539,0.064208955,0.0,0.09418118,5,False,0.06420895457267761,0.0,0.09418118000030518,5,0,8.01046,17.3415,27.0719,75.1633,71.0018,68.7334,67.4658,66.3206,65.4807,64.6216,63.7418,62.84,61.5376,59.986,56.8558,49.1544,30.6741,19.5281,8.96176
2026-08-04T12:43:34+0200,994,0,19.818,363.837,373.679,133.82899475097656,-0.10042999684810638,-3.506500005722046,8861.14,5,99.8268,0.0,0.0547696,-0.00579596,0.0,GENTLE_LEFT,64.20339965820312,0.0476525899825107,116.093704,5,5.5,0.55,60.004345,0.07003891,0.0,0.09274166,5,False,0.07003890722990036,0.0,0.09274166077375412,5,0,7.97446,17.1319,26.5542,74.5546,70.4571,68.2291,66.9862,65.8647,65.0431,64.2034,63.3446,62.4653,61.1975,59.6907,56.6663,49.3882,31.2928,19.7718,9.00234
2026-08-04T12:43:34+0200,995,0,19.84,364.653,374.495,133.343994140625,-0.3083780109882355,-3.5305099487304688,8826.49,5,99.8267,0.0,0.0556691,-0.0112234,0.0,STRAIGHT,63.90599822998047,0.025631603158051817,152.6131,6,4.5,0.0,59.035526,0.03630956,0.34786502,0.012741663,5,False,0.036309558898210526,0.3478650152683258,0.012741662561893463,5,0,7.92447,16.8551,25.8867,42.7005,70.0191,67.8366,66.6213,65.5259,64.7244,63.906,63.07,62.2152,60.9846,59.5257,56.6127,49.7463,32.1653,20.1121,9.0599
2026-08-04T12:43:34+0200,996,0,19.862,365.467,375.31,133.25100708007812,-0.6083089709281921,-3.536370038986206,8977.2,5,99.8265,0.0,0.057011,-0.0162231,0.0,STRAIGHT,63.555198669433594,0.021784002030262452,152.7046,6,4.5,0.0,58.908295,0.011790816,0.3585041,0.0,5,False,0.011790815740823746,0.3585040867328644,0.0,5,0,7.87481,16.5988,25.2866,41.013,69.5396,67.399,66.2088,65.1374,64.3541,63.5552,62.7398,61.9072,60.7102,59.2942,56.4794,49.9511,33.0288,20.446,9.11815
2026-08-04T12:43:34+0200,997,0,19.884,366.282,376.124,133.35299682617188,-0.7417619824409485,-3.530550003051758,8989.67,5,99.8262,0.0,0.0587006,-0.0192982,0.0,STRAIGHT,63.015899658203125,0.0195205198219794,152.69353,6,4.5,0.0,58.9638,-0.0057951845,0.36174497,0.0,5,False,-0.005795184522867203,0.3617449700832367,0.0,5,0,7.83741,16.4298,24.9078,40.0553,68.9005,66.7921,65.6213,64.5686,63.7997,63.0159,62.2166,61.4013,60.2307,58.848,56.1088,49.828,33.61,20.6736,9.16187
2026-08-04T12:43:34+0200,998,0,19.906,367.097,376.939,133.4770050048828,-0.7179099917411804,-3.5206499099731445,8994.97,5,99.826,0.0,0.0606748,-0.0204805,0.0,STRAIGHT,62.30080032348633,0.018668852071665836,152.6064,6,4.5,0.0,59.100727,-0.017943792,0.3589904,0.0,5,False,-0.017943792045116425,0.3589904010295868,0.0,5,0,7.81209,16.3426,24.73,39.648,68.1101,66.0256,64.8695,63.831,63.0729,62.3008,61.514,60.7119,59.5616,58.2047,55.5235,49.4266,33.8808,20.7883,9.19026
2026-08-04T12:43:34+0200,999,0,19.928,367.913,377.755,133.6009979248047,-0.5916450023651123,-3.511549949645996,8999.55,5,99.8257,0.0,0.0628014,-0.0201649,0.0,STRAIGHT,61.45130157470703,0.019034608549129264,152.45847,6,4.5,0.0,59.295135,-0.025816808,0.3510019,0.0,5,False,-0.02581680752336979,0.35100188851356506,0.0,5,0,7.79677,16.3196,24.7073,39.8328,67.2025,65.1361,63.9913,62.9638,62.2143,61.4513,60.6743,59.8828,58.7486,57.4123,54.7774,48.8241,33.8928,20.8095,9.20566
